Date,Time,DateTime,Casino,Wallet Address,Amount,Token,USD Value
2026-02-15,10:53:47,2026-02-15T10:53:47.000Z,Rollbit,0xcbd6832ebc203e49e2b771897067fce3c58575ac,0.013352,ETH,37.39
2026-02-15,10:53:47,2026-02-15T10:53:47.000Z,Rainbet,0x307576dd4f73f91bb8c4a2edb762938e8e067d31,0.060621,ETH,169.74
2026-02-15,10:53:47,2026-02-15T10:53:47.000Z,Rainbet,0x307576dd4f73f91bb8c4a2edb762938e8e067d31,0.330918,ETH,926.57
2026-02-15,10:53:47,2026-02-15T10:53:47.000Z,Rainbet,0x307576dd4f73f91bb8c4a2edb762938e8e067d31,0.038806,ETH,108.66
2026-02-15,10:53:47,2026-02-15T10:53:47.000Z,Rainbet,0x307576dd4f73f91bb8c4a2edb762938e8e067d31,0.009849,ETH,27.58
2026-02-15,10:53:47,2026-02-15T10:53:47.000Z,Rainbet,0x307576dd4f73f91bb8c4a2edb762938e8e067d31,0.019502,ETH,54.61
2026-02-15,10:53:47,2026-02-15T10:53:47.000Z,Rainbet,0x307576dd4f73f91bb8c4a2edb762938e8e067d31,0.009989,ETH,27.97
2026-02-15,10:53:47,2026-02-15T10:53:47.000Z,Rainbet,0x307576dd4f73f91bb8c4a2edb762938e8e067d31,0.009996,ETH,27.99
2026-02-15,10:53:59,2026-02-15T10:53:59.000Z,Rainbet,0x307576dd4f73f91bb8c4a2edb762938e8e067d31,0.727459,ETH,2036.89
2026-02-15,10:54:11,2026-02-15T10:54:11.000Z,Rollbit,0xcbd6832ebc203e49e2b771897067fce3c58575ac,0.051779,ETH,144.98
2026-02-15,10:54:11,2026-02-15T10:54:11.000Z,Rainbet,0x307576dd4f73f91bb8c4a2edb762938e8e067d31,0.009994,ETH,27.98
2026-02-15,10:54:23,2026-02-15T10:54:23.000Z,Rainbet,0x307576dd4f73f91bb8c4a2edb762938e8e067d31,0.031035,ETH,86.90
2026-02-15,10:54:35,2026-02-15T10:54:35.000Z,Rainbet,0x307576dd4f73f91bb8c4a2edb762938e8e067d31,0.009276,ETH,25.97
2026-02-15,10:56:11,2026-02-15T10:56:11.000Z,Rainbet,0x307576dd4f73f91bb8c4a2edb762938e8e067d31,0.009996,ETH,27.99
2026-02-15,10:56:35,2026-02-15T10:56:35.000Z,Rollbit,0xcbd6832ebc203e49e2b771897067fce3c58575ac,0.042895,ETH,120.10
2026-02-15,10:56:59,2026-02-15T10:56:59.000Z,Rainbet,0x307576dd4f73f91bb8c4a2edb762938e8e067d31,0.485103,ETH,1358.29
2026-02-15,10:57:11,2026-02-15T10:57:11.000Z,Rainbet,0x307576dd4f73f91bb8c4a2edb762938e8e067d31,0.170038,ETH,476.11
2026-02-15,10:57:23,2026-02-15T10:57:23.000Z,Rainbet,0x307576dd4f73f91bb8c4a2edb762938e8e067d31,0.009999,ETH,28.00
2026-02-15,10:57:47,2026-02-15T10:57:47.000Z,Rainbet,0x307576dd4f73f91bb8c4a2edb762938e8e067d31,0.049216,ETH,137.80
2026-02-15,10:57:59,2026-02-15T10:57:59.000Z,Stake,0x974CaA59e49682CdA0AD2bbe82983419A2ECC400,0.025790,ETH,72.21
2026-02-15,10:57:59,2026-02-15T10:57:59.000Z,Stake,0x974CaA59e49682CdA0AD2bbe82983419A2ECC400,0.155406,ETH,435.14
2026-02-15,10:57:59,2026-02-15T10:57:59.000Z,Stake,0x974CaA59e49682CdA0AD2bbe82983419A2ECC400,0.005007,ETH,14.02
2026-02-15,10:57:59,2026-02-15T10:57:59.000Z,Stake,0x974CaA59e49682CdA0AD2bbe82983419A2ECC400,0.016957,ETH,47.48
2026-02-15,10:58:11,2026-02-15T10:58:11.000Z,Rainbet,0x307576dd4f73f91bb8c4a2edb762938e8e067d31,0.009994,ETH,27.98
2026-02-15,10:58:23,2026-02-15T10:58:23.000Z,Stake,0x974CaA59e49682CdA0AD2bbe82983419A2ECC400,0.163336,ETH,457.34
2026-02-15,10:58:23,2026-02-15T10:58:23.000Z,Stake,0x974CaA59e49682CdA0AD2bbe82983419A2ECC400,0.034375,ETH,96.25
2026-02-15,10:58:23,2026-02-15T10:58:23.000Z,Rainbet,0x307576dd4f73f91bb8c4a2edb762938e8e067d31,0.012905,ETH,36.13
2026-02-15,10:58:47,2026-02-15T10:58:47.000Z,Rollbit,0xcbd6832ebc203e49e2b771897067fce3c58575ac,0.049999,ETH,140.00
2026-02-15,10:58:47,2026-02-15T10:58:47.000Z,Rainbet,0x307576dd4f73f91bb8c4a2edb762938e8e067d31,0.291181,ETH,815.31
2026-02-15,10:58:47,2026-02-15T10:58:47.000Z,Rainbet,0x307576dd4f73f91bb8c4a2edb762938e8e067d31,0.020133,ETH,56.37
2026-02-15,10:58:47,2026-02-15T10:58:47.000Z,Rainbet,0x307576dd4f73f91bb8c4a2edb762938e8e067d31,0.031640,ETH,88.59
2026-02-15,10:59:11,2026-02-15T10:59:11.000Z,Stake,0x974CaA59e49682CdA0AD2bbe82983419A2ECC400,0.223701,ETH,626.36
2026-02-15,10:59:23,2026-02-15T10:59:23.000Z,Rainbet,0x307576dd4f73f91bb8c4a2edb762938e8e067d31,0.090564,ETH,253.58
2026-02-15,10:59:35,2026-02-15T10:59:35.000Z,Rainbet,0x307576dd4f73f91bb8c4a2edb762938e8e067d31,0.016900,ETH,47.32
2026-02-15,10:59:47,2026-02-15T10:59:47.000Z,Rollbit,0xcbd6832ebc203e49e2b771897067fce3c58575ac,0.052531,ETH,147.09
2026-02-15,10:59:59,2026-02-15T10:59:59.000Z,Rollbit,0xcbd6832ebc203e49e2b771897067fce3c58575ac,0.046069,ETH,128.99
2026-02-15,11:00:11,2026-02-15T11:00:11.000Z,Rainbet,0x307576dd4f73f91bb8c4a2edb762938e8e067d31,0.009993,ETH,27.98
2026-02-15,11:00:35,2026-02-15T11:00:35.000Z,Stake,0x974CaA59e49682CdA0AD2bbe82983419A2ECC400,0.000078,ETH,0.22
2026-02-15,11:00:35,2026-02-15T11:00:35.000Z,Stake,0x974CaA59e49682CdA0AD2bbe82983419A2ECC400,0.000078,ETH,0.22
2026-02-15,11:00:35,2026-02-15T11:00:35.000Z,Stake,0x974CaA59e49682CdA0AD2bbe82983419A2ECC400,0.000078,ETH,0.22
2026-02-15,11:00:35,2026-02-15T11:00:35.000Z,Rollbit,0xcbd6832ebc203e49e2b771897067fce3c58575ac,0.079999,ETH,224.00
2026-02-15,11:00:35,2026-02-15T11:00:35.000Z,Rainbet,0x307576dd4f73f91bb8c4a2edb762938e8e067d31,0.009996,ETH,27.99
2026-02-15,11:00:35,2026-02-15T11:00:35.000Z,Rainbet,0x307576dd4f73f91bb8c4a2edb762938e8e067d31,0.009719,ETH,27.21
2026-02-15,11:00:59,2026-02-15T11:00:59.000Z,Stake,0x974CaA59e49682CdA0AD2bbe82983419A2ECC400,0.000078,ETH,0.22
2026-02-15,11:00:59,2026-02-15T11:00:59.000Z,Stake,0x974CaA59e49682CdA0AD2bbe82983419A2ECC400,0.000085,ETH,0.24
2026-02-15,11:00:59,2026-02-15T11:00:59.000Z,Stake,0x974CaA59e49682CdA0AD2bbe82983419A2ECC400,0.000085,ETH,0.24
2026-02-15,11:00:59,2026-02-15T11:00:59.000Z,Stake,0x974CaA59e49682CdA0AD2bbe82983419A2ECC400,0.000085,ETH,0.24
2026-02-15,11:00:59,2026-02-15T11:00:59.000Z,Stake,0x974CaA59e49682CdA0AD2bbe82983419A2ECC400,0.000076,ETH,0.21
2026-02-15,11:00:59,2026-02-15T11:00:59.000Z,Stake,0x974CaA59e49682CdA0AD2bbe82983419A2ECC400,0.139539,ETH,390.71
2026-02-15,11:00:59,2026-02-15T11:00:59.000Z,Stake,0x974CaA59e49682CdA0AD2bbe82983419A2ECC400,0.000085,ETH,0.24
2026-02-15,11:00:59,2026-02-15T11:00:59.000Z,Stake,0x974CaA59e49682CdA0AD2bbe82983419A2ECC400,0.000085,ETH,0.24
2026-02-15,11:00:59,2026-02-15T11:00:59.000Z,Stake,0x974CaA59e49682CdA0AD2bbe82983419A2ECC400,0.000076,ETH,0.21
2026-02-15,11:00:59,2026-02-15T11:00:59.000Z,Stake,0x974CaA59e49682CdA0AD2bbe82983419A2ECC400,0.000085,ETH,0.24
2026-02-15,11:00:59,2026-02-15T11:00:59.000Z,Stake,0x974CaA59e49682CdA0AD2bbe82983419A2ECC400,0.000085,ETH,0.24
2026-02-15,11:00:59,2026-02-15T11:00:59.000Z,Stake,0x974CaA59e49682CdA0AD2bbe82983419A2ECC400,0.000085,ETH,0.24
2026-02-15,11:00:59,2026-02-15T11:00:59.000Z,Stake,0x974CaA59e49682CdA0AD2bbe82983419A2ECC400,0.000085,ETH,0.24
2026-02-15,11:00:59,2026-02-15T11:00:59.000Z,Stake,0x974CaA59e49682CdA0AD2bbe82983419A2ECC400,0.000085,ETH,0.24
2026-02-15,11:00:59,2026-02-15T11:00:59.000Z,Stake,0x974CaA59e49682CdA0AD2bbe82983419A2ECC400,0.000076,ETH,0.21
2026-02-15,11:00:59,2026-02-15T11:00:59.000Z,Stake,0x974CaA59e49682CdA0AD2bbe82983419A2ECC400,0.000085,ETH,0.24
2026-02-15,11:00:59,2026-02-15T11:00:59.000Z,Stake,0x974CaA59e49682CdA0AD2bbe82983419A2ECC400,0.000085,ETH,0.24
2026-02-15,11:00:59,2026-02-15T11:00:59.000Z,Stake,0x974CaA59e49682CdA0AD2bbe82983419A2ECC400,0.000085,ETH,0.24
2026-02-15,11:00:59,2026-02-15T11:00:59.000Z,Stake,0x974CaA59e49682CdA0AD2bbe82983419A2ECC400,0.000085,ETH,0.24
2026-02-15,11:00:59,2026-02-15T11:00:59.000Z,Stake,0x974CaA59e49682CdA0AD2bbe82983419A2ECC400,0.000085,ETH,0.24
2026-02-15,11:00:59,2026-02-15T11:00:59.000Z,Stake,0x974CaA59e49682CdA0AD2bbe82983419A2ECC400,0.000085,ETH,0.24
2026-02-15,11:00:59,2026-02-15T11:00:59.000Z,Rainbet,0x307576dd4f73f91bb8c4a2edb762938e8e067d31,0.018271,ETH,51.16
2026-02-15,11:01:11,2026-02-15T11:01:11.000Z,Stake,0x974CaA59e49682CdA0AD2bbe82983419A2ECC400,0.042373,ETH,118.64
2026-02-15,11:01:59,2026-02-15T11:01:59.000Z,Stake,0x974CaA59e49682CdA0AD2bbe82983419A2ECC400,0.033806,ETH,94.66
2026-02-15,11:01:59,2026-02-15T11:01:59.000Z,Stake,0x974CaA59e49682CdA0AD2bbe82983419A2ECC400,0.004415,ETH,12.36
2026-02-15,11:01:59,2026-02-15T11:01:59.000Z,Stake,0x974CaA59e49682CdA0AD2bbe82983419A2ECC400,0.024096,ETH,67.47
2026-02-15,11:01:59,2026-02-15T11:01:59.000Z,Stake,0x974CaA59e49682CdA0AD2bbe82983419A2ECC400,0.045762,ETH,128.13
2026-02-15,11:02:35,2026-02-15T11:02:35.000Z,Stake,0x974CaA59e49682CdA0AD2bbe82983419A2ECC400,0.041412,ETH,115.95
2026-02-15,11:02:35,2026-02-15T11:02:35.000Z,Stake,0x974CaA59e49682CdA0AD2bbe82983419A2ECC400,0.000089,ETH,0.25
2026-02-15,11:02:35,2026-02-15T11:02:35.000Z,Stake,0x974CaA59e49682CdA0AD2bbe82983419A2ECC400,0.017178,ETH,48.10
2026-02-15,11:02:35,2026-02-15T11:02:35.000Z,Stake,0x974CaA59e49682CdA0AD2bbe82983419A2ECC400,0.000089,ETH,0.25
2026-02-15,11:02:35,2026-02-15T11:02:35.000Z,Stake,0x974CaA59e49682CdA0AD2bbe82983419A2ECC400,0.000089,ETH,0.25
2026-02-15,11:02:35,2026-02-15T11:02:35.000Z,Stake,0x974CaA59e49682CdA0AD2bbe82983419A2ECC400,0.000089,ETH,0.25
2026-02-15,11:02:35,2026-02-15T11:02:35.000Z,Stake,0x974CaA59e49682CdA0AD2bbe82983419A2ECC400,0.000089,ETH,0.25
2026-02-15,11:02:35,2026-02-15T11:02:35.000Z,Stake,0x974CaA59e49682CdA0AD2bbe82983419A2ECC400,0.000089,ETH,0.25
2026-02-15,11:02:35,2026-02-15T11:02:35.000Z,Stake,0x974CaA59e49682CdA0AD2bbe82983419A2ECC400,0.000089,ETH,0.25
2026-02-15,11:02:35,2026-02-15T11:02:35.000Z,Stake,0x974CaA59e49682CdA0AD2bbe82983419A2ECC400,0.000089,ETH,0.25
2026-02-15,11:02:35,2026-02-15T11:02:35.000Z,Stake,0x974CaA59e49682CdA0AD2bbe82983419A2ECC400,0.000089,ETH,0.25
2026-02-15,11:02:35,2026-02-15T11:02:35.000Z,Stake,0x974CaA59e49682CdA0AD2bbe82983419A2ECC400,0.000104,ETH,0.29
2026-02-15,11:02:35,2026-02-15T11:02:35.000Z,Stake,0x974CaA59e49682CdA0AD2bbe82983419A2ECC400,0.000089,ETH,0.25
2026-02-15,11:02:35,2026-02-15T11:02:35.000Z,Stake,0x974CaA59e49682CdA0AD2bbe82983419A2ECC400,0.000104,ETH,0.29
2026-02-15,11:02:35,2026-02-15T11:02:35.000Z,Stake,0x974CaA59e49682CdA0AD2bbe82983419A2ECC400,0.000104,ETH,0.29
2026-02-15,11:02:35,2026-02-15T11:02:35.000Z,Stake,0x974CaA59e49682CdA0AD2bbe82983419A2ECC400,0.143237,ETH,401.06
2026-02-15,11:02:47,2026-02-15T11:02:47.000Z,Rainbet,0x307576dd4f73f91bb8c4a2edb762938e8e067d31,0.164939,ETH,461.83
2026-02-15,11:02:47,2026-02-15T11:02:47.000Z,Rainbet,0x307576dd4f73f91bb8c4a2edb762938e8e067d31,0.022984,ETH,64.35
2026-02-15,11:02:59,2026-02-15T11:02:59.000Z,Roobet,0xc94ebb328ac25b95db0e0aa968371885fa516215,23.206377,ETH,64977.86
2026-02-15,11:02:59,2026-02-15T11:02:59.000Z,Rainbet,0x307576dd4f73f91bb8c4a2edb762938e8e067d31,0.387867,ETH,1086.03
2026-02-15,11:03:23,2026-02-15T11:03:23.000Z,Stake,0x974CaA59e49682CdA0AD2bbe82983419A2ECC400,0.021486,ETH,60.16
2026-02-15,11:03:23,2026-02-15T11:03:23.000Z,Stake,0x974CaA59e49682CdA0AD2bbe82983419A2ECC400,0.307176,ETH,860.09
2026-02-15,11:03:23,2026-02-15T11:03:23.000Z,Stake,0x974CaA59e49682CdA0AD2bbe82983419A2ECC400,0.000108,ETH,0.30
2026-02-15,11:03:47,2026-02-15T11:03:47.000Z,Rainbet,0x307576dd4f73f91bb8c4a2edb762938e8e067d31,0.078089,ETH,218.65
2026-02-15,11:04:35,2026-02-15T11:04:35.000Z,Stake,0x974CaA59e49682CdA0AD2bbe82983419A2ECC400,0.171712,ETH,480.79
2026-02-15,11:04:35,2026-02-15T11:04:35.000Z,Rollbit,0xcbd6832ebc203e49e2b771897067fce3c58575ac,0.048028,ETH,134.48
2026-02-15,11:04:35,2026-02-15T11:04:35.000Z,Rollbit,0xcbd6832ebc203e49e2b771897067fce3c58575ac,0.015701,ETH,43.96
2026-02-15,11:04:47,2026-02-15T11:04:47.000Z,Rollbit,0xcbd6832ebc203e49e2b771897067fce3c58575ac,0.040766,ETH,114.15
2026-02-15,11:05:11,2026-02-15T11:05:11.000Z,Rollbit,0xcbd6832ebc203e49e2b771897067fce3c58575ac,0.019234,ETH,53.85
2026-02-15,11:05:23,2026-02-15T11:05:23.000Z,Stake,0x974CaA59e49682CdA0AD2bbe82983419A2ECC400,1.098831,ETH,3076.73
2026-02-15,11:05:23,2026-02-15T11:05:23.000Z,Stake,0x974CaA59e49682CdA0AD2bbe82983419A2ECC400,0.000086,ETH,0.24
2026-02-15,11:05:23,2026-02-15T11:05:23.000Z,Stake,0x974CaA59e49682CdA0AD2bbe82983419A2ECC400,0.000086,ETH,0.24
2026-02-15,11:05:23,2026-02-15T11:05:23.000Z,Stake,0x974CaA59e49682CdA0AD2bbe82983419A2ECC400,0.000086,ETH,0.24
2026-02-15,11:05:35,2026-02-15T11:05:35.000Z,Stake,0x974CaA59e49682CdA0AD2bbe82983419A2ECC400,0.000097,ETH,0.27
2026-02-15,11:05:35,2026-02-15T11:05:35.000Z,Stake,0x974CaA59e49682CdA0AD2bbe82983419A2ECC400,0.000097,ETH,0.27
2026-02-15,11:05:35,2026-02-15T11:05:35.000Z,Stake,0x974CaA59e49682CdA0AD2bbe82983419A2ECC400,0.000097,ETH,0.27
2026-02-15,11:05:35,2026-02-15T11:05:35.000Z,Stake,0x974CaA59e49682CdA0AD2bbe82983419A2ECC400,0.000097,ETH,0.27
2026-02-15,11:05:35,2026-02-15T11:05:35.000Z,Stake,0x974CaA59e49682CdA0AD2bbe82983419A2ECC400,0.960108,ETH,2688.30
2026-02-15,11:05:35,2026-02-15T11:05:35.000Z,Stake,0x974CaA59e49682CdA0AD2bbe82983419A2ECC400,0.000097,ETH,0.27
2026-02-15,11:05:35,2026-02-15T11:05:35.000Z,Stake,0x974CaA59e49682CdA0AD2bbe82983419A2ECC400,0.087509,ETH,245.03
2026-02-15,11:05:35,2026-02-15T11:05:35.000Z,Stake,0x974CaA59e49682CdA0AD2bbe82983419A2ECC400,0.008097,ETH,22.67
2026-02-15,11:06:59,2026-02-15T11:06:59.000Z,Rollbit,0xcbd6832ebc203e49e2b771897067fce3c58575ac,0.097025,ETH,271.67
2026-02-15,11:07:35,2026-02-15T11:07:35.000Z,Rollbit,0xcbd6832ebc203e49e2b771897067fce3c58575ac,0.000163,ETH,0.46
2026-02-15,11:08:35,2026-02-15T11:08:35.000Z,Stake,0x974CaA59e49682CdA0AD2bbe82983419A2ECC400,0.315533,ETH,883.49
2026-02-15,11:08:35,2026-02-15T11:08:35.000Z,Stake,0x974CaA59e49682CdA0AD2bbe82983419A2ECC400,0.247020,ETH,691.66
2026-02-15,11:09:11,2026-02-15T11:09:11.000Z,Stake,0x974CaA59e49682CdA0AD2bbe82983419A2ECC400,0.000094,ETH,0.26
2026-02-15,11:09:11,2026-02-15T11:09:11.000Z,Stake,0x974CaA59e49682CdA0AD2bbe82983419A2ECC400,0.508120,ETH,1422.74
2026-02-15,11:09:11,2026-02-15T11:09:11.000Z,Stake,0x974CaA59e49682CdA0AD2bbe82983419A2ECC400,0.000094,ETH,0.26
2026-02-15,11:09:11,2026-02-15T11:09:11.000Z,Stake,0x974CaA59e49682CdA0AD2bbe82983419A2ECC400,0.000084,ETH,0.24
2026-02-15,11:09:11,2026-02-15T11:09:11.000Z,Stake,0x974CaA59e49682CdA0AD2bbe82983419A2ECC400,0.000094,ETH,0.26
2026-02-15,11:09:11,2026-02-15T11:09:11.000Z,Stake,0x974CaA59e49682CdA0AD2bbe82983419A2ECC400,0.003499,ETH,9.80
2026-02-15,11:09:11,2026-02-15T11:09:11.000Z,Stake,0x974CaA59e49682CdA0AD2bbe82983419A2ECC400,0.000096,ETH,0.27
2026-02-15,11:09:11,2026-02-15T11:09:11.000Z,Stake,0x974CaA59e49682CdA0AD2bbe82983419A2ECC400,0.000084,ETH,0.24
2026-02-15,11:09:11,2026-02-15T11:09:11.000Z,Stake,0x974CaA59e49682CdA0AD2bbe82983419A2ECC400,0.000084,ETH,0.24
2026-02-15,11:09:11,2026-02-15T11:09:11.000Z,Stake,0x974CaA59e49682CdA0AD2bbe82983419A2ECC400,0.000084,ETH,0.24
2026-02-15,11:09:11,2026-02-15T11:09:11.000Z,Stake,0x974CaA59e49682CdA0AD2bbe82983419A2ECC400,0.000084,ETH,0.24
2026-02-15,11:09:11,2026-02-15T11:09:11.000Z,Stake,0x974CaA59e49682CdA0AD2bbe82983419A2ECC400,0.000084,ETH,0.24
2026-02-15,11:10:11,2026-02-15T11:10:11.000Z,Rollbit,0xcbd6832ebc203e49e2b771897067fce3c58575ac,0.000162,ETH,0.45
2026-02-15,11:10:23,2026-02-15T11:10:23.000Z,Stake,0x974CaA59e49682CdA0AD2bbe82983419A2ECC400,0.011149,ETH,31.22
2026-02-15,11:10:23,2026-02-15T11:10:23.000Z,Stake,0x974CaA59e49682CdA0AD2bbe82983419A2ECC400,0.052338,ETH,146.55
2026-02-15,11:10:23,2026-02-15T11:10:23.000Z,Stake,0x974CaA59e49682CdA0AD2bbe82983419A2ECC400,0.032902,ETH,92.12
2026-02-15,11:10:23,2026-02-15T11:10:23.000Z,Stake,0x974CaA59e49682CdA0AD2bbe82983419A2ECC400,0.000096,ETH,0.27
2026-02-15,11:10:23,2026-02-15T11:10:23.000Z,Stake,0x974CaA59e49682CdA0AD2bbe82983419A2ECC400,0.153673,ETH,430.28
2026-02-15,11:10:23,2026-02-15T11:10:23.000Z,Stake,0x974CaA59e49682CdA0AD2bbe82983419A2ECC400,0.000096,ETH,0.27
2026-02-15,11:10:23,2026-02-15T11:10:23.000Z,Stake,0x974CaA59e49682CdA0AD2bbe82983419A2ECC400,0.009777,ETH,27.38
2026-02-15,11:10:23,2026-02-15T11:10:23.000Z,Stake,0x974CaA59e49682CdA0AD2bbe82983419A2ECC400,0.074192,ETH,207.74
2026-02-15,11:10:23,2026-02-15T11:10:23.000Z,Stake,0x974CaA59e49682CdA0AD2bbe82983419A2ECC400,0.024087,ETH,67.44
2026-02-15,11:11:23,2026-02-15T11:11:23.000Z,Stake,0x974CaA59e49682CdA0AD2bbe82983419A2ECC400,0.108658,ETH,304.24
2026-02-15,11:11:23,2026-02-15T11:11:23.000Z,Rollbit,0xcbd6832ebc203e49e2b771897067fce3c58575ac,0.006766,ETH,18.95
2026-02-15,11:11:47,2026-02-15T11:11:47.000Z,Stake,0x974CaA59e49682CdA0AD2bbe82983419A2ECC400,0.000091,ETH,0.26
2026-02-15,11:11:47,2026-02-15T11:11:47.000Z,Stake,0x974CaA59e49682CdA0AD2bbe82983419A2ECC400,0.000096,ETH,0.27
2026-02-15,11:11:47,2026-02-15T11:11:47.000Z,Stake,0x974CaA59e49682CdA0AD2bbe82983419A2ECC400,1.334943,ETH,3737.84
2026-02-15,11:11:47,2026-02-15T11:11:47.000Z,Stake,0x974CaA59e49682CdA0AD2bbe82983419A2ECC400,0.000088,ETH,0.25
2026-02-15,11:11:47,2026-02-15T11:11:47.000Z,Stake,0x974CaA59e49682CdA0AD2bbe82983419A2ECC400,0.000088,ETH,0.25
2026-02-15,11:11:47,2026-02-15T11:11:47.000Z,Stake,0x974CaA59e49682CdA0AD2bbe82983419A2ECC400,0.000088,ETH,0.25
2026-02-15,11:11:47,2026-02-15T11:11:47.000Z,Stake,0x974CaA59e49682CdA0AD2bbe82983419A2ECC400,0.114509,ETH,320.63
2026-02-15,11:11:47,2026-02-15T11:11:47.000Z,Stake,0x974CaA59e49682CdA0AD2bbe82983419A2ECC400,0.000088,ETH,0.25
2026-02-15,11:12:47,2026-02-15T11:12:47.000Z,Stake,0x974CaA59e49682CdA0AD2bbe82983419A2ECC400,0.000081,ETH,0.23
2026-02-15,11:12:47,2026-02-15T11:12:47.000Z,Stake,0x974CaA59e49682CdA0AD2bbe82983419A2ECC400,0.070666,ETH,197.87
2026-02-15,11:12:47,2026-02-15T11:12:47.000Z,Stake,0x974CaA59e49682CdA0AD2bbe82983419A2ECC400,0.032235,ETH,90.26
2026-02-15,11:12:47,2026-02-15T11:12:47.000Z,Stake,0x974CaA59e49682CdA0AD2bbe82983419A2ECC400,0.014481,ETH,40.55
2026-02-15,11:12:47,2026-02-15T11:12:47.000Z,Stake,0x974CaA59e49682CdA0AD2bbe82983419A2ECC400,0.000070,ETH,0.20
2026-02-15,11:12:47,2026-02-15T11:12:47.000Z,Stake,0x974CaA59e49682CdA0AD2bbe82983419A2ECC400,0.000078,ETH,0.22
2026-02-15,11:12:47,2026-02-15T11:12:47.000Z,Stake,0x974CaA59e49682CdA0AD2bbe82983419A2ECC400,0.000070,ETH,0.20
2026-02-15,11:12:47,2026-02-15T11:12:47.000Z,Stake,0x974CaA59e49682CdA0AD2bbe82983419A2ECC400,0.000096,ETH,0.27
2026-02-15,11:12:47,2026-02-15T11:12:47.000Z,Stake,0x974CaA59e49682CdA0AD2bbe82983419A2ECC400,0.033190,ETH,92.93
2026-02-15,11:12:47,2026-02-15T11:12:47.000Z,Stake,0x974CaA59e49682CdA0AD2bbe82983419A2ECC400,0.000081,ETH,0.23
2026-02-15,11:12:47,2026-02-15T11:12:47.000Z,Stake,0x974CaA59e49682CdA0AD2bbe82983419A2ECC400,0.000070,ETH,0.20
2026-02-15,11:12:47,2026-02-15T11:12:47.000Z,Stake,0x974CaA59e49682CdA0AD2bbe82983419A2ECC400,0.000070,ETH,0.20
2026-02-15,11:12:47,2026-02-15T11:12:47.000Z,Stake,0x974CaA59e49682CdA0AD2bbe82983419A2ECC400,0.090053,ETH,252.15
2026-02-15,11:12:47,2026-02-15T11:12:47.000Z,Stake,0x974CaA59e49682CdA0AD2bbe82983419A2ECC400,0.230535,ETH,645.50
2026-02-15,11:12:47,2026-02-15T11:12:47.000Z,Stake,0x974CaA59e49682CdA0AD2bbe82983419A2ECC400,0.000081,ETH,0.23
2026-02-15,11:12:47,2026-02-15T11:12:47.000Z,Stake,0x974CaA59e49682CdA0AD2bbe82983419A2ECC400,0.000081,ETH,0.23
2026-02-15,11:12:47,2026-02-15T11:12:47.000Z,Stake,0x974CaA59e49682CdA0AD2bbe82983419A2ECC400,0.000077,ETH,0.22
2026-02-15,11:12:47,2026-02-15T11:12:47.000Z,Stake,0x974CaA59e49682CdA0AD2bbe82983419A2ECC400,0.000081,ETH,0.23
2026-02-15,11:12:47,2026-02-15T11:12:47.000Z,Stake,0x974CaA59e49682CdA0AD2bbe82983419A2ECC400,0.000070,ETH,0.20
2026-02-15,11:12:47,2026-02-15T11:12:47.000Z,Stake,0x974CaA59e49682CdA0AD2bbe82983419A2ECC400,0.000069,ETH,0.19
2026-02-15,11:12:47,2026-02-15T11:12:47.000Z,Stake,0x974CaA59e49682CdA0AD2bbe82983419A2ECC400,0.000081,ETH,0.23
2026-02-15,11:12:47,2026-02-15T11:12:47.000Z,Stake,0x974CaA59e49682CdA0AD2bbe82983419A2ECC400,0.018201,ETH,50.96
2026-02-15,11:12:47,2026-02-15T11:12:47.000Z,Stake,0x974CaA59e49682CdA0AD2bbe82983419A2ECC400,0.000069,ETH,0.19
2026-02-15,11:12:47,2026-02-15T11:12:47.000Z,Stake,0x974CaA59e49682CdA0AD2bbe82983419A2ECC400,0.007247,ETH,20.29
2026-02-15,11:12:47,2026-02-15T11:12:47.000Z,Stake,0x974CaA59e49682CdA0AD2bbe82983419A2ECC400,0.000087,ETH,0.24
2026-02-15,11:12:47,2026-02-15T11:12:47.000Z,Stake,0x974CaA59e49682CdA0AD2bbe82983419A2ECC400,0.011450,ETH,32.06
2026-02-15,11:12:47,2026-02-15T11:12:47.000Z,Stake,0x974CaA59e49682CdA0AD2bbe82983419A2ECC400,0.061996,ETH,173.59
2026-02-15,11:12:47,2026-02-15T11:12:47.000Z,Stake,0x974CaA59e49682CdA0AD2bbe82983419A2ECC400,0.564263,ETH,1579.94
2026-02-15,11:12:47,2026-02-15T11:12:47.000Z,Stake,0x974CaA59e49682CdA0AD2bbe82983419A2ECC400,0.009654,ETH,27.03
2026-02-15,11:12:47,2026-02-15T11:12:47.000Z,Stake,0x974CaA59e49682CdA0AD2bbe82983419A2ECC400,0.000081,ETH,0.23
2026-02-15,11:12:47,2026-02-15T11:12:47.000Z,Stake,0x974CaA59e49682CdA0AD2bbe82983419A2ECC400,0.000087,ETH,0.24
2026-02-15,11:12:47,2026-02-15T11:12:47.000Z,Stake,0x974CaA59e49682CdA0AD2bbe82983419A2ECC400,0.000070,ETH,0.20
2026-02-15,11:12:47,2026-02-15T11:12:47.000Z,Stake,0x974CaA59e49682CdA0AD2bbe82983419A2ECC400,0.000081,ETH,0.23
2026-02-15,11:12:47,2026-02-15T11:12:47.000Z,Stake,0x974CaA59e49682CdA0AD2bbe82983419A2ECC400,0.002554,ETH,7.15
2026-02-15,11:12:47,2026-02-15T11:12:47.000Z,Stake,0x974CaA59e49682CdA0AD2bbe82983419A2ECC400,0.000174,ETH,0.49
2026-02-15,11:12:47,2026-02-15T11:12:47.000Z,Stake,0x974CaA59e49682CdA0AD2bbe82983419A2ECC400,0.000187,ETH,0.52
2026-02-15,11:12:47,2026-02-15T11:12:47.000Z,Stake,0x974CaA59e49682CdA0AD2bbe82983419A2ECC400,0.039635,ETH,110.98
2026-02-15,11:12:47,2026-02-15T11:12:47.000Z,Stake,0x974CaA59e49682CdA0AD2bbe82983419A2ECC400,0.054420,ETH,152.38
2026-02-15,11:12:47,2026-02-15T11:12:47.000Z,Stake,0x974CaA59e49682CdA0AD2bbe82983419A2ECC400,0.000070,ETH,0.20
2026-02-15,11:12:47,2026-02-15T11:12:47.000Z,Stake,0x974CaA59e49682CdA0AD2bbe82983419A2ECC400,0.000080,ETH,0.22
2026-02-15,11:12:47,2026-02-15T11:12:47.000Z,Stake,0x974CaA59e49682CdA0AD2bbe82983419A2ECC400,0.000081,ETH,0.23
2026-02-15,11:12:47,2026-02-15T11:12:47.000Z,Stake,0x974CaA59e49682CdA0AD2bbe82983419A2ECC400,0.118363,ETH,331.42
2026-02-15,11:12:47,2026-02-15T11:12:47.000Z,Stake,0x974CaA59e49682CdA0AD2bbe82983419A2ECC400,0.003778,ETH,10.58
2026-02-15,11:12:47,2026-02-15T11:12:47.000Z,Stake,0x974CaA59e49682CdA0AD2bbe82983419A2ECC400,0.019144,ETH,53.60
2026-02-15,11:12:47,2026-02-15T11:12:47.000Z,Stake,0x974CaA59e49682CdA0AD2bbe82983419A2ECC400,0.000081,ETH,0.23
2026-02-15,11:12:47,2026-02-15T11:12:47.000Z,Stake,0x974CaA59e49682CdA0AD2bbe82983419A2ECC400,0.000081,ETH,0.23
2026-02-15,11:12:47,2026-02-15T11:12:47.000Z,Stake,0x974CaA59e49682CdA0AD2bbe82983419A2ECC400,0.015448,ETH,43.26
2026-02-15,11:12:47,2026-02-15T11:12:47.000Z,Stake,0x974CaA59e49682CdA0AD2bbe82983419A2ECC400,0.000096,ETH,0.27
2026-02-15,11:12:47,2026-02-15T11:12:47.000Z,Stake,0x974CaA59e49682CdA0AD2bbe82983419A2ECC400,0.000070,ETH,0.20
2026-02-15,11:12:47,2026-02-15T11:12:47.000Z,Stake,0x974CaA59e49682CdA0AD2bbe82983419A2ECC400,0.000081,ETH,0.23
2026-02-15,11:12:47,2026-02-15T11:12:47.000Z,Stake,0x974CaA59e49682CdA0AD2bbe82983419A2ECC400,0.000081,ETH,0.23
2026-02-15,11:12:47,2026-02-15T11:12:47.000Z,Stake,0x974CaA59e49682CdA0AD2bbe82983419A2ECC400,0.000081,ETH,0.23
2026-02-15,11:12:47,2026-02-15T11:12:47.000Z,Stake,0x974CaA59e49682CdA0AD2bbe82983419A2ECC400,0.000087,ETH,0.24
2026-02-15,11:12:47,2026-02-15T11:12:47.000Z,Stake,0x974CaA59e49682CdA0AD2bbe82983419A2ECC400,0.000096,ETH,0.27
2026-02-15,11:12:47,2026-02-15T11:12:47.000Z,Stake,0x974CaA59e49682CdA0AD2bbe82983419A2ECC400,0.000078,ETH,0.22
2026-02-15,11:12:47,2026-02-15T11:12:47.000Z,Stake,0x974CaA59e49682CdA0AD2bbe82983419A2ECC400,0.003612,ETH,10.11
2026-02-15,11:12:47,2026-02-15T11:12:47.000Z,Stake,0x974CaA59e49682CdA0AD2bbe82983419A2ECC400,0.000069,ETH,0.19
2026-02-15,11:12:47,2026-02-15T11:12:47.000Z,Stake,0x974CaA59e49682CdA0AD2bbe82983419A2ECC400,0.019500,ETH,54.60
2026-02-15,11:12:47,2026-02-15T11:12:47.000Z,Stake,0x974CaA59e49682CdA0AD2bbe82983419A2ECC400,0.062123,ETH,173.94
2026-02-15,11:12:47,2026-02-15T11:12:47.000Z,Stake,0x974CaA59e49682CdA0AD2bbe82983419A2ECC400,0.000070,ETH,0.20
2026-02-15,11:12:47,2026-02-15T11:12:47.000Z,Stake,0x974CaA59e49682CdA0AD2bbe82983419A2ECC400,0.000070,ETH,0.20
2026-02-15,11:12:47,2026-02-15T11:12:47.000Z,Stake,0x974CaA59e49682CdA0AD2bbe82983419A2ECC400,0.000070,ETH,0.20
2026-02-15,11:12:47,2026-02-15T11:12:47.000Z,Stake,0x974CaA59e49682CdA0AD2bbe82983419A2ECC400,0.004779,ETH,13.38
2026-02-15,11:12:47,2026-02-15T11:12:47.000Z,Stake,0x974CaA59e49682CdA0AD2bbe82983419A2ECC400,0.000080,ETH,0.22
2026-02-15,11:12:47,2026-02-15T11:12:47.000Z,Stake,0x974CaA59e49682CdA0AD2bbe82983419A2ECC400,0.000080,ETH,0.22
2026-02-15,11:12:47,2026-02-15T11:12:47.000Z,Stake,0x974CaA59e49682CdA0AD2bbe82983419A2ECC400,0.001299,ETH,3.64
2026-02-15,11:12:47,2026-02-15T11:12:47.000Z,Stake,0x974CaA59e49682CdA0AD2bbe82983419A2ECC400,0.000070,ETH,0.20
2026-02-15,11:12:47,2026-02-15T11:12:47.000Z,Stake,0x974CaA59e49682CdA0AD2bbe82983419A2ECC400,0.000070,ETH,0.20
2026-02-15,11:12:47,2026-02-15T11:12:47.000Z,Stake,0x974CaA59e49682CdA0AD2bbe82983419A2ECC400,0.000081,ETH,0.23
2026-02-15,11:12:47,2026-02-15T11:12:47.000Z,Stake,0x974CaA59e49682CdA0AD2bbe82983419A2ECC400,0.000096,ETH,0.27
2026-02-15,11:12:47,2026-02-15T11:12:47.000Z,Stake,0x974CaA59e49682CdA0AD2bbe82983419A2ECC400,2.320446,ETH,6497.25
2026-02-15,11:12:47,2026-02-15T11:12:47.000Z,Stake,0x974CaA59e49682CdA0AD2bbe82983419A2ECC400,0.000069,ETH,0.19
2026-02-15,11:12:47,2026-02-15T11:12:47.000Z,Stake,0x974CaA59e49682CdA0AD2bbe82983419A2ECC400,0.010652,ETH,29.83
2026-02-15,11:12:47,2026-02-15T11:12:47.000Z,Stake,0x974CaA59e49682CdA0AD2bbe82983419A2ECC400,0.054042,ETH,151.32
2026-02-15,11:12:47,2026-02-15T11:12:47.000Z,Stake,0x974CaA59e49682CdA0AD2bbe82983419A2ECC400,0.000081,ETH,0.23
2026-02-15,11:12:47,2026-02-15T11:12:47.000Z,Stake,0x974CaA59e49682CdA0AD2bbe82983419A2ECC400,0.000080,ETH,0.22
2026-02-15,11:12:47,2026-02-15T11:12:47.000Z,Stake,0x974CaA59e49682CdA0AD2bbe82983419A2ECC400,0.000081,ETH,0.23
2026-02-15,11:12:47,2026-02-15T11:12:47.000Z,Stake,0x974CaA59e49682CdA0AD2bbe82983419A2ECC400,0.000070,ETH,0.20
2026-02-15,11:12:47,2026-02-15T11:12:47.000Z,Stake,0x974CaA59e49682CdA0AD2bbe82983419A2ECC400,0.014480,ETH,40.54
2026-02-15,11:12:47,2026-02-15T11:12:47.000Z,Stake,0x974CaA59e49682CdA0AD2bbe82983419A2ECC400,0.000070,ETH,0.20
2026-02-15,11:12:47,2026-02-15T11:12:47.000Z,Stake,0x974CaA59e49682CdA0AD2bbe82983419A2ECC400,0.000081,ETH,0.23
2026-02-15,11:12:47,2026-02-15T11:12:47.000Z,Stake,0x974CaA59e49682CdA0AD2bbe82983419A2ECC400,0.000080,ETH,0.22
2026-02-15,11:12:47,2026-02-15T11:12:47.000Z,Stake,0x974CaA59e49682CdA0AD2bbe82983419A2ECC400,0.283747,ETH,794.49
2026-02-15,11:12:47,2026-02-15T11:12:47.000Z,Stake,0x974CaA59e49682CdA0AD2bbe82983419A2ECC400,0.000070,ETH,0.20
2026-02-15,11:12:47,2026-02-15T11:12:47.000Z,Stake,0x974CaA59e49682CdA0AD2bbe82983419A2ECC400,0.000081,ETH,0.23
2026-02-15,11:12:47,2026-02-15T11:12:47.000Z,Stake,0x974CaA59e49682CdA0AD2bbe82983419A2ECC400,0.000087,ETH,0.24
2026-02-15,11:12:47,2026-02-15T11:12:47.000Z,Stake,0x974CaA59e49682CdA0AD2bbe82983419A2ECC400,0.048839,ETH,136.75
2026-02-15,11:12:47,2026-02-15T11:12:47.000Z,Stake,0x974CaA59e49682CdA0AD2bbe82983419A2ECC400,0.000070,ETH,0.20
2026-02-15,11:12:47,2026-02-15T11:12:47.000Z,Stake,0x974CaA59e49682CdA0AD2bbe82983419A2ECC400,0.004826,ETH,13.51
2026-02-15,11:12:47,2026-02-15T11:12:47.000Z,Stake,0x974CaA59e49682CdA0AD2bbe82983419A2ECC400,0.000069,ETH,0.19
2026-02-15,11:12:47,2026-02-15T11:12:47.000Z,Stake,0x974CaA59e49682CdA0AD2bbe82983419A2ECC400,0.000081,ETH,0.23
2026-02-15,11:12:47,2026-02-15T11:12:47.000Z,Stake,0x974CaA59e49682CdA0AD2bbe82983419A2ECC400,0.000080,ETH,0.22
2026-02-15,11:12:47,2026-02-15T11:12:47.000Z,Stake,0x974CaA59e49682CdA0AD2bbe82983419A2ECC400,0.000087,ETH,0.24
2026-02-15,11:12:59,2026-02-15T11:12:59.000Z,Stake,0x974CaA59e49682CdA0AD2bbe82983419A2ECC400,0.000095,ETH,0.27
2026-02-15,11:12:59,2026-02-15T11:12:59.000Z,Stake,0x974CaA59e49682CdA0AD2bbe82983419A2ECC400,0.449414,ETH,1258.36
2026-02-15,11:12:59,2026-02-15T11:12:59.000Z,Stake,0x974CaA59e49682CdA0AD2bbe82983419A2ECC400,0.000096,ETH,0.27
2026-02-15,11:12:59,2026-02-15T11:12:59.000Z,Stake,0x974CaA59e49682CdA0AD2bbe82983419A2ECC400,0.000097,ETH,0.27
2026-02-15,11:12:59,2026-02-15T11:12:59.000Z,Stake,0x974CaA59e49682CdA0AD2bbe82983419A2ECC400,0.000080,ETH,0.22
2026-02-15,11:12:59,2026-02-15T11:12:59.000Z,Stake,0x974CaA59e49682CdA0AD2bbe82983419A2ECC400,0.000097,ETH,0.27
2026-02-15,11:12:59,2026-02-15T11:12:59.000Z,Stake,0x974CaA59e49682CdA0AD2bbe82983419A2ECC400,0.008581,ETH,24.03
2026-02-15,11:12:59,2026-02-15T11:12:59.000Z,Stake,0x974CaA59e49682CdA0AD2bbe82983419A2ECC400,0.000097,ETH,0.27
2026-02-15,11:12:59,2026-02-15T11:12:59.000Z,Stake,0x974CaA59e49682CdA0AD2bbe82983419A2ECC400,0.041981,ETH,117.55
2026-02-15,11:12:59,2026-02-15T11:12:59.000Z,Stake,0x974CaA59e49682CdA0AD2bbe82983419A2ECC400,0.000563,ETH,1.58
2026-02-15,11:12:59,2026-02-15T11:12:59.000Z,Stake,0x974CaA59e49682CdA0AD2bbe82983419A2ECC400,0.000178,ETH,0.50
2026-02-15,11:12:59,2026-02-15T11:12:59.000Z,Stake,0x974CaA59e49682CdA0AD2bbe82983419A2ECC400,0.023880,ETH,66.86
2026-02-15,11:12:59,2026-02-15T11:12:59.000Z,Stake,0x974CaA59e49682CdA0AD2bbe82983419A2ECC400,0.000088,ETH,0.25
2026-02-15,11:12:59,2026-02-15T11:12:59.000Z,Stake,0x974CaA59e49682CdA0AD2bbe82983419A2ECC400,0.120470,ETH,337.31
2026-02-15,11:12:59,2026-02-15T11:12:59.000Z,Stake,0x974CaA59e49682CdA0AD2bbe82983419A2ECC400,0.011999,ETH,33.60
2026-02-15,11:12:59,2026-02-15T11:12:59.000Z,Stake,0x974CaA59e49682CdA0AD2bbe82983419A2ECC400,0.000097,ETH,0.27
2026-02-15,11:12:59,2026-02-15T11:12:59.000Z,Stake,0x974CaA59e49682CdA0AD2bbe82983419A2ECC400,0.000098,ETH,0.27
2026-02-15,11:12:59,2026-02-15T11:12:59.000Z,Stake,0x974CaA59e49682CdA0AD2bbe82983419A2ECC400,0.027677,ETH,77.50
2026-02-15,11:12:59,2026-02-15T11:12:59.000Z,Stake,0x974CaA59e49682CdA0AD2bbe82983419A2ECC400,0.000095,ETH,0.27
2026-02-15,11:12:59,2026-02-15T11:12:59.000Z,Stake,0x974CaA59e49682CdA0AD2bbe82983419A2ECC400,0.000098,ETH,0.27
2026-02-15,11:12:59,2026-02-15T11:12:59.000Z,Stake,0x974CaA59e49682CdA0AD2bbe82983419A2ECC400,0.000088,ETH,0.25
2026-02-15,11:12:59,2026-02-15T11:12:59.000Z,Stake,0x974CaA59e49682CdA0AD2bbe82983419A2ECC400,0.017872,ETH,50.04
2026-02-15,11:12:59,2026-02-15T11:12:59.000Z,Stake,0x974CaA59e49682CdA0AD2bbe82983419A2ECC400,0.000096,ETH,0.27
2026-02-15,11:12:59,2026-02-15T11:12:59.000Z,Stake,0x974CaA59e49682CdA0AD2bbe82983419A2ECC400,0.000097,ETH,0.27
2026-02-15,11:12:59,2026-02-15T11:12:59.000Z,Stake,0x974CaA59e49682CdA0AD2bbe82983419A2ECC400,0.000097,ETH,0.27
2026-02-15,11:12:59,2026-02-15T11:12:59.000Z,Stake,0x974CaA59e49682CdA0AD2bbe82983419A2ECC400,0.000097,ETH,0.27
2026-02-15,11:12:59,2026-02-15T11:12:59.000Z,Stake,0x974CaA59e49682CdA0AD2bbe82983419A2ECC400,0.000097,ETH,0.27
2026-02-15,11:12:59,2026-02-15T11:12:59.000Z,Stake,0x974CaA59e49682CdA0AD2bbe82983419A2ECC400,0.000087,ETH,0.24
2026-02-15,11:12:59,2026-02-15T11:12:59.000Z,Stake,0x974CaA59e49682CdA0AD2bbe82983419A2ECC400,0.000087,ETH,0.24
2026-02-15,11:12:59,2026-02-15T11:12:59.000Z,Stake,0x974CaA59e49682CdA0AD2bbe82983419A2ECC400,0.114890,ETH,321.69
2026-02-15,11:12:59,2026-02-15T11:12:59.000Z,Stake,0x974CaA59e49682CdA0AD2bbe82983419A2ECC400,0.000096,ETH,0.27
2026-02-15,11:12:59,2026-02-15T11:12:59.000Z,Stake,0x974CaA59e49682CdA0AD2bbe82983419A2ECC400,0.000096,ETH,0.27
2026-02-15,11:12:59,2026-02-15T11:12:59.000Z,Stake,0x974CaA59e49682CdA0AD2bbe82983419A2ECC400,0.000096,ETH,0.27
2026-02-15,11:12:59,2026-02-15T11:12:59.000Z,Stake,0x974CaA59e49682CdA0AD2bbe82983419A2ECC400,0.000096,ETH,0.27
2026-02-15,11:12:59,2026-02-15T11:12:59.000Z,Stake,0x974CaA59e49682CdA0AD2bbe82983419A2ECC400,0.000096,ETH,0.27
2026-02-15,11:12:59,2026-02-15T11:12:59.000Z,Stake,0x974CaA59e49682CdA0AD2bbe82983419A2ECC400,0.053864,ETH,150.82
2026-02-15,11:12:59,2026-02-15T11:12:59.000Z,Stake,0x974CaA59e49682CdA0AD2bbe82983419A2ECC400,0.000097,ETH,0.27
2026-02-15,11:12:59,2026-02-15T11:12:59.000Z,Stake,0x974CaA59e49682CdA0AD2bbe82983419A2ECC400,0.115332,ETH,322.93
2026-02-15,11:12:59,2026-02-15T11:12:59.000Z,Stake,0x974CaA59e49682CdA0AD2bbe82983419A2ECC400,0.000097,ETH,0.27
2026-02-15,11:12:59,2026-02-15T11:12:59.000Z,Stake,0x974CaA59e49682CdA0AD2bbe82983419A2ECC400,0.025259,ETH,70.73
2026-02-15,11:12:59,2026-02-15T11:12:59.000Z,Stake,0x974CaA59e49682CdA0AD2bbe82983419A2ECC400,0.110273,ETH,308.76
2026-02-15,11:12:59,2026-02-15T11:12:59.000Z,Stake,0x974CaA59e49682CdA0AD2bbe82983419A2ECC400,0.000100,ETH,0.28
2026-02-15,11:12:59,2026-02-15T11:12:59.000Z,Stake,0x974CaA59e49682CdA0AD2bbe82983419A2ECC400,0.000097,ETH,0.27
2026-02-15,11:12:59,2026-02-15T11:12:59.000Z,Stake,0x974CaA59e49682CdA0AD2bbe82983419A2ECC400,0.000087,ETH,0.24
2026-02-15,11:12:59,2026-02-15T11:12:59.000Z,Stake,0x974CaA59e49682CdA0AD2bbe82983419A2ECC400,0.000098,ETH,0.27
2026-02-15,11:12:59,2026-02-15T11:12:59.000Z,Stake,0x974CaA59e49682CdA0AD2bbe82983419A2ECC400,0.000097,ETH,0.27
2026-02-15,11:12:59,2026-02-15T11:12:59.000Z,Stake,0x974CaA59e49682CdA0AD2bbe82983419A2ECC400,0.000097,ETH,0.27
2026-02-15,11:12:59,2026-02-15T11:12:59.000Z,Stake,0x974CaA59e49682CdA0AD2bbe82983419A2ECC400,0.000096,ETH,0.27
2026-02-15,11:12:59,2026-02-15T11:12:59.000Z,Stake,0x974CaA59e49682CdA0AD2bbe82983419A2ECC400,0.000096,ETH,0.27
2026-02-15,11:12:59,2026-02-15T11:12:59.000Z,Stake,0x974CaA59e49682CdA0AD2bbe82983419A2ECC400,0.078722,ETH,220.42
2026-02-15,11:12:59,2026-02-15T11:12:59.000Z,Stake,0x974CaA59e49682CdA0AD2bbe82983419A2ECC400,0.022907,ETH,64.14
2026-02-15,11:12:59,2026-02-15T11:12:59.000Z,Stake,0x974CaA59e49682CdA0AD2bbe82983419A2ECC400,0.000097,ETH,0.27
2026-02-15,11:12:59,2026-02-15T11:12:59.000Z,Stake,0x974CaA59e49682CdA0AD2bbe82983419A2ECC400,0.000285,ETH,0.80
2026-02-15,11:12:59,2026-02-15T11:12:59.000Z,Stake,0x974CaA59e49682CdA0AD2bbe82983419A2ECC400,0.000097,ETH,0.27
2026-02-15,11:12:59,2026-02-15T11:12:59.000Z,Stake,0x974CaA59e49682CdA0AD2bbe82983419A2ECC400,0.000096,ETH,0.27
2026-02-15,11:12:59,2026-02-15T11:12:59.000Z,Stake,0x974CaA59e49682CdA0AD2bbe82983419A2ECC400,0.000098,ETH,0.27
2026-02-15,11:12:59,2026-02-15T11:12:59.000Z,Stake,0x974CaA59e49682CdA0AD2bbe82983419A2ECC400,0.000097,ETH,0.27
2026-02-15,11:12:59,2026-02-15T11:12:59.000Z,Stake,0x974CaA59e49682CdA0AD2bbe82983419A2ECC400,0.000097,ETH,0.27
2026-02-15,11:12:59,2026-02-15T11:12:59.000Z,Stake,0x974CaA59e49682CdA0AD2bbe82983419A2ECC400,0.018659,ETH,52.24
2026-02-15,11:12:59,2026-02-15T11:12:59.000Z,Stake,0x974CaA59e49682CdA0AD2bbe82983419A2ECC400,0.001999,ETH,5.60
2026-02-15,11:12:59,2026-02-15T11:12:59.000Z,Stake,0x974CaA59e49682CdA0AD2bbe82983419A2ECC400,0.000097,ETH,0.27
2026-02-15,11:12:59,2026-02-15T11:12:59.000Z,Stake,0x974CaA59e49682CdA0AD2bbe82983419A2ECC400,0.000096,ETH,0.27
2026-02-15,11:12:59,2026-02-15T11:12:59.000Z,Stake,0x974CaA59e49682CdA0AD2bbe82983419A2ECC400,0.000097,ETH,0.27
2026-02-15,11:12:59,2026-02-15T11:12:59.000Z,Stake,0x974CaA59e49682CdA0AD2bbe82983419A2ECC400,0.000097,ETH,0.27
2026-02-15,11:12:59,2026-02-15T11:12:59.000Z,Stake,0x974CaA59e49682CdA0AD2bbe82983419A2ECC400,0.000096,ETH,0.27
2026-02-15,11:12:59,2026-02-15T11:12:59.000Z,Stake,0x974CaA59e49682CdA0AD2bbe82983419A2ECC400,0.000096,ETH,0.27
2026-02-15,11:12:59,2026-02-15T11:12:59.000Z,Stake,0x974CaA59e49682CdA0AD2bbe82983419A2ECC400,0.000095,ETH,0.27
2026-02-15,11:12:59,2026-02-15T11:12:59.000Z,Stake,0x974CaA59e49682CdA0AD2bbe82983419A2ECC400,0.000097,ETH,0.27
2026-02-15,11:12:59,2026-02-15T11:12:59.000Z,Stake,0x974CaA59e49682CdA0AD2bbe82983419A2ECC400,0.000096,ETH,0.27
2026-02-15,11:12:59,2026-02-15T11:12:59.000Z,Stake,0x974CaA59e49682CdA0AD2bbe82983419A2ECC400,0.000096,ETH,0.27
2026-02-15,11:12:59,2026-02-15T11:12:59.000Z,Stake,0x974CaA59e49682CdA0AD2bbe82983419A2ECC400,0.040081,ETH,112.23
2026-02-15,11:12:59,2026-02-15T11:12:59.000Z,Stake,0x974CaA59e49682CdA0AD2bbe82983419A2ECC400,0.000096,ETH,0.27
2026-02-15,11:12:59,2026-02-15T11:12:59.000Z,Stake,0x974CaA59e49682CdA0AD2bbe82983419A2ECC400,0.000096,ETH,0.27
2026-02-15,11:12:59,2026-02-15T11:12:59.000Z,Stake,0x974CaA59e49682CdA0AD2bbe82983419A2ECC400,0.000100,ETH,0.28
2026-02-15,11:12:59,2026-02-15T11:12:59.000Z,Stake,0x974CaA59e49682CdA0AD2bbe82983419A2ECC400,0.000096,ETH,0.27
2026-02-15,11:12:59,2026-02-15T11:12:59.000Z,Stake,0x974CaA59e49682CdA0AD2bbe82983419A2ECC400,0.000097,ETH,0.27
2026-02-15,11:12:59,2026-02-15T11:12:59.000Z,Stake,0x974CaA59e49682CdA0AD2bbe82983419A2ECC400,0.000094,ETH,0.26
2026-02-15,11:12:59,2026-02-15T11:12:59.000Z,Stake,0x974CaA59e49682CdA0AD2bbe82983419A2ECC400,0.008554,ETH,23.95
2026-02-15,11:12:59,2026-02-15T11:12:59.000Z,Stake,0x974CaA59e49682CdA0AD2bbe82983419A2ECC400,0.007258,ETH,20.32
2026-02-15,11:12:59,2026-02-15T11:12:59.000Z,Stake,0x974CaA59e49682CdA0AD2bbe82983419A2ECC400,0.067663,ETH,189.46
2026-02-15,11:12:59,2026-02-15T11:12:59.000Z,Stake,0x974CaA59e49682CdA0AD2bbe82983419A2ECC400,0.000101,ETH,0.28
2026-02-15,11:12:59,2026-02-15T11:12:59.000Z,Stake,0x974CaA59e49682CdA0AD2bbe82983419A2ECC400,0.011415,ETH,31.96
2026-02-15,11:12:59,2026-02-15T11:12:59.000Z,Stake,0x974CaA59e49682CdA0AD2bbe82983419A2ECC400,0.000097,ETH,0.27
2026-02-15,11:12:59,2026-02-15T11:12:59.000Z,Stake,0x974CaA59e49682CdA0AD2bbe82983419A2ECC400,0.000098,ETH,0.27
2026-02-15,11:12:59,2026-02-15T11:12:59.000Z,Stake,0x974CaA59e49682CdA0AD2bbe82983419A2ECC400,0.000097,ETH,0.27
2026-02-15,11:12:59,2026-02-15T11:12:59.000Z,Stake,0x974CaA59e49682CdA0AD2bbe82983419A2ECC400,0.000099,ETH,0.28
2026-02-15,11:12:59,2026-02-15T11:12:59.000Z,Stake,0x974CaA59e49682CdA0AD2bbe82983419A2ECC400,0.000101,ETH,0.28
2026-02-15,11:12:59,2026-02-15T11:12:59.000Z,Stake,0x974CaA59e49682CdA0AD2bbe82983419A2ECC400,0.000088,ETH,0.25
2026-02-15,11:12:59,2026-02-15T11:12:59.000Z,Stake,0x974CaA59e49682CdA0AD2bbe82983419A2ECC400,0.000080,ETH,0.22
2026-02-15,11:12:59,2026-02-15T11:12:59.000Z,Stake,0x974CaA59e49682CdA0AD2bbe82983419A2ECC400,0.048888,ETH,136.89
2026-02-15,11:12:59,2026-02-15T11:12:59.000Z,Stake,0x974CaA59e49682CdA0AD2bbe82983419A2ECC400,0.010568,ETH,29.59
2026-02-15,11:12:59,2026-02-15T11:12:59.000Z,Stake,0x974CaA59e49682CdA0AD2bbe82983419A2ECC400,0.000098,ETH,0.27
2026-02-15,11:12:59,2026-02-15T11:12:59.000Z,Stake,0x974CaA59e49682CdA0AD2bbe82983419A2ECC400,0.056087,ETH,157.04
2026-02-15,11:12:59,2026-02-15T11:12:59.000Z,Stake,0x974CaA59e49682CdA0AD2bbe82983419A2ECC400,10.109314,ETH,28306.08
2026-02-15,11:12:59,2026-02-15T11:12:59.000Z,Stake,0x974CaA59e49682CdA0AD2bbe82983419A2ECC400,0.000098,ETH,0.27
2026-02-15,11:12:59,2026-02-15T11:12:59.000Z,Stake,0x974CaA59e49682CdA0AD2bbe82983419A2ECC400,0.000096,ETH,0.27
2026-02-15,11:12:59,2026-02-15T11:12:59.000Z,Stake,0x974CaA59e49682CdA0AD2bbe82983419A2ECC400,0.000088,ETH,0.25
2026-02-15,11:12:59,2026-02-15T11:12:59.000Z,Stake,0x974CaA59e49682CdA0AD2bbe82983419A2ECC400,0.000080,ETH,0.22
2026-02-15,11:12:59,2026-02-15T11:12:59.000Z,Stake,0x974CaA59e49682CdA0AD2bbe82983419A2ECC400,0.028742,ETH,80.48
2026-02-15,11:12:59,2026-02-15T11:12:59.000Z,Stake,0x974CaA59e49682CdA0AD2bbe82983419A2ECC400,0.000101,ETH,0.28
2026-02-15,11:12:59,2026-02-15T11:12:59.000Z,Stake,0x974CaA59e49682CdA0AD2bbe82983419A2ECC400,0.120422,ETH,337.18
2026-02-15,11:12:59,2026-02-15T11:12:59.000Z,Stake,0x974CaA59e49682CdA0AD2bbe82983419A2ECC400,0.000096,ETH,0.27
2026-02-15,11:12:59,2026-02-15T11:12:59.000Z,Stake,0x974CaA59e49682CdA0AD2bbe82983419A2ECC400,0.000097,ETH,0.27
2026-02-15,11:12:59,2026-02-15T11:12:59.000Z,Stake,0x974CaA59e49682CdA0AD2bbe82983419A2ECC400,0.000095,ETH,0.27
2026-02-15,11:12:59,2026-02-15T11:12:59.000Z,Stake,0x974CaA59e49682CdA0AD2bbe82983419A2ECC400,0.028925,ETH,80.99
2026-02-15,11:12:59,2026-02-15T11:12:59.000Z,Stake,0x974CaA59e49682CdA0AD2bbe82983419A2ECC400,0.010999,ETH,30.80
2026-02-15,11:12:59,2026-02-15T11:12:59.000Z,Stake,0x974CaA59e49682CdA0AD2bbe82983419A2ECC400,0.000097,ETH,0.27
2026-02-15,11:12:59,2026-02-15T11:12:59.000Z,Stake,0x974CaA59e49682CdA0AD2bbe82983419A2ECC400,0.000100,ETH,0.28
2026-02-15,11:12:59,2026-02-15T11:12:59.000Z,Stake,0x974CaA59e49682CdA0AD2bbe82983419A2ECC400,0.000096,ETH,0.27
2026-02-15,11:12:59,2026-02-15T11:12:59.000Z,Stake,0x974CaA59e49682CdA0AD2bbe82983419A2ECC400,0.000096,ETH,0.27
2026-02-15,11:12:59,2026-02-15T11:12:59.000Z,Stake,0x974CaA59e49682CdA0AD2bbe82983419A2ECC400,0.000096,ETH,0.27
2026-02-15,11:12:59,2026-02-15T11:12:59.000Z,Stake,0x974CaA59e49682CdA0AD2bbe82983419A2ECC400,0.000096,ETH,0.27
2026-02-15,11:12:59,2026-02-15T11:12:59.000Z,Stake,0x974CaA59e49682CdA0AD2bbe82983419A2ECC400,0.000097,ETH,0.27
2026-02-15,11:12:59,2026-02-15T11:12:59.000Z,Stake,0x974CaA59e49682CdA0AD2bbe82983419A2ECC400,0.000097,ETH,0.27
2026-02-15,11:12:59,2026-02-15T11:12:59.000Z,Stake,0x974CaA59e49682CdA0AD2bbe82983419A2ECC400,0.000096,ETH,0.27
2026-02-15,11:12:59,2026-02-15T11:12:59.000Z,Stake,0x974CaA59e49682CdA0AD2bbe82983419A2ECC400,0.000092,ETH,0.26
2026-02-15,11:12:59,2026-02-15T11:12:59.000Z,Stake,0x974CaA59e49682CdA0AD2bbe82983419A2ECC400,0.000960,ETH,2.69
2026-02-15,11:12:59,2026-02-15T11:12:59.000Z,Stake,0x974CaA59e49682CdA0AD2bbe82983419A2ECC400,0.000096,ETH,0.27
2026-02-15,11:12:59,2026-02-15T11:12:59.000Z,Stake,0x974CaA59e49682CdA0AD2bbe82983419A2ECC400,0.041789,ETH,117.01
2026-02-15,11:12:59,2026-02-15T11:12:59.000Z,Stake,0x974CaA59e49682CdA0AD2bbe82983419A2ECC400,0.000095,ETH,0.27
2026-02-15,11:12:59,2026-02-15T11:12:59.000Z,Stake,0x974CaA59e49682CdA0AD2bbe82983419A2ECC400,0.000096,ETH,0.27
2026-02-15,11:12:59,2026-02-15T11:12:59.000Z,Stake,0x974CaA59e49682CdA0AD2bbe82983419A2ECC400,0.000097,ETH,0.27
2026-02-15,11:12:59,2026-02-15T11:12:59.000Z,Stake,0x974CaA59e49682CdA0AD2bbe82983419A2ECC400,0.000097,ETH,0.27
2026-02-15,11:12:59,2026-02-15T11:12:59.000Z,Stake,0x974CaA59e49682CdA0AD2bbe82983419A2ECC400,0.000097,ETH,0.27
2026-02-15,11:12:59,2026-02-15T11:12:59.000Z,Stake,0x974CaA59e49682CdA0AD2bbe82983419A2ECC400,0.000096,ETH,0.27
2026-02-15,11:12:59,2026-02-15T11:12:59.000Z,Stake,0x974CaA59e49682CdA0AD2bbe82983419A2ECC400,0.036153,ETH,101.23
2026-02-15,11:12:59,2026-02-15T11:12:59.000Z,Stake,0x974CaA59e49682CdA0AD2bbe82983419A2ECC400,0.000096,ETH,0.27
2026-02-15,11:12:59,2026-02-15T11:12:59.000Z,Stake,0x974CaA59e49682CdA0AD2bbe82983419A2ECC400,0.000096,ETH,0.27
2026-02-15,11:12:59,2026-02-15T11:12:59.000Z,Stake,0x974CaA59e49682CdA0AD2bbe82983419A2ECC400,0.000096,ETH,0.27
2026-02-15,11:12:59,2026-02-15T11:12:59.000Z,Stake,0x974CaA59e49682CdA0AD2bbe82983419A2ECC400,0.000096,ETH,0.27
2026-02-15,11:12:59,2026-02-15T11:12:59.000Z,Stake,0x974CaA59e49682CdA0AD2bbe82983419A2ECC400,0.000096,ETH,0.27
2026-02-15,11:12:59,2026-02-15T11:12:59.000Z,Stake,0x974CaA59e49682CdA0AD2bbe82983419A2ECC400,0.000096,ETH,0.27
2026-02-15,11:12:59,2026-02-15T11:12:59.000Z,Stake,0x974CaA59e49682CdA0AD2bbe82983419A2ECC400,0.000096,ETH,0.27
2026-02-15,11:12:59,2026-02-15T11:12:59.000Z,Stake,0x974CaA59e49682CdA0AD2bbe82983419A2ECC400,0.000098,ETH,0.27
2026-02-15,11:12:59,2026-02-15T11:12:59.000Z,Stake,0x974CaA59e49682CdA0AD2bbe82983419A2ECC400,0.000096,ETH,0.27
2026-02-15,11:12:59,2026-02-15T11:12:59.000Z,Stake,0x974CaA59e49682CdA0AD2bbe82983419A2ECC400,0.000096,ETH,0.27
2026-02-15,11:12:59,2026-02-15T11:12:59.000Z,Stake,0x974CaA59e49682CdA0AD2bbe82983419A2ECC400,0.000096,ETH,0.27
2026-02-15,11:12:59,2026-02-15T11:12:59.000Z,Stake,0x974CaA59e49682CdA0AD2bbe82983419A2ECC400,0.000095,ETH,0.27
2026-02-15,11:12:59,2026-02-15T11:12:59.000Z,Stake,0x974CaA59e49682CdA0AD2bbe82983419A2ECC400,0.000096,ETH,0.27
2026-02-15,11:12:59,2026-02-15T11:12:59.000Z,Stake,0x974CaA59e49682CdA0AD2bbe82983419A2ECC400,0.028892,ETH,80.90
2026-02-15,11:12:59,2026-02-15T11:12:59.000Z,Stake,0x974CaA59e49682CdA0AD2bbe82983419A2ECC400,0.000096,ETH,0.27
2026-02-15,11:13:11,2026-02-15T11:13:11.000Z,Stake,0x974CaA59e49682CdA0AD2bbe82983419A2ECC400,0.000100,ETH,0.28
2026-02-15,11:13:11,2026-02-15T11:13:11.000Z,Stake,0x974CaA59e49682CdA0AD2bbe82983419A2ECC400,0.000100,ETH,0.28
2026-02-15,11:13:11,2026-02-15T11:13:11.000Z,Stake,0x974CaA59e49682CdA0AD2bbe82983419A2ECC400,0.000091,ETH,0.26
2026-02-15,11:13:11,2026-02-15T11:13:11.000Z,Stake,0x974CaA59e49682CdA0AD2bbe82983419A2ECC400,0.000087,ETH,0.24
2026-02-15,11:13:11,2026-02-15T11:13:11.000Z,Stake,0x974CaA59e49682CdA0AD2bbe82983419A2ECC400,0.000087,ETH,0.24
2026-02-15,11:13:11,2026-02-15T11:13:11.000Z,Stake,0x974CaA59e49682CdA0AD2bbe82983419A2ECC400,0.000087,ETH,0.24
2026-02-15,11:13:11,2026-02-15T11:13:11.000Z,Stake,0x974CaA59e49682CdA0AD2bbe82983419A2ECC400,0.000091,ETH,0.26
2026-02-15,11:13:11,2026-02-15T11:13:11.000Z,Stake,0x974CaA59e49682CdA0AD2bbe82983419A2ECC400,0.000091,ETH,0.26
2026-02-15,11:13:11,2026-02-15T11:13:11.000Z,Stake,0x974CaA59e49682CdA0AD2bbe82983419A2ECC400,0.000091,ETH,0.26
2026-02-15,11:13:11,2026-02-15T11:13:11.000Z,Stake,0x974CaA59e49682CdA0AD2bbe82983419A2ECC400,0.000091,ETH,0.26
2026-02-15,11:13:11,2026-02-15T11:13:11.000Z,Stake,0x974CaA59e49682CdA0AD2bbe82983419A2ECC400,0.000091,ETH,0.26
2026-02-15,11:13:11,2026-02-15T11:13:11.000Z,Stake,0x974CaA59e49682CdA0AD2bbe82983419A2ECC400,0.000091,ETH,0.26
2026-02-15,11:13:11,2026-02-15T11:13:11.000Z,Stake,0x974CaA59e49682CdA0AD2bbe82983419A2ECC400,0.000091,ETH,0.26
2026-02-15,11:13:11,2026-02-15T11:13:11.000Z,Stake,0x974CaA59e49682CdA0AD2bbe82983419A2ECC400,0.000091,ETH,0.26
2026-02-15,11:13:11,2026-02-15T11:13:11.000Z,Stake,0x974CaA59e49682CdA0AD2bbe82983419A2ECC400,0.000091,ETH,0.26
2026-02-15,11:13:11,2026-02-15T11:13:11.000Z,Stake,0x974CaA59e49682CdA0AD2bbe82983419A2ECC400,0.000091,ETH,0.26
2026-02-15,11:13:11,2026-02-15T11:13:11.000Z,Stake,0x974CaA59e49682CdA0AD2bbe82983419A2ECC400,0.000091,ETH,0.26
2026-02-15,11:13:11,2026-02-15T11:13:11.000Z,Stake,0x974CaA59e49682CdA0AD2bbe82983419A2ECC400,0.000087,ETH,0.24
2026-02-15,11:13:11,2026-02-15T11:13:11.000Z,Stake,0x974CaA59e49682CdA0AD2bbe82983419A2ECC400,0.000091,ETH,0.26
2026-02-15,11:13:11,2026-02-15T11:13:11.000Z,Stake,0x974CaA59e49682CdA0AD2bbe82983419A2ECC400,0.000091,ETH,0.26
2026-02-15,11:13:11,2026-02-15T11:13:11.000Z,Stake,0x974CaA59e49682CdA0AD2bbe82983419A2ECC400,0.000091,ETH,0.25
2026-02-15,11:13:11,2026-02-15T11:13:11.000Z,Stake,0x974CaA59e49682CdA0AD2bbe82983419A2ECC400,0.000091,ETH,0.26
2026-02-15,11:13:11,2026-02-15T11:13:11.000Z,Stake,0x974CaA59e49682CdA0AD2bbe82983419A2ECC400,0.000087,ETH,0.24
2026-02-15,11:13:11,2026-02-15T11:13:11.000Z,Stake,0x974CaA59e49682CdA0AD2bbe82983419A2ECC400,0.000087,ETH,0.24
2026-02-15,11:13:11,2026-02-15T11:13:11.000Z,Stake,0x974CaA59e49682CdA0AD2bbe82983419A2ECC400,0.000091,ETH,0.26
2026-02-15,11:13:11,2026-02-15T11:13:11.000Z,Stake,0x974CaA59e49682CdA0AD2bbe82983419A2ECC400,0.000091,ETH,0.26
2026-02-15,11:13:11,2026-02-15T11:13:11.000Z,Stake,0x974CaA59e49682CdA0AD2bbe82983419A2ECC400,0.000086,ETH,0.24
2026-02-15,11:13:11,2026-02-15T11:13:11.000Z,Stake,0x974CaA59e49682CdA0AD2bbe82983419A2ECC400,0.000086,ETH,0.24
2026-02-15,11:13:11,2026-02-15T11:13:11.000Z,Stake,0x974CaA59e49682CdA0AD2bbe82983419A2ECC400,0.000091,ETH,0.26
2026-02-15,11:13:11,2026-02-15T11:13:11.000Z,Stake,0x974CaA59e49682CdA0AD2bbe82983419A2ECC400,0.000091,ETH,0.26
2026-02-15,11:13:11,2026-02-15T11:13:11.000Z,Stake,0x974CaA59e49682CdA0AD2bbe82983419A2ECC400,0.000087,ETH,0.24
2026-02-15,11:13:11,2026-02-15T11:13:11.000Z,Stake,0x974CaA59e49682CdA0AD2bbe82983419A2ECC400,0.000091,ETH,0.26
2026-02-15,11:13:11,2026-02-15T11:13:11.000Z,Stake,0x974CaA59e49682CdA0AD2bbe82983419A2ECC400,0.000086,ETH,0.24
2026-02-15,11:13:11,2026-02-15T11:13:11.000Z,Stake,0x974CaA59e49682CdA0AD2bbe82983419A2ECC400,0.000091,ETH,0.26
2026-02-15,11:13:11,2026-02-15T11:13:11.000Z,Stake,0x974CaA59e49682CdA0AD2bbe82983419A2ECC400,0.000091,ETH,0.25
2026-02-15,11:13:11,2026-02-15T11:13:11.000Z,Stake,0x974CaA59e49682CdA0AD2bbe82983419A2ECC400,0.000091,ETH,0.26
2026-02-15,11:13:11,2026-02-15T11:13:11.000Z,Stake,0x974CaA59e49682CdA0AD2bbe82983419A2ECC400,0.000091,ETH,0.26
2026-02-15,11:13:11,2026-02-15T11:13:11.000Z,Stake,0x974CaA59e49682CdA0AD2bbe82983419A2ECC400,0.000091,ETH,0.26
2026-02-15,11:13:11,2026-02-15T11:13:11.000Z,Stake,0x974CaA59e49682CdA0AD2bbe82983419A2ECC400,0.000091,ETH,0.26
2026-02-15,11:13:11,2026-02-15T11:13:11.000Z,Stake,0x974CaA59e49682CdA0AD2bbe82983419A2ECC400,0.000091,ETH,0.25
2026-02-15,11:13:11,2026-02-15T11:13:11.000Z,Stake,0x974CaA59e49682CdA0AD2bbe82983419A2ECC400,0.000091,ETH,0.26
2026-02-15,11:13:11,2026-02-15T11:13:11.000Z,Stake,0x974CaA59e49682CdA0AD2bbe82983419A2ECC400,0.000087,ETH,0.24
2026-02-15,11:13:11,2026-02-15T11:13:11.000Z,Stake,0x974CaA59e49682CdA0AD2bbe82983419A2ECC400,0.000091,ETH,0.26
2026-02-15,11:13:11,2026-02-15T11:13:11.000Z,Stake,0x974CaA59e49682CdA0AD2bbe82983419A2ECC400,0.000091,ETH,0.25
2026-02-15,11:13:11,2026-02-15T11:13:11.000Z,Stake,0x974CaA59e49682CdA0AD2bbe82983419A2ECC400,0.000086,ETH,0.24
2026-02-15,11:13:11,2026-02-15T11:13:11.000Z,Stake,0x974CaA59e49682CdA0AD2bbe82983419A2ECC400,0.000091,ETH,0.26
2026-02-15,11:13:11,2026-02-15T11:13:11.000Z,Stake,0x974CaA59e49682CdA0AD2bbe82983419A2ECC400,0.000091,ETH,0.26
2026-02-15,11:13:11,2026-02-15T11:13:11.000Z,Stake,0x974CaA59e49682CdA0AD2bbe82983419A2ECC400,0.000086,ETH,0.24
2026-02-15,11:13:11,2026-02-15T11:13:11.000Z,Stake,0x974CaA59e49682CdA0AD2bbe82983419A2ECC400,0.000091,ETH,0.26
2026-02-15,11:13:11,2026-02-15T11:13:11.000Z,Stake,0x974CaA59e49682CdA0AD2bbe82983419A2ECC400,0.000091,ETH,0.26
2026-02-15,11:13:11,2026-02-15T11:13:11.000Z,Stake,0x974CaA59e49682CdA0AD2bbe82983419A2ECC400,0.000091,ETH,0.26
2026-02-15,11:13:11,2026-02-15T11:13:11.000Z,Stake,0x974CaA59e49682CdA0AD2bbe82983419A2ECC400,0.000091,ETH,0.26
2026-02-15,11:13:11,2026-02-15T11:13:11.000Z,Stake,0x974CaA59e49682CdA0AD2bbe82983419A2ECC400,0.000087,ETH,0.24
2026-02-15,11:13:11,2026-02-15T11:13:11.000Z,Stake,0x974CaA59e49682CdA0AD2bbe82983419A2ECC400,0.000091,ETH,0.26
2026-02-15,11:13:11,2026-02-15T11:13:11.000Z,Stake,0x974CaA59e49682CdA0AD2bbe82983419A2ECC400,0.000086,ETH,0.24
2026-02-15,11:13:11,2026-02-15T11:13:11.000Z,Stake,0x974CaA59e49682CdA0AD2bbe82983419A2ECC400,0.000091,ETH,0.26
2026-02-15,11:13:11,2026-02-15T11:13:11.000Z,Stake,0x974CaA59e49682CdA0AD2bbe82983419A2ECC400,0.000087,ETH,0.24
2026-02-15,11:13:11,2026-02-15T11:13:11.000Z,Stake,0x974CaA59e49682CdA0AD2bbe82983419A2ECC400,0.000091,ETH,0.26
2026-02-15,11:13:11,2026-02-15T11:13:11.000Z,Stake,0x974CaA59e49682CdA0AD2bbe82983419A2ECC400,0.000091,ETH,0.26
2026-02-15,11:13:11,2026-02-15T11:13:11.000Z,Stake,0x974CaA59e49682CdA0AD2bbe82983419A2ECC400,0.000086,ETH,0.24
2026-02-15,11:13:11,2026-02-15T11:13:11.000Z,Stake,0x974CaA59e49682CdA0AD2bbe82983419A2ECC400,0.000087,ETH,0.24
2026-02-15,11:13:11,2026-02-15T11:13:11.000Z,Stake,0x974CaA59e49682CdA0AD2bbe82983419A2ECC400,0.000091,ETH,0.26
2026-02-15,11:13:11,2026-02-15T11:13:11.000Z,Stake,0x974CaA59e49682CdA0AD2bbe82983419A2ECC400,0.000091,ETH,0.26
2026-02-15,11:13:11,2026-02-15T11:13:11.000Z,Stake,0x974CaA59e49682CdA0AD2bbe82983419A2ECC400,0.000091,ETH,0.26
2026-02-15,11:13:11,2026-02-15T11:13:11.000Z,Stake,0x974CaA59e49682CdA0AD2bbe82983419A2ECC400,0.000086,ETH,0.24
2026-02-15,11:13:11,2026-02-15T11:13:11.000Z,Stake,0x974CaA59e49682CdA0AD2bbe82983419A2ECC400,0.000091,ETH,0.25
2026-02-15,11:13:11,2026-02-15T11:13:11.000Z,Stake,0x974CaA59e49682CdA0AD2bbe82983419A2ECC400,0.000091,ETH,0.25
2026-02-15,11:13:11,2026-02-15T11:13:11.000Z,Stake,0x974CaA59e49682CdA0AD2bbe82983419A2ECC400,0.000091,ETH,0.25
2026-02-15,11:13:11,2026-02-15T11:13:11.000Z,Stake,0x974CaA59e49682CdA0AD2bbe82983419A2ECC400,0.000086,ETH,0.24
2026-02-15,11:13:11,2026-02-15T11:13:11.000Z,Stake,0x974CaA59e49682CdA0AD2bbe82983419A2ECC400,0.000091,ETH,0.26
2026-02-15,11:13:11,2026-02-15T11:13:11.000Z,Stake,0x974CaA59e49682CdA0AD2bbe82983419A2ECC400,0.000087,ETH,0.24
2026-02-15,11:13:11,2026-02-15T11:13:11.000Z,Stake,0x974CaA59e49682CdA0AD2bbe82983419A2ECC400,0.000091,ETH,0.26
2026-02-15,11:13:11,2026-02-15T11:13:11.000Z,Stake,0x974CaA59e49682CdA0AD2bbe82983419A2ECC400,0.000086,ETH,0.24
2026-02-15,11:13:11,2026-02-15T11:13:11.000Z,Stake,0x974CaA59e49682CdA0AD2bbe82983419A2ECC400,0.000086,ETH,0.24
2026-02-15,11:13:11,2026-02-15T11:13:11.000Z,Stake,0x974CaA59e49682CdA0AD2bbe82983419A2ECC400,0.000086,ETH,0.24
2026-02-15,11:13:11,2026-02-15T11:13:11.000Z,Stake,0x974CaA59e49682CdA0AD2bbe82983419A2ECC400,0.000091,ETH,0.25
2026-02-15,11:13:11,2026-02-15T11:13:11.000Z,Stake,0x974CaA59e49682CdA0AD2bbe82983419A2ECC400,0.000091,ETH,0.26
2026-02-15,11:13:11,2026-02-15T11:13:11.000Z,Stake,0x974CaA59e49682CdA0AD2bbe82983419A2ECC400,0.000091,ETH,0.25
2026-02-15,11:13:11,2026-02-15T11:13:11.000Z,Stake,0x974CaA59e49682CdA0AD2bbe82983419A2ECC400,0.000087,ETH,0.24
2026-02-15,11:13:11,2026-02-15T11:13:11.000Z,Stake,0x974CaA59e49682CdA0AD2bbe82983419A2ECC400,0.000091,ETH,0.25
2026-02-15,11:13:11,2026-02-15T11:13:11.000Z,Stake,0x974CaA59e49682CdA0AD2bbe82983419A2ECC400,0.000086,ETH,0.24
2026-02-15,11:13:11,2026-02-15T11:13:11.000Z,Stake,0x974CaA59e49682CdA0AD2bbe82983419A2ECC400,0.000086,ETH,0.24
2026-02-15,11:13:11,2026-02-15T11:13:11.000Z,Stake,0x974CaA59e49682CdA0AD2bbe82983419A2ECC400,0.000091,ETH,0.25
2026-02-15,11:13:11,2026-02-15T11:13:11.000Z,Stake,0x974CaA59e49682CdA0AD2bbe82983419A2ECC400,0.000086,ETH,0.24
2026-02-15,11:13:11,2026-02-15T11:13:11.000Z,Stake,0x974CaA59e49682CdA0AD2bbe82983419A2ECC400,0.000086,ETH,0.24
2026-02-15,11:13:11,2026-02-15T11:13:11.000Z,Stake,0x974CaA59e49682CdA0AD2bbe82983419A2ECC400,0.000091,ETH,0.25
2026-02-15,11:13:11,2026-02-15T11:13:11.000Z,Stake,0x974CaA59e49682CdA0AD2bbe82983419A2ECC400,0.000086,ETH,0.24
2026-02-15,11:13:11,2026-02-15T11:13:11.000Z,Stake,0x974CaA59e49682CdA0AD2bbe82983419A2ECC400,0.000091,ETH,0.25
2026-02-15,11:13:11,2026-02-15T11:13:11.000Z,Stake,0x974CaA59e49682CdA0AD2bbe82983419A2ECC400,0.000086,ETH,0.24
2026-02-15,11:13:11,2026-02-15T11:13:11.000Z,Stake,0x974CaA59e49682CdA0AD2bbe82983419A2ECC400,0.000086,ETH,0.24
2026-02-15,11:13:11,2026-02-15T11:13:11.000Z,Stake,0x974CaA59e49682CdA0AD2bbe82983419A2ECC400,0.000086,ETH,0.24
2026-02-15,11:13:11,2026-02-15T11:13:11.000Z,Stake,0x974CaA59e49682CdA0AD2bbe82983419A2ECC400,0.000091,ETH,0.25
2026-02-15,11:13:11,2026-02-15T11:13:11.000Z,Stake,0x974CaA59e49682CdA0AD2bbe82983419A2ECC400,0.000086,ETH,0.24
2026-02-15,11:13:11,2026-02-15T11:13:11.000Z,Stake,0x974CaA59e49682CdA0AD2bbe82983419A2ECC400,0.000086,ETH,0.24
2026-02-15,11:13:11,2026-02-15T11:13:11.000Z,Stake,0x974CaA59e49682CdA0AD2bbe82983419A2ECC400,0.000091,ETH,0.26
2026-02-15,11:13:11,2026-02-15T11:13:11.000Z,Stake,0x974CaA59e49682CdA0AD2bbe82983419A2ECC400,0.000086,ETH,0.24
2026-02-15,11:13:11,2026-02-15T11:13:11.000Z,Stake,0x974CaA59e49682CdA0AD2bbe82983419A2ECC400,0.000086,ETH,0.24
2026-02-15,11:13:11,2026-02-15T11:13:11.000Z,Stake,0x974CaA59e49682CdA0AD2bbe82983419A2ECC400,0.000087,ETH,0.24
2026-02-15,11:13:11,2026-02-15T11:13:11.000Z,Stake,0x974CaA59e49682CdA0AD2bbe82983419A2ECC400,0.000086,ETH,0.24
2026-02-15,11:13:11,2026-02-15T11:13:11.000Z,Stake,0x974CaA59e49682CdA0AD2bbe82983419A2ECC400,0.000086,ETH,0.24
2026-02-15,11:13:11,2026-02-15T11:13:11.000Z,Stake,0x974CaA59e49682CdA0AD2bbe82983419A2ECC400,0.000091,ETH,0.25
2026-02-15,11:13:11,2026-02-15T11:13:11.000Z,Stake,0x974CaA59e49682CdA0AD2bbe82983419A2ECC400,0.000091,ETH,0.26
2026-02-15,11:13:11,2026-02-15T11:13:11.000Z,Stake,0x974CaA59e49682CdA0AD2bbe82983419A2ECC400,0.000091,ETH,0.25
2026-02-15,11:13:11,2026-02-15T11:13:11.000Z,Stake,0x974CaA59e49682CdA0AD2bbe82983419A2ECC400,0.000086,ETH,0.24
2026-02-15,11:13:11,2026-02-15T11:13:11.000Z,Stake,0x974CaA59e49682CdA0AD2bbe82983419A2ECC400,0.000091,ETH,0.25
2026-02-15,11:13:11,2026-02-15T11:13:11.000Z,Stake,0x974CaA59e49682CdA0AD2bbe82983419A2ECC400,0.000086,ETH,0.24
2026-02-15,11:13:11,2026-02-15T11:13:11.000Z,Stake,0x974CaA59e49682CdA0AD2bbe82983419A2ECC400,0.000086,ETH,0.24
2026-02-15,11:13:11,2026-02-15T11:13:11.000Z,Stake,0x974CaA59e49682CdA0AD2bbe82983419A2ECC400,0.000086,ETH,0.24
2026-02-15,11:13:11,2026-02-15T11:13:11.000Z,Stake,0x974CaA59e49682CdA0AD2bbe82983419A2ECC400,0.000086,ETH,0.24
2026-02-15,11:13:11,2026-02-15T11:13:11.000Z,Stake,0x974CaA59e49682CdA0AD2bbe82983419A2ECC400,0.000086,ETH,0.24
2026-02-15,11:13:11,2026-02-15T11:13:11.000Z,Stake,0x974CaA59e49682CdA0AD2bbe82983419A2ECC400,0.000091,ETH,0.25
2026-02-15,11:13:11,2026-02-15T11:13:11.000Z,Stake,0x974CaA59e49682CdA0AD2bbe82983419A2ECC400,0.000087,ETH,0.24
2026-02-15,11:13:11,2026-02-15T11:13:11.000Z,Stake,0x974CaA59e49682CdA0AD2bbe82983419A2ECC400,0.000086,ETH,0.24
2026-02-15,11:13:11,2026-02-15T11:13:11.000Z,Stake,0x974CaA59e49682CdA0AD2bbe82983419A2ECC400,0.000087,ETH,0.24
2026-02-15,11:13:11,2026-02-15T11:13:11.000Z,Stake,0x974CaA59e49682CdA0AD2bbe82983419A2ECC400,0.000091,ETH,0.25
2026-02-15,11:13:11,2026-02-15T11:13:11.000Z,Stake,0x974CaA59e49682CdA0AD2bbe82983419A2ECC400,0.000091,ETH,0.26
2026-02-15,11:13:11,2026-02-15T11:13:11.000Z,Stake,0x974CaA59e49682CdA0AD2bbe82983419A2ECC400,0.000086,ETH,0.24
2026-02-15,11:13:11,2026-02-15T11:13:11.000Z,Stake,0x974CaA59e49682CdA0AD2bbe82983419A2ECC400,0.000086,ETH,0.24
2026-02-15,11:13:11,2026-02-15T11:13:11.000Z,Stake,0x974CaA59e49682CdA0AD2bbe82983419A2ECC400,0.000086,ETH,0.24
2026-02-15,11:13:11,2026-02-15T11:13:11.000Z,Stake,0x974CaA59e49682CdA0AD2bbe82983419A2ECC400,0.000091,ETH,0.25
2026-02-15,11:13:11,2026-02-15T11:13:11.000Z,Stake,0x974CaA59e49682CdA0AD2bbe82983419A2ECC400,0.000091,ETH,0.26
2026-02-15,11:13:11,2026-02-15T11:13:11.000Z,Stake,0x974CaA59e49682CdA0AD2bbe82983419A2ECC400,0.000091,ETH,0.25
2026-02-15,11:13:11,2026-02-15T11:13:11.000Z,Stake,0x974CaA59e49682CdA0AD2bbe82983419A2ECC400,0.000091,ETH,0.25
2026-02-15,11:13:11,2026-02-15T11:13:11.000Z,Stake,0x974CaA59e49682CdA0AD2bbe82983419A2ECC400,0.000086,ETH,0.24
2026-02-15,11:13:11,2026-02-15T11:13:11.000Z,Stake,0x974CaA59e49682CdA0AD2bbe82983419A2ECC400,0.000091,ETH,0.25
2026-02-15,11:13:11,2026-02-15T11:13:11.000Z,Stake,0x974CaA59e49682CdA0AD2bbe82983419A2ECC400,0.000086,ETH,0.24
2026-02-15,11:13:11,2026-02-15T11:13:11.000Z,Stake,0x974CaA59e49682CdA0AD2bbe82983419A2ECC400,0.000086,ETH,0.24
2026-02-15,11:13:11,2026-02-15T11:13:11.000Z,Stake,0x974CaA59e49682CdA0AD2bbe82983419A2ECC400,0.000091,ETH,0.25
2026-02-15,11:13:11,2026-02-15T11:13:11.000Z,Stake,0x974CaA59e49682CdA0AD2bbe82983419A2ECC400,0.000091,ETH,0.25
2026-02-15,11:13:11,2026-02-15T11:13:11.000Z,Stake,0x974CaA59e49682CdA0AD2bbe82983419A2ECC400,0.000086,ETH,0.24
2026-02-15,11:13:11,2026-02-15T11:13:11.000Z,Stake,0x974CaA59e49682CdA0AD2bbe82983419A2ECC400,0.000091,ETH,0.25
2026-02-15,11:13:11,2026-02-15T11:13:11.000Z,Stake,0x974CaA59e49682CdA0AD2bbe82983419A2ECC400,0.000086,ETH,0.24
2026-02-15,11:13:11,2026-02-15T11:13:11.000Z,Stake,0x974CaA59e49682CdA0AD2bbe82983419A2ECC400,0.000086,ETH,0.24
2026-02-15,11:13:11,2026-02-15T11:13:11.000Z,Stake,0x974CaA59e49682CdA0AD2bbe82983419A2ECC400,0.000091,ETH,0.25
2026-02-15,11:13:11,2026-02-15T11:13:11.000Z,Stake,0x974CaA59e49682CdA0AD2bbe82983419A2ECC400,0.000087,ETH,0.24
2026-02-15,11:13:11,2026-02-15T11:13:11.000Z,Stake,0x974CaA59e49682CdA0AD2bbe82983419A2ECC400,0.000091,ETH,0.25
2026-02-15,11:13:11,2026-02-15T11:13:11.000Z,Stake,0x974CaA59e49682CdA0AD2bbe82983419A2ECC400,0.000086,ETH,0.24
2026-02-15,11:13:11,2026-02-15T11:13:11.000Z,Stake,0x974CaA59e49682CdA0AD2bbe82983419A2ECC400,0.000086,ETH,0.24
2026-02-15,11:13:11,2026-02-15T11:13:11.000Z,Stake,0x974CaA59e49682CdA0AD2bbe82983419A2ECC400,0.000086,ETH,0.24
2026-02-15,11:13:11,2026-02-15T11:13:11.000Z,Stake,0x974CaA59e49682CdA0AD2bbe82983419A2ECC400,0.000087,ETH,0.24
2026-02-15,11:13:11,2026-02-15T11:13:11.000Z,Stake,0x974CaA59e49682CdA0AD2bbe82983419A2ECC400,0.000091,ETH,0.25
2026-02-15,11:13:11,2026-02-15T11:13:11.000Z,Stake,0x974CaA59e49682CdA0AD2bbe82983419A2ECC400,0.000086,ETH,0.24
2026-02-15,11:13:11,2026-02-15T11:13:11.000Z,Stake,0x974CaA59e49682CdA0AD2bbe82983419A2ECC400,0.000091,ETH,0.25
2026-02-15,11:13:11,2026-02-15T11:13:11.000Z,Stake,0x974CaA59e49682CdA0AD2bbe82983419A2ECC400,0.000091,ETH,0.26
2026-02-15,11:13:11,2026-02-15T11:13:11.000Z,Stake,0x974CaA59e49682CdA0AD2bbe82983419A2ECC400,0.000086,ETH,0.24
2026-02-15,11:13:11,2026-02-15T11:13:11.000Z,Stake,0x974CaA59e49682CdA0AD2bbe82983419A2ECC400,0.000087,ETH,0.24
2026-02-15,11:13:11,2026-02-15T11:13:11.000Z,Stake,0x974CaA59e49682CdA0AD2bbe82983419A2ECC400,0.000091,ETH,0.25
2026-02-15,11:13:11,2026-02-15T11:13:11.000Z,Stake,0x974CaA59e49682CdA0AD2bbe82983419A2ECC400,0.000087,ETH,0.24
2026-02-15,11:13:11,2026-02-15T11:13:11.000Z,Stake,0x974CaA59e49682CdA0AD2bbe82983419A2ECC400,0.000087,ETH,0.24
2026-02-15,11:13:11,2026-02-15T11:13:11.000Z,Stake,0x974CaA59e49682CdA0AD2bbe82983419A2ECC400,0.000086,ETH,0.24
2026-02-15,11:13:11,2026-02-15T11:13:11.000Z,Stake,0x974CaA59e49682CdA0AD2bbe82983419A2ECC400,0.000091,ETH,0.25
2026-02-15,11:13:11,2026-02-15T11:13:11.000Z,Stake,0x974CaA59e49682CdA0AD2bbe82983419A2ECC400,0.000091,ETH,0.25
2026-02-15,11:13:11,2026-02-15T11:13:11.000Z,Stake,0x974CaA59e49682CdA0AD2bbe82983419A2ECC400,0.000091,ETH,0.25
2026-02-15,11:13:11,2026-02-15T11:13:11.000Z,Stake,0x974CaA59e49682CdA0AD2bbe82983419A2ECC400,0.000091,ETH,0.25
2026-02-15,11:13:11,2026-02-15T11:13:11.000Z,Stake,0x974CaA59e49682CdA0AD2bbe82983419A2ECC400,0.000086,ETH,0.24
2026-02-15,11:13:11,2026-02-15T11:13:11.000Z,Stake,0x974CaA59e49682CdA0AD2bbe82983419A2ECC400,0.000086,ETH,0.24
2026-02-15,11:13:11,2026-02-15T11:13:11.000Z,Stake,0x974CaA59e49682CdA0AD2bbe82983419A2ECC400,0.000087,ETH,0.24
2026-02-15,11:13:11,2026-02-15T11:13:11.000Z,Stake,0x974CaA59e49682CdA0AD2bbe82983419A2ECC400,0.000086,ETH,0.24
2026-02-15,11:13:11,2026-02-15T11:13:11.000Z,Stake,0x974CaA59e49682CdA0AD2bbe82983419A2ECC400,0.000087,ETH,0.24
2026-02-15,11:13:11,2026-02-15T11:13:11.000Z,Stake,0x974CaA59e49682CdA0AD2bbe82983419A2ECC400,0.000091,ETH,0.25
2026-02-15,11:13:11,2026-02-15T11:13:11.000Z,Stake,0x974CaA59e49682CdA0AD2bbe82983419A2ECC400,0.000086,ETH,0.24
2026-02-15,11:13:11,2026-02-15T11:13:11.000Z,Stake,0x974CaA59e49682CdA0AD2bbe82983419A2ECC400,0.000091,ETH,0.25
2026-02-15,11:13:11,2026-02-15T11:13:11.000Z,Stake,0x974CaA59e49682CdA0AD2bbe82983419A2ECC400,0.000091,ETH,0.25
2026-02-15,11:13:11,2026-02-15T11:13:11.000Z,Stake,0x974CaA59e49682CdA0AD2bbe82983419A2ECC400,0.000091,ETH,0.25
2026-02-15,11:13:11,2026-02-15T11:13:11.000Z,Stake,0x974CaA59e49682CdA0AD2bbe82983419A2ECC400,0.000091,ETH,0.25
2026-02-15,11:13:11,2026-02-15T11:13:11.000Z,Stake,0x974CaA59e49682CdA0AD2bbe82983419A2ECC400,0.000091,ETH,0.25
2026-02-15,11:13:11,2026-02-15T11:13:11.000Z,Stake,0x974CaA59e49682CdA0AD2bbe82983419A2ECC400,0.000091,ETH,0.26
2026-02-15,11:13:11,2026-02-15T11:13:11.000Z,Stake,0x974CaA59e49682CdA0AD2bbe82983419A2ECC400,0.000091,ETH,0.26
2026-02-15,11:13:11,2026-02-15T11:13:11.000Z,Stake,0x974CaA59e49682CdA0AD2bbe82983419A2ECC400,0.000091,ETH,0.26
2026-02-15,11:13:11,2026-02-15T11:13:11.000Z,Stake,0x974CaA59e49682CdA0AD2bbe82983419A2ECC400,0.000091,ETH,0.26
2026-02-15,11:13:11,2026-02-15T11:13:11.000Z,Stake,0x974CaA59e49682CdA0AD2bbe82983419A2ECC400,0.000091,ETH,0.26
2026-02-15,11:13:11,2026-02-15T11:13:11.000Z,Stake,0x974CaA59e49682CdA0AD2bbe82983419A2ECC400,0.000091,ETH,0.26
2026-02-15,11:13:11,2026-02-15T11:13:11.000Z,Stake,0x974CaA59e49682CdA0AD2bbe82983419A2ECC400,0.000086,ETH,0.24
2026-02-15,11:13:11,2026-02-15T11:13:11.000Z,Stake,0x974CaA59e49682CdA0AD2bbe82983419A2ECC400,0.000091,ETH,0.26
2026-02-15,11:13:11,2026-02-15T11:13:11.000Z,Stake,0x974CaA59e49682CdA0AD2bbe82983419A2ECC400,0.000091,ETH,0.26
2026-02-15,11:13:11,2026-02-15T11:13:11.000Z,Stake,0x974CaA59e49682CdA0AD2bbe82983419A2ECC400,0.000087,ETH,0.24
2026-02-15,11:13:11,2026-02-15T11:13:11.000Z,Stake,0x974CaA59e49682CdA0AD2bbe82983419A2ECC400,0.000100,ETH,0.28
2026-02-15,11:13:11,2026-02-15T11:13:11.000Z,Stake,0x974CaA59e49682CdA0AD2bbe82983419A2ECC400,0.000087,ETH,0.24
2026-02-15,11:13:11,2026-02-15T11:13:11.000Z,Stake,0x974CaA59e49682CdA0AD2bbe82983419A2ECC400,0.000087,ETH,0.24
2026-02-15,11:13:11,2026-02-15T11:13:11.000Z,Stake,0x974CaA59e49682CdA0AD2bbe82983419A2ECC400,0.000087,ETH,0.24
2026-02-15,11:13:11,2026-02-15T11:13:11.000Z,Stake,0x974CaA59e49682CdA0AD2bbe82983419A2ECC400,0.000087,ETH,0.24
2026-02-15,11:13:11,2026-02-15T11:13:11.000Z,Stake,0x974CaA59e49682CdA0AD2bbe82983419A2ECC400,0.000091,ETH,0.26
2026-02-15,11:13:11,2026-02-15T11:13:11.000Z,Stake,0x974CaA59e49682CdA0AD2bbe82983419A2ECC400,0.000091,ETH,0.26
2026-02-15,11:13:11,2026-02-15T11:13:11.000Z,Stake,0x974CaA59e49682CdA0AD2bbe82983419A2ECC400,0.000091,ETH,0.26
2026-02-15,11:13:11,2026-02-15T11:13:11.000Z,Stake,0x974CaA59e49682CdA0AD2bbe82983419A2ECC400,0.000087,ETH,0.24
2026-02-15,11:13:11,2026-02-15T11:13:11.000Z,Stake,0x974CaA59e49682CdA0AD2bbe82983419A2ECC400,0.000091,ETH,0.26
2026-02-15,11:13:11,2026-02-15T11:13:11.000Z,Stake,0x974CaA59e49682CdA0AD2bbe82983419A2ECC400,0.000087,ETH,0.24
2026-02-15,11:13:11,2026-02-15T11:13:11.000Z,Stake,0x974CaA59e49682CdA0AD2bbe82983419A2ECC400,0.000091,ETH,0.26
2026-02-15,11:13:11,2026-02-15T11:13:11.000Z,Stake,0x974CaA59e49682CdA0AD2bbe82983419A2ECC400,0.078959,ETH,221.09
2026-02-15,11:13:11,2026-02-15T11:13:11.000Z,Stake,0x974CaA59e49682CdA0AD2bbe82983419A2ECC400,0.000399,ETH,1.12
2026-02-15,11:13:11,2026-02-15T11:13:11.000Z,Stake,0x974CaA59e49682CdA0AD2bbe82983419A2ECC400,0.000087,ETH,0.24
2026-02-15,11:13:11,2026-02-15T11:13:11.000Z,Stake,0x974CaA59e49682CdA0AD2bbe82983419A2ECC400,0.143892,ETH,402.90
2026-02-15,11:13:11,2026-02-15T11:13:11.000Z,Stake,0x974CaA59e49682CdA0AD2bbe82983419A2ECC400,0.000087,ETH,0.24
2026-02-15,11:13:11,2026-02-15T11:13:11.000Z,Stake,0x974CaA59e49682CdA0AD2bbe82983419A2ECC400,0.000087,ETH,0.24
2026-02-15,11:13:11,2026-02-15T11:13:11.000Z,Stake,0x974CaA59e49682CdA0AD2bbe82983419A2ECC400,0.000100,ETH,0.28
2026-02-15,11:13:11,2026-02-15T11:13:11.000Z,Stake,0x974CaA59e49682CdA0AD2bbe82983419A2ECC400,0.000087,ETH,0.24
2026-02-15,11:13:11,2026-02-15T11:13:11.000Z,Stake,0x974CaA59e49682CdA0AD2bbe82983419A2ECC400,0.000087,ETH,0.24
2026-02-15,11:13:11,2026-02-15T11:13:11.000Z,Stake,0x974CaA59e49682CdA0AD2bbe82983419A2ECC400,0.000091,ETH,0.26
2026-02-15,11:13:11,2026-02-15T11:13:11.000Z,Stake,0x974CaA59e49682CdA0AD2bbe82983419A2ECC400,0.000087,ETH,0.24
2026-02-15,11:13:11,2026-02-15T11:13:11.000Z,Stake,0x974CaA59e49682CdA0AD2bbe82983419A2ECC400,0.000087,ETH,0.24
2026-02-15,11:13:11,2026-02-15T11:13:11.000Z,Stake,0x974CaA59e49682CdA0AD2bbe82983419A2ECC400,0.000087,ETH,0.24
2026-02-15,11:13:11,2026-02-15T11:13:11.000Z,Stake,0x974CaA59e49682CdA0AD2bbe82983419A2ECC400,0.000091,ETH,0.26
2026-02-15,11:13:11,2026-02-15T11:13:11.000Z,Stake,0x974CaA59e49682CdA0AD2bbe82983419A2ECC400,0.000091,ETH,0.26
2026-02-15,11:13:11,2026-02-15T11:13:11.000Z,Stake,0x974CaA59e49682CdA0AD2bbe82983419A2ECC400,0.000087,ETH,0.24
2026-02-15,11:13:11,2026-02-15T11:13:11.000Z,Stake,0x974CaA59e49682CdA0AD2bbe82983419A2ECC400,0.000086,ETH,0.24
2026-02-15,11:13:11,2026-02-15T11:13:11.000Z,Stake,0x974CaA59e49682CdA0AD2bbe82983419A2ECC400,0.000087,ETH,0.24
2026-02-15,11:13:11,2026-02-15T11:13:11.000Z,Stake,0x974CaA59e49682CdA0AD2bbe82983419A2ECC400,0.000087,ETH,0.24
2026-02-15,11:13:11,2026-02-15T11:13:11.000Z,Stake,0x974CaA59e49682CdA0AD2bbe82983419A2ECC400,0.000091,ETH,0.26
2026-02-15,11:13:11,2026-02-15T11:13:11.000Z,Stake,0x974CaA59e49682CdA0AD2bbe82983419A2ECC400,0.000091,ETH,0.26
2026-02-15,11:13:11,2026-02-15T11:13:11.000Z,Stake,0x974CaA59e49682CdA0AD2bbe82983419A2ECC400,0.000091,ETH,0.26
2026-02-15,11:13:11,2026-02-15T11:13:11.000Z,Stake,0x974CaA59e49682CdA0AD2bbe82983419A2ECC400,0.000087,ETH,0.24
2026-02-15,11:13:11,2026-02-15T11:13:11.000Z,Stake,0x974CaA59e49682CdA0AD2bbe82983419A2ECC400,0.000087,ETH,0.24
2026-02-15,11:13:11,2026-02-15T11:13:11.000Z,Stake,0x974CaA59e49682CdA0AD2bbe82983419A2ECC400,0.000091,ETH,0.26
2026-02-15,11:13:11,2026-02-15T11:13:11.000Z,Stake,0x974CaA59e49682CdA0AD2bbe82983419A2ECC400,0.000087,ETH,0.24
2026-02-15,11:13:11,2026-02-15T11:13:11.000Z,Stake,0x974CaA59e49682CdA0AD2bbe82983419A2ECC400,0.000086,ETH,0.24
2026-02-15,11:13:11,2026-02-15T11:13:11.000Z,Stake,0x974CaA59e49682CdA0AD2bbe82983419A2ECC400,0.000100,ETH,0.28
2026-02-15,11:13:11,2026-02-15T11:13:11.000Z,Stake,0x974CaA59e49682CdA0AD2bbe82983419A2ECC400,0.000087,ETH,0.24
2026-02-15,11:13:11,2026-02-15T11:13:11.000Z,Stake,0x974CaA59e49682CdA0AD2bbe82983419A2ECC400,0.010949,ETH,30.66
2026-02-15,11:13:11,2026-02-15T11:13:11.000Z,Stake,0x974CaA59e49682CdA0AD2bbe82983419A2ECC400,0.000091,ETH,0.26
2026-02-15,11:13:11,2026-02-15T11:13:11.000Z,Stake,0x974CaA59e49682CdA0AD2bbe82983419A2ECC400,0.000091,ETH,0.26
2026-02-15,11:13:11,2026-02-15T11:13:11.000Z,Stake,0x974CaA59e49682CdA0AD2bbe82983419A2ECC400,0.000091,ETH,0.26
2026-02-15,11:13:11,2026-02-15T11:13:11.000Z,Stake,0x974CaA59e49682CdA0AD2bbe82983419A2ECC400,0.015627,ETH,43.76
2026-02-15,11:13:11,2026-02-15T11:13:11.000Z,Stake,0x974CaA59e49682CdA0AD2bbe82983419A2ECC400,0.062273,ETH,174.36
2026-02-15,11:13:11,2026-02-15T11:13:11.000Z,Stake,0x974CaA59e49682CdA0AD2bbe82983419A2ECC400,0.000100,ETH,0.28
2026-02-15,11:13:11,2026-02-15T11:13:11.000Z,Stake,0x974CaA59e49682CdA0AD2bbe82983419A2ECC400,0.000100,ETH,0.28
2026-02-15,11:13:11,2026-02-15T11:13:11.000Z,Stake,0x974CaA59e49682CdA0AD2bbe82983419A2ECC400,0.000091,ETH,0.26
2026-02-15,11:13:11,2026-02-15T11:13:11.000Z,Stake,0x974CaA59e49682CdA0AD2bbe82983419A2ECC400,0.000087,ETH,0.24
2026-02-15,11:13:11,2026-02-15T11:13:11.000Z,Stake,0x974CaA59e49682CdA0AD2bbe82983419A2ECC400,0.189999,ETH,532.00
2026-02-15,11:13:11,2026-02-15T11:13:11.000Z,Stake,0x974CaA59e49682CdA0AD2bbe82983419A2ECC400,0.000091,ETH,0.26
2026-02-15,11:13:11,2026-02-15T11:13:11.000Z,Stake,0x974CaA59e49682CdA0AD2bbe82983419A2ECC400,0.000087,ETH,0.24
2026-02-15,11:13:11,2026-02-15T11:13:11.000Z,Stake,0x974CaA59e49682CdA0AD2bbe82983419A2ECC400,0.000087,ETH,0.24
2026-02-15,11:13:11,2026-02-15T11:13:11.000Z,Stake,0x974CaA59e49682CdA0AD2bbe82983419A2ECC400,0.000091,ETH,0.26
2026-02-15,11:13:11,2026-02-15T11:13:11.000Z,Stake,0x974CaA59e49682CdA0AD2bbe82983419A2ECC400,0.000087,ETH,0.24
2026-02-15,11:13:11,2026-02-15T11:13:11.000Z,Stake,0x974CaA59e49682CdA0AD2bbe82983419A2ECC400,0.000091,ETH,0.26
2026-02-15,11:13:11,2026-02-15T11:13:11.000Z,Stake,0x974CaA59e49682CdA0AD2bbe82983419A2ECC400,0.000091,ETH,0.26
2026-02-15,11:13:11,2026-02-15T11:13:11.000Z,Stake,0x974CaA59e49682CdA0AD2bbe82983419A2ECC400,0.000091,ETH,0.26
2026-02-15,11:13:11,2026-02-15T11:13:11.000Z,Stake,0x974CaA59e49682CdA0AD2bbe82983419A2ECC400,0.000087,ETH,0.24
2026-02-15,11:13:11,2026-02-15T11:13:11.000Z,Stake,0x974CaA59e49682CdA0AD2bbe82983419A2ECC400,0.000091,ETH,0.26
2026-02-15,11:13:11,2026-02-15T11:13:11.000Z,Stake,0x974CaA59e49682CdA0AD2bbe82983419A2ECC400,0.000091,ETH,0.26
2026-02-15,11:13:11,2026-02-15T11:13:11.000Z,Stake,0x974CaA59e49682CdA0AD2bbe82983419A2ECC400,0.000087,ETH,0.24
2026-02-15,11:13:11,2026-02-15T11:13:11.000Z,Stake,0x974CaA59e49682CdA0AD2bbe82983419A2ECC400,0.000091,ETH,0.26
2026-02-15,11:13:11,2026-02-15T11:13:11.000Z,Stake,0x974CaA59e49682CdA0AD2bbe82983419A2ECC400,0.000087,ETH,0.24
2026-02-15,11:13:11,2026-02-15T11:13:11.000Z,Stake,0x974CaA59e49682CdA0AD2bbe82983419A2ECC400,0.000100,ETH,0.28
2026-02-15,11:13:11,2026-02-15T11:13:11.000Z,Stake,0x974CaA59e49682CdA0AD2bbe82983419A2ECC400,0.000091,ETH,0.26
2026-02-15,11:13:11,2026-02-15T11:13:11.000Z,Stake,0x974CaA59e49682CdA0AD2bbe82983419A2ECC400,0.000087,ETH,0.24
2026-02-15,11:13:11,2026-02-15T11:13:11.000Z,Stake,0x974CaA59e49682CdA0AD2bbe82983419A2ECC400,0.000091,ETH,0.26
2026-02-15,11:13:11,2026-02-15T11:13:11.000Z,Stake,0x974CaA59e49682CdA0AD2bbe82983419A2ECC400,0.000087,ETH,0.24
2026-02-15,11:13:11,2026-02-15T11:13:11.000Z,Stake,0x974CaA59e49682CdA0AD2bbe82983419A2ECC400,0.000091,ETH,0.26
2026-02-15,11:13:11,2026-02-15T11:13:11.000Z,Stake,0x974CaA59e49682CdA0AD2bbe82983419A2ECC400,0.000091,ETH,0.26
2026-02-15,11:13:11,2026-02-15T11:13:11.000Z,Stake,0x974CaA59e49682CdA0AD2bbe82983419A2ECC400,0.000100,ETH,0.28
2026-02-15,11:13:11,2026-02-15T11:13:11.000Z,Stake,0x974CaA59e49682CdA0AD2bbe82983419A2ECC400,0.010135,ETH,28.38
2026-02-15,11:13:11,2026-02-15T11:13:11.000Z,Stake,0x974CaA59e49682CdA0AD2bbe82983419A2ECC400,0.000091,ETH,0.26
2026-02-15,11:13:11,2026-02-15T11:13:11.000Z,Stake,0x974CaA59e49682CdA0AD2bbe82983419A2ECC400,0.000091,ETH,0.26
2026-02-15,11:13:11,2026-02-15T11:13:11.000Z,Stake,0x974CaA59e49682CdA0AD2bbe82983419A2ECC400,0.000087,ETH,0.24
2026-02-15,11:13:11,2026-02-15T11:13:11.000Z,Stake,0x974CaA59e49682CdA0AD2bbe82983419A2ECC400,0.000087,ETH,0.24
2026-02-15,11:13:11,2026-02-15T11:13:11.000Z,Stake,0x974CaA59e49682CdA0AD2bbe82983419A2ECC400,0.000087,ETH,0.24
2026-02-15,11:13:11,2026-02-15T11:13:11.000Z,Stake,0x974CaA59e49682CdA0AD2bbe82983419A2ECC400,0.000091,ETH,0.26
2026-02-15,11:13:11,2026-02-15T11:13:11.000Z,Stake,0x974CaA59e49682CdA0AD2bbe82983419A2ECC400,0.002027,ETH,5.68
2026-02-15,11:13:11,2026-02-15T11:13:11.000Z,Stake,0x974CaA59e49682CdA0AD2bbe82983419A2ECC400,0.070695,ETH,197.95
2026-02-15,11:13:11,2026-02-15T11:13:11.000Z,Stake,0x974CaA59e49682CdA0AD2bbe82983419A2ECC400,0.023068,ETH,64.59
2026-02-15,11:13:11,2026-02-15T11:13:11.000Z,Stake,0x974CaA59e49682CdA0AD2bbe82983419A2ECC400,0.490300,ETH,1372.84
2026-02-15,11:13:11,2026-02-15T11:13:11.000Z,Stake,0x974CaA59e49682CdA0AD2bbe82983419A2ECC400,0.142749,ETH,399.70
2026-02-15,11:13:11,2026-02-15T11:13:11.000Z,Stake,0x974CaA59e49682CdA0AD2bbe82983419A2ECC400,0.005746,ETH,16.09
2026-02-15,11:13:11,2026-02-15T11:13:11.000Z,Stake,0x974CaA59e49682CdA0AD2bbe82983419A2ECC400,0.000091,ETH,0.26
2026-02-15,11:13:11,2026-02-15T11:13:11.000Z,Stake,0x974CaA59e49682CdA0AD2bbe82983419A2ECC400,0.000087,ETH,0.24
2026-02-15,11:13:11,2026-02-15T11:13:11.000Z,Stake,0x974CaA59e49682CdA0AD2bbe82983419A2ECC400,0.000091,ETH,0.26
2026-02-15,11:13:11,2026-02-15T11:13:11.000Z,Stake,0x974CaA59e49682CdA0AD2bbe82983419A2ECC400,0.000087,ETH,0.24
2026-02-15,11:13:11,2026-02-15T11:13:11.000Z,Stake,0x974CaA59e49682CdA0AD2bbe82983419A2ECC400,0.268088,ETH,750.65
2026-02-15,11:14:11,2026-02-15T11:14:11.000Z,Rollbit,0xcbd6832ebc203e49e2b771897067fce3c58575ac,0.005698,ETH,15.96
2026-02-15,11:14:23,2026-02-15T11:14:23.000Z,Bitcasino,0x5bcbdfb6cc624b959c39a2d16110d1f2d9204f72,0.239463,ETH,670.50
2026-02-15,11:14:35,2026-02-15T11:14:35.000Z,Rollbit,0xcbd6832ebc203e49e2b771897067fce3c58575ac,0.026939,ETH,75.43
2026-02-15,11:14:35,2026-02-15T11:14:35.000Z,Rollbit,0xcbd6832ebc203e49e2b771897067fce3c58575ac,0.000163,ETH,0.46
2026-02-15,11:14:47,2026-02-15T11:14:47.000Z,Bitcasino,0x5bcbdfb6cc624b959c39a2d16110d1f2d9204f72,0.147947,ETH,414.25
2026-02-15,11:14:59,2026-02-15T11:14:59.000Z,Stake 11,0x787b8840100d9baadd7463f4a73b5ba73b00c6ca,0.052565,ETH,147.18
2026-02-15,11:14:59,2026-02-15T11:14:59.000Z,Stake 11,0x787b8840100d9baadd7463f4a73b5ba73b00c6ca,0.004127,ETH,11.56
2026-02-15,11:14:59,2026-02-15T11:14:59.000Z,Stake 11,0x787b8840100d9baadd7463f4a73b5ba73b00c6ca,0.011488,ETH,32.17
2026-02-15,11:14:59,2026-02-15T11:14:59.000Z,Rollbit,0xcbd6832ebc203e49e2b771897067fce3c58575ac,0.519999,ETH,1456.00
2026-02-15,11:15:11,2026-02-15T11:15:11.000Z,Bitcasino,0x5bcbdfb6cc624b959c39a2d16110d1f2d9204f72,0.119999,ETH,336.00
2026-02-15,11:15:35,2026-02-15T11:15:35.000Z,Stake,0x974CaA59e49682CdA0AD2bbe82983419A2ECC400,0.000086,ETH,0.24
2026-02-15,11:15:35,2026-02-15T11:15:35.000Z,Stake,0x974CaA59e49682CdA0AD2bbe82983419A2ECC400,0.192064,ETH,537.78
2026-02-15,11:15:35,2026-02-15T11:15:35.000Z,Stake,0x974CaA59e49682CdA0AD2bbe82983419A2ECC400,0.000091,ETH,0.25
2026-02-15,11:15:35,2026-02-15T11:15:35.000Z,Stake,0x974CaA59e49682CdA0AD2bbe82983419A2ECC400,2.262656,ETH,6335.44
2026-02-15,11:15:35,2026-02-15T11:15:35.000Z,Stake,0x974CaA59e49682CdA0AD2bbe82983419A2ECC400,0.000086,ETH,0.24
2026-02-15,11:15:47,2026-02-15T11:15:47.000Z,Stake,0x974CaA59e49682CdA0AD2bbe82983419A2ECC400,0.000086,ETH,0.24
2026-02-15,11:15:47,2026-02-15T11:15:47.000Z,Stake,0x974CaA59e49682CdA0AD2bbe82983419A2ECC400,0.000086,ETH,0.24
2026-02-15,11:15:47,2026-02-15T11:15:47.000Z,Stake,0x974CaA59e49682CdA0AD2bbe82983419A2ECC400,0.000088,ETH,0.25
2026-02-15,11:15:47,2026-02-15T11:15:47.000Z,Stake,0x974CaA59e49682CdA0AD2bbe82983419A2ECC400,0.000086,ETH,0.24
2026-02-15,11:15:47,2026-02-15T11:15:47.000Z,Stake,0x974CaA59e49682CdA0AD2bbe82983419A2ECC400,0.000086,ETH,0.24
2026-02-15,11:15:47,2026-02-15T11:15:47.000Z,Stake,0x974CaA59e49682CdA0AD2bbe82983419A2ECC400,0.000086,ETH,0.24
2026-02-15,11:16:59,2026-02-15T11:16:59.000Z,Rollbit,0xcbd6832ebc203e49e2b771897067fce3c58575ac,0.089999,ETH,252.00
2026-02-15,11:17:23,2026-02-15T11:17:23.000Z,Stake,0x974CaA59e49682CdA0AD2bbe82983419A2ECC400,0.739013,ETH,2069.24
2026-02-15,11:17:23,2026-02-15T11:17:23.000Z,Stake,0x974CaA59e49682CdA0AD2bbe82983419A2ECC400,0.025650,ETH,71.82
2026-02-15,11:17:23,2026-02-15T11:17:23.000Z,Stake,0x974CaA59e49682CdA0AD2bbe82983419A2ECC400,0.003274,ETH,9.17
2026-02-15,11:17:23,2026-02-15T11:17:23.000Z,Stake,0x974CaA59e49682CdA0AD2bbe82983419A2ECC400,0.000118,ETH,0.33
2026-02-15,11:17:23,2026-02-15T11:17:23.000Z,Stake,0x974CaA59e49682CdA0AD2bbe82983419A2ECC400,0.000118,ETH,0.33
2026-02-15,11:17:23,2026-02-15T11:17:23.000Z,Stake,0x974CaA59e49682CdA0AD2bbe82983419A2ECC400,0.000118,ETH,0.33
2026-02-15,11:17:23,2026-02-15T11:17:23.000Z,Stake,0x974CaA59e49682CdA0AD2bbe82983419A2ECC400,0.067706,ETH,189.58
2026-02-15,11:17:23,2026-02-15T11:17:23.000Z,Stake,0x974CaA59e49682CdA0AD2bbe82983419A2ECC400,0.000132,ETH,0.37
2026-02-15,11:17:23,2026-02-15T11:17:23.000Z,Stake,0x974CaA59e49682CdA0AD2bbe82983419A2ECC400,0.194996,ETH,545.99
2026-02-15,11:17:23,2026-02-15T11:17:23.000Z,Stake,0x974CaA59e49682CdA0AD2bbe82983419A2ECC400,0.031983,ETH,89.55
2026-02-15,11:17:23,2026-02-15T11:17:23.000Z,Stake,0x974CaA59e49682CdA0AD2bbe82983419A2ECC400,0.088849,ETH,248.78
2026-02-15,11:17:23,2026-02-15T11:17:23.000Z,Stake,0x974CaA59e49682CdA0AD2bbe82983419A2ECC400,0.000132,ETH,0.37
2026-02-15,11:17:23,2026-02-15T11:17:23.000Z,Stake,0x974CaA59e49682CdA0AD2bbe82983419A2ECC400,0.060737,ETH,170.06
2026-02-15,11:17:23,2026-02-15T11:17:23.000Z,Stake,0x974CaA59e49682CdA0AD2bbe82983419A2ECC400,0.000088,ETH,0.25
2026-02-15,11:17:23,2026-02-15T11:17:23.000Z,Stake,0x974CaA59e49682CdA0AD2bbe82983419A2ECC400,0.010879,ETH,30.46
2026-02-15,11:17:23,2026-02-15T11:17:23.000Z,Stake,0x974CaA59e49682CdA0AD2bbe82983419A2ECC400,0.000118,ETH,0.33
2026-02-15,11:17:23,2026-02-15T11:17:23.000Z,Stake,0x974CaA59e49682CdA0AD2bbe82983419A2ECC400,0.017154,ETH,48.03
2026-02-15,11:17:23,2026-02-15T11:17:23.000Z,Stake,0x974CaA59e49682CdA0AD2bbe82983419A2ECC400,0.000094,ETH,0.26
2026-02-15,11:17:23,2026-02-15T11:17:23.000Z,Stake,0x974CaA59e49682CdA0AD2bbe82983419A2ECC400,0.044723,ETH,125.22
2026-02-15,11:17:23,2026-02-15T11:17:23.000Z,Stake,0x974CaA59e49682CdA0AD2bbe82983419A2ECC400,0.054162,ETH,151.65
2026-02-15,11:17:23,2026-02-15T11:17:23.000Z,Stake,0x974CaA59e49682CdA0AD2bbe82983419A2ECC400,0.045780,ETH,128.18
2026-02-15,11:17:23,2026-02-15T11:17:23.000Z,Stake,0x974CaA59e49682CdA0AD2bbe82983419A2ECC400,0.101847,ETH,285.17
2026-02-15,11:17:23,2026-02-15T11:17:23.000Z,Stake,0x974CaA59e49682CdA0AD2bbe82983419A2ECC400,0.010439,ETH,29.23
2026-02-15,11:17:23,2026-02-15T11:17:23.000Z,Stake,0x974CaA59e49682CdA0AD2bbe82983419A2ECC400,0.153094,ETH,428.66
2026-02-15,11:17:23,2026-02-15T11:17:23.000Z,Stake,0x974CaA59e49682CdA0AD2bbe82983419A2ECC400,0.078729,ETH,220.44
2026-02-15,11:17:23,2026-02-15T11:17:23.000Z,Stake,0x974CaA59e49682CdA0AD2bbe82983419A2ECC400,0.434712,ETH,1217.19
2026-02-15,11:17:23,2026-02-15T11:17:23.000Z,Stake,0x974CaA59e49682CdA0AD2bbe82983419A2ECC400,0.113199,ETH,316.96
2026-02-15,11:17:23,2026-02-15T11:17:23.000Z,Stake,0x974CaA59e49682CdA0AD2bbe82983419A2ECC400,0.000132,ETH,0.37
2026-02-15,11:17:23,2026-02-15T11:17:23.000Z,Stake 11,0x787b8840100d9baadd7463f4a73b5ba73b00c6ca,0.023714,ETH,66.40
2026-02-15,11:17:35,2026-02-15T11:17:35.000Z,Stake 11,0x787b8840100d9baadd7463f4a73b5ba73b00c6ca,0.057626,ETH,161.35
2026-02-15,11:17:35,2026-02-15T11:17:35.000Z,Stake 11,0x787b8840100d9baadd7463f4a73b5ba73b00c6ca,0.329308,ETH,922.06
2026-02-15,11:17:47,2026-02-15T11:17:47.000Z,Rollbit,0xcbd6832ebc203e49e2b771897067fce3c58575ac,0.024232,ETH,67.85
2026-02-15,11:18:11,2026-02-15T11:18:11.000Z,Stake,0x974CaA59e49682CdA0AD2bbe82983419A2ECC400,0.133466,ETH,373.71
2026-02-15,11:18:11,2026-02-15T11:18:11.000Z,Rollbit,0xcbd6832ebc203e49e2b771897067fce3c58575ac,0.000162,ETH,0.45
2026-02-15,11:18:47,2026-02-15T11:18:47.000Z,Stake,0x974CaA59e49682CdA0AD2bbe82983419A2ECC400,4.869912,ETH,13635.75
2026-02-15,11:20:23,2026-02-15T11:20:23.000Z,Rollbit,0xcbd6832ebc203e49e2b771897067fce3c58575ac,0.007262,ETH,20.33
2026-02-15,11:20:23,2026-02-15T11:20:23.000Z,Rollbit,0xcbd6832ebc203e49e2b771897067fce3c58575ac,0.065149,ETH,182.42
2026-02-15,11:20:35,2026-02-15T11:20:35.000Z,Rollbit,0xcbd6832ebc203e49e2b771897067fce3c58575ac,0.000163,ETH,0.46
2026-02-15,11:22:59,2026-02-15T11:22:59.000Z,Rollbit,0xcbd6832ebc203e49e2b771897067fce3c58575ac,0.024434,ETH,68.41
2026-02-15,11:23:11,2026-02-15T11:23:11.000Z,Roobet,0xc94ebb328ac25b95db0e0aa968371885fa516215,21.281464,ETH,59588.10
2026-02-15,11:23:23,2026-02-15T11:23:23.000Z,Rollbit,0xcbd6832ebc203e49e2b771897067fce3c58575ac,0.026128,ETH,73.16
2026-02-15,11:26:23,2026-02-15T11:26:23.000Z,Stake 11,0x787b8840100d9baadd7463f4a73b5ba73b00c6ca,0.133651,ETH,374.22
2026-02-15,11:26:23,2026-02-15T11:26:23.000Z,Rollbit,0xcbd6832ebc203e49e2b771897067fce3c58575ac,0.011250,ETH,31.50
2026-02-15,11:26:59,2026-02-15T11:26:59.000Z,Rollbit,0xcbd6832ebc203e49e2b771897067fce3c58575ac,0.179976,ETH,503.93
2026-02-15,11:28:11,2026-02-15T11:28:11.000Z,Stake,0x974CaA59e49682CdA0AD2bbe82983419A2ECC400,0.000119,ETH,0.33
2026-02-15,11:28:11,2026-02-15T11:28:11.000Z,Stake,0x974CaA59e49682CdA0AD2bbe82983419A2ECC400,0.000119,ETH,0.33
2026-02-15,11:28:11,2026-02-15T11:28:11.000Z,Stake,0x974CaA59e49682CdA0AD2bbe82983419A2ECC400,0.000119,ETH,0.33
2026-02-15,11:28:11,2026-02-15T11:28:11.000Z,Stake,0x974CaA59e49682CdA0AD2bbe82983419A2ECC400,0.000119,ETH,0.33
2026-02-15,11:28:11,2026-02-15T11:28:11.000Z,Stake,0x974CaA59e49682CdA0AD2bbe82983419A2ECC400,0.000024,ETH,0.07
2026-02-15,11:28:11,2026-02-15T11:28:11.000Z,Stake,0x974CaA59e49682CdA0AD2bbe82983419A2ECC400,0.061340,ETH,171.75
2026-02-15,11:28:11,2026-02-15T11:28:11.000Z,Stake,0x974CaA59e49682CdA0AD2bbe82983419A2ECC400,0.026175,ETH,73.29
2026-02-15,11:28:11,2026-02-15T11:28:11.000Z,Stake,0x974CaA59e49682CdA0AD2bbe82983419A2ECC400,0.019881,ETH,55.67
2026-02-15,11:28:11,2026-02-15T11:28:11.000Z,Stake,0x974CaA59e49682CdA0AD2bbe82983419A2ECC400,0.000106,ETH,0.30
2026-02-15,11:28:11,2026-02-15T11:28:11.000Z,Stake,0x974CaA59e49682CdA0AD2bbe82983419A2ECC400,0.000100,ETH,0.28
2026-02-15,11:28:11,2026-02-15T11:28:11.000Z,Stake,0x974CaA59e49682CdA0AD2bbe82983419A2ECC400,0.000102,ETH,0.29
2026-02-15,11:28:11,2026-02-15T11:28:11.000Z,Stake,0x974CaA59e49682CdA0AD2bbe82983419A2ECC400,0.040066,ETH,112.18
2026-02-15,11:28:11,2026-02-15T11:28:11.000Z,Stake,0x974CaA59e49682CdA0AD2bbe82983419A2ECC400,0.003371,ETH,9.44
2026-02-15,11:28:11,2026-02-15T11:28:11.000Z,Stake,0x974CaA59e49682CdA0AD2bbe82983419A2ECC400,0.007862,ETH,22.01
2026-02-15,11:28:11,2026-02-15T11:28:11.000Z,Stake,0x974CaA59e49682CdA0AD2bbe82983419A2ECC400,0.035209,ETH,98.59
2026-02-15,11:28:11,2026-02-15T11:28:11.000Z,Stake,0x974CaA59e49682CdA0AD2bbe82983419A2ECC400,0.009645,ETH,27.01
2026-02-15,11:28:11,2026-02-15T11:28:11.000Z,Stake,0x974CaA59e49682CdA0AD2bbe82983419A2ECC400,0.329230,ETH,921.84
2026-02-15,11:28:11,2026-02-15T11:28:11.000Z,Stake,0x974CaA59e49682CdA0AD2bbe82983419A2ECC400,0.000091,ETH,0.26
2026-02-15,11:28:11,2026-02-15T11:28:11.000Z,Stake,0x974CaA59e49682CdA0AD2bbe82983419A2ECC400,2.201139,ETH,6163.19
2026-02-15,11:28:11,2026-02-15T11:28:11.000Z,Stake,0x974CaA59e49682CdA0AD2bbe82983419A2ECC400,0.566217,ETH,1585.41
2026-02-15,11:28:11,2026-02-15T11:28:11.000Z,Stake,0x974CaA59e49682CdA0AD2bbe82983419A2ECC400,0.000100,ETH,0.28
2026-02-15,11:28:11,2026-02-15T11:28:11.000Z,Stake,0x974CaA59e49682CdA0AD2bbe82983419A2ECC400,0.068107,ETH,190.70
2026-02-15,11:28:11,2026-02-15T11:28:11.000Z,Stake,0x974CaA59e49682CdA0AD2bbe82983419A2ECC400,0.004846,ETH,13.57
2026-02-15,11:28:11,2026-02-15T11:28:11.000Z,Stake,0x974CaA59e49682CdA0AD2bbe82983419A2ECC400,0.127594,ETH,357.26
2026-02-15,11:28:11,2026-02-15T11:28:11.000Z,Stake,0x974CaA59e49682CdA0AD2bbe82983419A2ECC400,0.020978,ETH,58.74
2026-02-15,11:28:11,2026-02-15T11:28:11.000Z,Stake,0x974CaA59e49682CdA0AD2bbe82983419A2ECC400,0.000106,ETH,0.30
2026-02-15,11:28:11,2026-02-15T11:28:11.000Z,Stake,0x974CaA59e49682CdA0AD2bbe82983419A2ECC400,0.114126,ETH,319.55
2026-02-15,11:28:11,2026-02-15T11:28:11.000Z,Stake,0x974CaA59e49682CdA0AD2bbe82983419A2ECC400,0.000110,ETH,0.31
2026-02-15,11:28:11,2026-02-15T11:28:11.000Z,Stake,0x974CaA59e49682CdA0AD2bbe82983419A2ECC400,0.021459,ETH,60.09
2026-02-15,11:28:11,2026-02-15T11:28:11.000Z,Stake,0x974CaA59e49682CdA0AD2bbe82983419A2ECC400,0.000110,ETH,0.31
2026-02-15,11:28:11,2026-02-15T11:28:11.000Z,Stake,0x974CaA59e49682CdA0AD2bbe82983419A2ECC400,0.005917,ETH,16.57
2026-02-15,11:28:11,2026-02-15T11:28:11.000Z,Stake,0x974CaA59e49682CdA0AD2bbe82983419A2ECC400,0.000096,ETH,0.27
2026-02-15,11:28:11,2026-02-15T11:28:11.000Z,Stake,0x974CaA59e49682CdA0AD2bbe82983419A2ECC400,0.054412,ETH,152.35
2026-02-15,11:28:11,2026-02-15T11:28:11.000Z,Stake,0x974CaA59e49682CdA0AD2bbe82983419A2ECC400,0.000085,ETH,0.24
2026-02-15,11:28:11,2026-02-15T11:28:11.000Z,Stake,0x974CaA59e49682CdA0AD2bbe82983419A2ECC400,0.000106,ETH,0.30
2026-02-15,11:28:11,2026-02-15T11:28:11.000Z,Stake,0x974CaA59e49682CdA0AD2bbe82983419A2ECC400,0.000091,ETH,0.26
2026-02-15,11:28:11,2026-02-15T11:28:11.000Z,Stake,0x974CaA59e49682CdA0AD2bbe82983419A2ECC400,0.114516,ETH,320.64
2026-02-15,11:28:11,2026-02-15T11:28:11.000Z,Stake,0x974CaA59e49682CdA0AD2bbe82983419A2ECC400,0.728699,ETH,2040.36
2026-02-15,11:28:11,2026-02-15T11:28:11.000Z,Stake,0x974CaA59e49682CdA0AD2bbe82983419A2ECC400,0.151829,ETH,425.12
2026-02-15,11:28:11,2026-02-15T11:28:11.000Z,Stake,0x974CaA59e49682CdA0AD2bbe82983419A2ECC400,0.382499,ETH,1071.00
2026-02-15,11:28:11,2026-02-15T11:28:11.000Z,Stake,0x974CaA59e49682CdA0AD2bbe82983419A2ECC400,0.000100,ETH,0.28
2026-02-15,11:28:11,2026-02-15T11:28:11.000Z,Stake,0x974CaA59e49682CdA0AD2bbe82983419A2ECC400,0.000106,ETH,0.30
2026-02-15,11:28:11,2026-02-15T11:28:11.000Z,Stake,0x974CaA59e49682CdA0AD2bbe82983419A2ECC400,0.069724,ETH,195.23
2026-02-15,11:28:11,2026-02-15T11:28:11.000Z,Stake,0x974CaA59e49682CdA0AD2bbe82983419A2ECC400,0.229537,ETH,642.70
2026-02-15,11:28:11,2026-02-15T11:28:11.000Z,Stake,0x974CaA59e49682CdA0AD2bbe82983419A2ECC400,0.016345,ETH,45.76
2026-02-15,11:28:11,2026-02-15T11:28:11.000Z,Stake,0x974CaA59e49682CdA0AD2bbe82983419A2ECC400,0.451617,ETH,1264.53
2026-02-15,11:28:11,2026-02-15T11:28:11.000Z,Stake,0x974CaA59e49682CdA0AD2bbe82983419A2ECC400,0.000091,ETH,0.26
2026-02-15,11:28:11,2026-02-15T11:28:11.000Z,Stake,0x974CaA59e49682CdA0AD2bbe82983419A2ECC400,0.617428,ETH,1728.80
2026-02-15,11:28:11,2026-02-15T11:28:11.000Z,Stake,0x974CaA59e49682CdA0AD2bbe82983419A2ECC400,0.080045,ETH,224.12
2026-02-15,11:28:11,2026-02-15T11:28:11.000Z,Stake,0x974CaA59e49682CdA0AD2bbe82983419A2ECC400,0.033933,ETH,95.01
2026-02-15,11:28:11,2026-02-15T11:28:11.000Z,Stake,0x974CaA59e49682CdA0AD2bbe82983419A2ECC400,0.017972,ETH,50.32
2026-02-15,11:28:11,2026-02-15T11:28:11.000Z,Stake,0x974CaA59e49682CdA0AD2bbe82983419A2ECC400,0.202624,ETH,567.35
2026-02-15,11:28:11,2026-02-15T11:28:11.000Z,Stake,0x974CaA59e49682CdA0AD2bbe82983419A2ECC400,0.051485,ETH,144.16
2026-02-15,11:28:11,2026-02-15T11:28:11.000Z,Stake,0x974CaA59e49682CdA0AD2bbe82983419A2ECC400,0.000110,ETH,0.31
2026-02-15,11:28:11,2026-02-15T11:28:11.000Z,Stake,0x974CaA59e49682CdA0AD2bbe82983419A2ECC400,0.480442,ETH,1345.24
2026-02-15,11:28:11,2026-02-15T11:28:11.000Z,Stake,0x974CaA59e49682CdA0AD2bbe82983419A2ECC400,0.000099,ETH,0.28
2026-02-15,11:28:11,2026-02-15T11:28:11.000Z,Stake,0x974CaA59e49682CdA0AD2bbe82983419A2ECC400,0.069706,ETH,195.18
2026-02-15,11:28:11,2026-02-15T11:28:11.000Z,Stake,0x974CaA59e49682CdA0AD2bbe82983419A2ECC400,0.006003,ETH,16.81
2026-02-15,11:28:11,2026-02-15T11:28:11.000Z,Stake,0x974CaA59e49682CdA0AD2bbe82983419A2ECC400,0.000100,ETH,0.28
2026-02-15,11:28:11,2026-02-15T11:28:11.000Z,Stake,0x974CaA59e49682CdA0AD2bbe82983419A2ECC400,0.045533,ETH,127.49
2026-02-15,11:28:11,2026-02-15T11:28:11.000Z,Stake,0x974CaA59e49682CdA0AD2bbe82983419A2ECC400,0.000106,ETH,0.30
2026-02-15,11:28:11,2026-02-15T11:28:11.000Z,Stake,0x974CaA59e49682CdA0AD2bbe82983419A2ECC400,0.000631,ETH,1.77
2026-02-15,11:28:11,2026-02-15T11:28:11.000Z,Stake,0x974CaA59e49682CdA0AD2bbe82983419A2ECC400,0.257122,ETH,719.94
2026-02-15,11:28:35,2026-02-15T11:28:35.000Z,Rollbit,0xcbd6832ebc203e49e2b771897067fce3c58575ac,0.096551,ETH,270.34
2026-02-15,11:29:23,2026-02-15T11:29:23.000Z,Stake 11,0x787b8840100d9baadd7463f4a73b5ba73b00c6ca,0.105960,ETH,296.69
2026-02-15,11:29:23,2026-02-15T11:29:23.000Z,Stake 11,0x787b8840100d9baadd7463f4a73b5ba73b00c6ca,0.445502,ETH,1247.40
2026-02-15,11:29:23,2026-02-15T11:29:23.000Z,Stake 11,0x787b8840100d9baadd7463f4a73b5ba73b00c6ca,0.010484,ETH,29.35
2026-02-15,11:30:11,2026-02-15T11:30:11.000Z,Rollbit,0xcbd6832ebc203e49e2b771897067fce3c58575ac,0.023329,ETH,65.32
2026-02-15,11:30:35,2026-02-15T11:30:35.000Z,Rollbit,0xcbd6832ebc203e49e2b771897067fce3c58575ac,0.000476,ETH,1.33
2026-02-15,11:30:35,2026-02-15T11:30:35.000Z,Rollbit,0xcbd6832ebc203e49e2b771897067fce3c58575ac,0.015213,ETH,42.60
2026-02-15,11:31:11,2026-02-15T11:31:11.000Z,Stake,0x974CaA59e49682CdA0AD2bbe82983419A2ECC400,0.000087,ETH,0.24
2026-02-15,11:31:11,2026-02-15T11:31:11.000Z,Stake,0x974CaA59e49682CdA0AD2bbe82983419A2ECC400,0.000087,ETH,0.24
2026-02-15,11:31:11,2026-02-15T11:31:11.000Z,Stake,0x974CaA59e49682CdA0AD2bbe82983419A2ECC400,0.000087,ETH,0.24
2026-02-15,11:31:11,2026-02-15T11:31:11.000Z,Stake,0x974CaA59e49682CdA0AD2bbe82983419A2ECC400,0.000087,ETH,0.24
2026-02-15,11:31:11,2026-02-15T11:31:11.000Z,Stake,0x974CaA59e49682CdA0AD2bbe82983419A2ECC400,0.000087,ETH,0.24
2026-02-15,11:31:11,2026-02-15T11:31:11.000Z,Stake,0x974CaA59e49682CdA0AD2bbe82983419A2ECC400,0.000087,ETH,0.24
2026-02-15,11:31:11,2026-02-15T11:31:11.000Z,Stake,0x974CaA59e49682CdA0AD2bbe82983419A2ECC400,0.000087,ETH,0.24
2026-02-15,11:31:11,2026-02-15T11:31:11.000Z,Stake,0x974CaA59e49682CdA0AD2bbe82983419A2ECC400,0.000087,ETH,0.24
2026-02-15,11:31:11,2026-02-15T11:31:11.000Z,Stake,0x974CaA59e49682CdA0AD2bbe82983419A2ECC400,0.000087,ETH,0.24
2026-02-15,11:31:11,2026-02-15T11:31:11.000Z,Stake,0x974CaA59e49682CdA0AD2bbe82983419A2ECC400,0.000087,ETH,0.24
2026-02-15,11:31:11,2026-02-15T11:31:11.000Z,Stake,0x974CaA59e49682CdA0AD2bbe82983419A2ECC400,0.000087,ETH,0.24
2026-02-15,11:31:11,2026-02-15T11:31:11.000Z,Stake,0x974CaA59e49682CdA0AD2bbe82983419A2ECC400,0.000087,ETH,0.24
2026-02-15,11:31:11,2026-02-15T11:31:11.000Z,Stake,0x974CaA59e49682CdA0AD2bbe82983419A2ECC400,0.000087,ETH,0.24
2026-02-15,11:31:11,2026-02-15T11:31:11.000Z,Stake,0x974CaA59e49682CdA0AD2bbe82983419A2ECC400,0.000087,ETH,0.24
2026-02-15,11:31:11,2026-02-15T11:31:11.000Z,Stake,0x974CaA59e49682CdA0AD2bbe82983419A2ECC400,0.000087,ETH,0.24
2026-02-15,11:31:11,2026-02-15T11:31:11.000Z,Stake,0x974CaA59e49682CdA0AD2bbe82983419A2ECC400,0.000176,ETH,0.49
2026-02-15,11:31:11,2026-02-15T11:31:11.000Z,Stake,0x974CaA59e49682CdA0AD2bbe82983419A2ECC400,0.000087,ETH,0.24
2026-02-15,11:31:11,2026-02-15T11:31:11.000Z,Stake,0x974CaA59e49682CdA0AD2bbe82983419A2ECC400,0.000087,ETH,0.24
2026-02-15,11:31:11,2026-02-15T11:31:11.000Z,Stake,0x974CaA59e49682CdA0AD2bbe82983419A2ECC400,0.000087,ETH,0.24
2026-02-15,11:31:11,2026-02-15T11:31:11.000Z,Stake,0x974CaA59e49682CdA0AD2bbe82983419A2ECC400,0.000087,ETH,0.24
2026-02-15,11:31:11,2026-02-15T11:31:11.000Z,Stake,0x974CaA59e49682CdA0AD2bbe82983419A2ECC400,0.000087,ETH,0.24
2026-02-15,11:31:11,2026-02-15T11:31:11.000Z,Stake,0x974CaA59e49682CdA0AD2bbe82983419A2ECC400,0.000087,ETH,0.24
2026-02-15,11:31:11,2026-02-15T11:31:11.000Z,Stake,0x974CaA59e49682CdA0AD2bbe82983419A2ECC400,0.000087,ETH,0.24
2026-02-15,11:31:11,2026-02-15T11:31:11.000Z,Stake,0x974CaA59e49682CdA0AD2bbe82983419A2ECC400,0.000087,ETH,0.24
2026-02-15,11:31:11,2026-02-15T11:31:11.000Z,Stake,0x974CaA59e49682CdA0AD2bbe82983419A2ECC400,0.000087,ETH,0.24
2026-02-15,11:31:11,2026-02-15T11:31:11.000Z,Stake,0x974CaA59e49682CdA0AD2bbe82983419A2ECC400,0.000087,ETH,0.24
2026-02-15,11:31:11,2026-02-15T11:31:11.000Z,Stake,0x974CaA59e49682CdA0AD2bbe82983419A2ECC400,0.000087,ETH,0.24
2026-02-15,11:31:11,2026-02-15T11:31:11.000Z,Stake,0x974CaA59e49682CdA0AD2bbe82983419A2ECC400,0.000087,ETH,0.24
2026-02-15,11:31:11,2026-02-15T11:31:11.000Z,Stake,0x974CaA59e49682CdA0AD2bbe82983419A2ECC400,0.000087,ETH,0.24
2026-02-15,11:31:11,2026-02-15T11:31:11.000Z,Stake,0x974CaA59e49682CdA0AD2bbe82983419A2ECC400,0.000087,ETH,0.24
2026-02-15,11:31:11,2026-02-15T11:31:11.000Z,Stake,0x974CaA59e49682CdA0AD2bbe82983419A2ECC400,0.000087,ETH,0.24
2026-02-15,11:31:11,2026-02-15T11:31:11.000Z,Stake,0x974CaA59e49682CdA0AD2bbe82983419A2ECC400,0.000087,ETH,0.24
2026-02-15,11:31:11,2026-02-15T11:31:11.000Z,Stake,0x974CaA59e49682CdA0AD2bbe82983419A2ECC400,0.000087,ETH,0.24
2026-02-15,11:31:11,2026-02-15T11:31:11.000Z,Stake,0x974CaA59e49682CdA0AD2bbe82983419A2ECC400,0.000087,ETH,0.24
2026-02-15,11:31:11,2026-02-15T11:31:11.000Z,Stake,0x974CaA59e49682CdA0AD2bbe82983419A2ECC400,0.000087,ETH,0.24
2026-02-15,11:31:11,2026-02-15T11:31:11.000Z,Stake,0x974CaA59e49682CdA0AD2bbe82983419A2ECC400,0.000087,ETH,0.24
2026-02-15,11:31:11,2026-02-15T11:31:11.000Z,Stake,0x974CaA59e49682CdA0AD2bbe82983419A2ECC400,0.000087,ETH,0.24
2026-02-15,11:31:11,2026-02-15T11:31:11.000Z,Stake,0x974CaA59e49682CdA0AD2bbe82983419A2ECC400,0.000087,ETH,0.24
2026-02-15,11:31:11,2026-02-15T11:31:11.000Z,Stake,0x974CaA59e49682CdA0AD2bbe82983419A2ECC400,0.000087,ETH,0.24
2026-02-15,11:31:11,2026-02-15T11:31:11.000Z,Stake,0x974CaA59e49682CdA0AD2bbe82983419A2ECC400,0.000152,ETH,0.43
2026-02-15,11:31:11,2026-02-15T11:31:11.000Z,Stake,0x974CaA59e49682CdA0AD2bbe82983419A2ECC400,0.117084,ETH,327.84
2026-02-15,11:31:11,2026-02-15T11:31:11.000Z,Stake,0x974CaA59e49682CdA0AD2bbe82983419A2ECC400,0.000086,ETH,0.24
2026-02-15,11:31:11,2026-02-15T11:31:11.000Z,Stake,0x974CaA59e49682CdA0AD2bbe82983419A2ECC400,0.000087,ETH,0.24
2026-02-15,11:31:11,2026-02-15T11:31:11.000Z,Stake,0x974CaA59e49682CdA0AD2bbe82983419A2ECC400,0.061718,ETH,172.81
2026-02-15,11:31:11,2026-02-15T11:31:11.000Z,Stake,0x974CaA59e49682CdA0AD2bbe82983419A2ECC400,11.132827,ETH,31171.92
2026-02-15,11:31:59,2026-02-15T11:31:59.000Z,Rollbit,0xcbd6832ebc203e49e2b771897067fce3c58575ac,0.099999,ETH,280.00
2026-02-15,11:32:23,2026-02-15T11:32:23.000Z,Rainbet,0x307576dd4f73f91bb8c4a2edb762938e8e067d31,0.028591,ETH,80.06
2026-02-15,11:32:23,2026-02-15T11:32:23.000Z,Rainbet,0x307576dd4f73f91bb8c4a2edb762938e8e067d31,0.282667,ETH,791.47
2026-02-15,11:33:59,2026-02-15T11:33:59.000Z,Rainbet,0x307576dd4f73f91bb8c4a2edb762938e8e067d31,0.025999,ETH,72.80
2026-02-15,11:35:11,2026-02-15T11:35:11.000Z,Rollbit,0xcbd6832ebc203e49e2b771897067fce3c58575ac,0.082319,ETH,230.49
2026-02-15,11:35:11,2026-02-15T11:35:11.000Z,Rainbet,0x307576dd4f73f91bb8c4a2edb762938e8e067d31,0.009996,ETH,27.99
2026-02-15,11:35:59,2026-02-15T11:35:59.000Z,Rainbet,0x307576dd4f73f91bb8c4a2edb762938e8e067d31,0.022615,ETH,63.32
2026-02-15,11:38:11,2026-02-15T11:38:11.000Z,Rainbet,0x307576dd4f73f91bb8c4a2edb762938e8e067d31,0.014320,ETH,40.09
2026-02-15,11:38:35,2026-02-15T11:38:35.000Z,Rollbit,0xcbd6832ebc203e49e2b771897067fce3c58575ac,2.047966,ETH,5734.30
2026-02-15,11:38:35,2026-02-15T11:38:35.000Z,Rainbet,0x307576dd4f73f91bb8c4a2edb762938e8e067d31,0.007409,ETH,20.75
2026-02-15,11:39:23,2026-02-15T11:39:23.000Z,Rainbet,0x307576dd4f73f91bb8c4a2edb762938e8e067d31,0.009889,ETH,27.69
2026-02-15,11:39:47,2026-02-15T11:39:47.000Z,Rainbet,0x307576dd4f73f91bb8c4a2edb762938e8e067d31,0.039759,ETH,111.33
2026-02-15,11:39:59,2026-02-15T11:39:59.000Z,Rainbet,0x307576dd4f73f91bb8c4a2edb762938e8e067d31,0.229090,ETH,641.45
2026-02-15,11:39:59,2026-02-15T11:39:59.000Z,Rainbet,0x307576dd4f73f91bb8c4a2edb762938e8e067d31,0.018397,ETH,51.51
2026-02-15,11:40:11,2026-02-15T11:40:11.000Z,Stake 11,0x787b8840100d9baadd7463f4a73b5ba73b00c6ca,0.031047,ETH,86.93
2026-02-15,11:40:11,2026-02-15T11:40:11.000Z,Stake 11,0x787b8840100d9baadd7463f4a73b5ba73b00c6ca,0.086195,ETH,241.35
2026-02-15,11:40:23,2026-02-15T11:40:23.000Z,Rollbit,0xcbd6832ebc203e49e2b771897067fce3c58575ac,0.048542,ETH,135.92
2026-02-15,11:40:35,2026-02-15T11:40:35.000Z,Rainbet,0x307576dd4f73f91bb8c4a2edb762938e8e067d31,0.009369,ETH,26.23
2026-02-15,11:40:47,2026-02-15T11:40:47.000Z,Rainbet,0x307576dd4f73f91bb8c4a2edb762938e8e067d31,0.068491,ETH,191.77
2026-02-15,11:41:23,2026-02-15T11:41:23.000Z,Stake 11,0x787b8840100d9baadd7463f4a73b5ba73b00c6ca,0.024104,ETH,67.49
2026-02-15,11:41:23,2026-02-15T11:41:23.000Z,Stake 11,0x787b8840100d9baadd7463f4a73b5ba73b00c6ca,0.013127,ETH,36.76
2026-02-15,11:41:23,2026-02-15T11:41:23.000Z,Rollbit,0xcbd6832ebc203e49e2b771897067fce3c58575ac,0.011499,ETH,32.20
2026-02-15,11:41:47,2026-02-15T11:41:47.000Z,Rollbit,0xcbd6832ebc203e49e2b771897067fce3c58575ac,0.026158,ETH,73.24
2026-02-15,11:41:59,2026-02-15T11:41:59.000Z,Rainbet,0x307576dd4f73f91bb8c4a2edb762938e8e067d31,0.009995,ETH,27.99
2026-02-15,11:41:59,2026-02-15T11:41:59.000Z,Rainbet,0x307576dd4f73f91bb8c4a2edb762938e8e067d31,0.013790,ETH,38.61
2026-02-15,11:42:11,2026-02-15T11:42:11.000Z,Rainbet,0x307576dd4f73f91bb8c4a2edb762938e8e067d31,0.052120,ETH,145.94
2026-02-15,11:42:11,2026-02-15T11:42:11.000Z,Rainbet,0x307576dd4f73f91bb8c4a2edb762938e8e067d31,0.053415,ETH,149.56
2026-02-15,11:42:35,2026-02-15T11:42:35.000Z,Stake 11,0x787b8840100d9baadd7463f4a73b5ba73b00c6ca,0.003371,ETH,9.44
2026-02-15,11:42:35,2026-02-15T11:42:35.000Z,Stake 11,0x787b8840100d9baadd7463f4a73b5ba73b00c6ca,0.071249,ETH,199.50
2026-02-15,11:42:35,2026-02-15T11:42:35.000Z,Stake 11,0x787b8840100d9baadd7463f4a73b5ba73b00c6ca,0.024128,ETH,67.56
2026-02-15,11:42:35,2026-02-15T11:42:35.000Z,Stake 11,0x787b8840100d9baadd7463f4a73b5ba73b00c6ca,0.013468,ETH,37.71
2026-02-15,11:43:11,2026-02-15T11:43:11.000Z,Rainbet,0x307576dd4f73f91bb8c4a2edb762938e8e067d31,0.015831,ETH,44.33
2026-02-15,11:43:35,2026-02-15T11:43:35.000Z,Rainbet,0x307576dd4f73f91bb8c4a2edb762938e8e067d31,0.039330,ETH,110.12
2026-02-15,11:44:11,2026-02-15T11:44:11.000Z,Rainbet,0x307576dd4f73f91bb8c4a2edb762938e8e067d31,0.010715,ETH,30.00
2026-02-15,11:44:35,2026-02-15T11:44:35.000Z,Stake 11,0x787b8840100d9baadd7463f4a73b5ba73b00c6ca,0.082616,ETH,231.33
2026-02-15,11:44:47,2026-02-15T11:44:47.000Z,Rainbet,0x307576dd4f73f91bb8c4a2edb762938e8e067d31,0.028799,ETH,80.64
2026-02-15,11:45:23,2026-02-15T11:45:23.000Z,Rainbet,0x307576dd4f73f91bb8c4a2edb762938e8e067d31,0.009996,ETH,27.99
2026-02-15,11:45:23,2026-02-15T11:45:23.000Z,Rainbet,0x307576dd4f73f91bb8c4a2edb762938e8e067d31,0.199999,ETH,560.00
2026-02-15,11:45:35,2026-02-15T11:45:35.000Z,Rainbet,0x307576dd4f73f91bb8c4a2edb762938e8e067d31,0.016301,ETH,45.64
2026-02-15,11:46:35,2026-02-15T11:46:35.000Z,Rainbet,0x307576dd4f73f91bb8c4a2edb762938e8e067d31,0.009996,ETH,27.99
2026-02-15,11:46:35,2026-02-15T11:46:35.000Z,Rainbet,0x307576dd4f73f91bb8c4a2edb762938e8e067d31,0.009996,ETH,27.99
2026-02-15,11:46:47,2026-02-15T11:46:47.000Z,Rollbit,0xcbd6832ebc203e49e2b771897067fce3c58575ac,0.009999,ETH,28.00
2026-02-15,11:47:35,2026-02-15T11:47:35.000Z,Rainbet,0x307576dd4f73f91bb8c4a2edb762938e8e067d31,0.108031,ETH,302.49
2026-02-15,11:48:35,2026-02-15T11:48:35.000Z,Rollbit,0xcbd6832ebc203e49e2b771897067fce3c58575ac,0.005760,ETH,16.13
2026-02-15,11:48:47,2026-02-15T11:48:47.000Z,Rainbet,0x307576dd4f73f91bb8c4a2edb762938e8e067d31,0.418556,ETH,1171.96
2026-02-15,11:48:47,2026-02-15T11:48:47.000Z,Rainbet,0x307576dd4f73f91bb8c4a2edb762938e8e067d31,0.008583,ETH,24.03
2026-02-15,11:48:47,2026-02-15T11:48:47.000Z,Rainbet,0x307576dd4f73f91bb8c4a2edb762938e8e067d31,0.018825,ETH,52.71
2026-02-15,11:48:59,2026-02-15T11:48:59.000Z,Rollbit,0xcbd6832ebc203e49e2b771897067fce3c58575ac,0.109897,ETH,307.71
2026-02-15,11:49:47,2026-02-15T11:49:47.000Z,Rainbet,0x307576dd4f73f91bb8c4a2edb762938e8e067d31,0.009996,ETH,27.99
2026-02-15,11:50:11,2026-02-15T11:50:11.000Z,Rollbit,0xcbd6832ebc203e49e2b771897067fce3c58575ac,0.082261,ETH,230.33
2026-02-15,11:50:11,2026-02-15T11:50:11.000Z,Rollbit,0xcbd6832ebc203e49e2b771897067fce3c58575ac,0.024031,ETH,67.29
2026-02-15,11:50:23,2026-02-15T11:50:23.000Z,Rollbit,0xcbd6832ebc203e49e2b771897067fce3c58575ac,0.339681,ETH,951.11
2026-02-15,11:50:23,2026-02-15T11:50:23.000Z,Rainbet,0x307576dd4f73f91bb8c4a2edb762938e8e067d31,0.053059,ETH,148.57
2026-02-15,11:50:47,2026-02-15T11:50:47.000Z,Rollbit,0xcbd6832ebc203e49e2b771897067fce3c58575ac,0.009478,ETH,26.54
2026-02-15,11:51:11,2026-02-15T11:51:11.000Z,Rainbet,0x307576dd4f73f91bb8c4a2edb762938e8e067d31,0.009996,ETH,27.99
2026-02-15,11:51:35,2026-02-15T11:51:35.000Z,Rainbet,0x307576dd4f73f91bb8c4a2edb762938e8e067d31,0.032727,ETH,91.63
2026-02-15,11:51:47,2026-02-15T11:51:47.000Z,Rainbet,0x307576dd4f73f91bb8c4a2edb762938e8e067d31,0.007958,ETH,22.28
2026-02-15,11:52:35,2026-02-15T11:52:35.000Z,Stake 11,0x787b8840100d9baadd7463f4a73b5ba73b00c6ca,0.011354,ETH,31.79
2026-02-15,11:52:35,2026-02-15T11:52:35.000Z,Stake 11,0x787b8840100d9baadd7463f4a73b5ba73b00c6ca,0.040108,ETH,112.30
2026-02-15,11:52:35,2026-02-15T11:52:35.000Z,Stake 11,0x787b8840100d9baadd7463f4a73b5ba73b00c6ca,0.009297,ETH,26.03
2026-02-15,11:52:35,2026-02-15T11:52:35.000Z,Rainbet,0x307576dd4f73f91bb8c4a2edb762938e8e067d31,0.010670,ETH,29.87
2026-02-15,11:53:35,2026-02-15T11:53:35.000Z,Stake 11,0x787b8840100d9baadd7463f4a73b5ba73b00c6ca,0.000080,ETH,0.22
2026-02-15,11:53:35,2026-02-15T11:53:35.000Z,Stake 11,0x787b8840100d9baadd7463f4a73b5ba73b00c6ca,0.000080,ETH,0.22
2026-02-15,11:53:35,2026-02-15T11:53:35.000Z,Stake 11,0x787b8840100d9baadd7463f4a73b5ba73b00c6ca,0.103325,ETH,289.31
2026-02-15,11:53:35,2026-02-15T11:53:35.000Z,Stake 11,0x787b8840100d9baadd7463f4a73b5ba73b00c6ca,0.000080,ETH,0.22
2026-02-15,11:53:35,2026-02-15T11:53:35.000Z,Stake 11,0x787b8840100d9baadd7463f4a73b5ba73b00c6ca,0.000080,ETH,0.22
2026-02-15,11:54:23,2026-02-15T11:54:23.000Z,Rainbet,0x307576dd4f73f91bb8c4a2edb762938e8e067d31,0.071535,ETH,200.30
2026-02-15,11:54:35,2026-02-15T11:54:35.000Z,Stake 11,0x787b8840100d9baadd7463f4a73b5ba73b00c6ca,0.502495,ETH,1406.99
2026-02-15,11:54:47,2026-02-15T11:54:47.000Z,Rainbet,0x307576dd4f73f91bb8c4a2edb762938e8e067d31,0.009999,ETH,28.00
2026-02-15,11:54:47,2026-02-15T11:54:47.000Z,Rainbet,0x307576dd4f73f91bb8c4a2edb762938e8e067d31,0.009996,ETH,27.99
2026-02-15,11:55:11,2026-02-15T11:55:11.000Z,Rollbit,0xcbd6832ebc203e49e2b771897067fce3c58575ac,0.007999,ETH,22.40
2026-02-15,11:55:35,2026-02-15T11:55:35.000Z,Rollbit,0xcbd6832ebc203e49e2b771897067fce3c58575ac,0.048521,ETH,135.86
2026-02-15,11:55:59,2026-02-15T11:55:59.000Z,Rollbit,0xcbd6832ebc203e49e2b771897067fce3c58575ac,0.000164,ETH,0.46
2026-02-15,11:56:11,2026-02-15T11:56:11.000Z,Rainbet,0x307576dd4f73f91bb8c4a2edb762938e8e067d31,0.009996,ETH,27.99
2026-02-15,11:56:11,2026-02-15T11:56:11.000Z,Rainbet,0x307576dd4f73f91bb8c4a2edb762938e8e067d31,0.009996,ETH,27.99
2026-02-15,11:56:35,2026-02-15T11:56:35.000Z,Stake 11,0x787b8840100d9baadd7463f4a73b5ba73b00c6ca,0.105943,ETH,296.64
2026-02-15,11:56:35,2026-02-15T11:56:35.000Z,Rollbit,0xcbd6832ebc203e49e2b771897067fce3c58575ac,0.011030,ETH,30.88
2026-02-15,11:56:47,2026-02-15T11:56:47.000Z,Rainbet,0x307576dd4f73f91bb8c4a2edb762938e8e067d31,0.009996,ETH,27.99
2026-02-15,11:56:47,2026-02-15T11:56:47.000Z,Rainbet,0x307576dd4f73f91bb8c4a2edb762938e8e067d31,0.046439,ETH,130.03
2026-02-15,11:56:47,2026-02-15T11:56:47.000Z,Rainbet,0x307576dd4f73f91bb8c4a2edb762938e8e067d31,0.011699,ETH,32.76
2026-02-15,11:56:47,2026-02-15T11:56:47.000Z,Rainbet,0x307576dd4f73f91bb8c4a2edb762938e8e067d31,0.160061,ETH,448.17
2026-02-15,11:57:47,2026-02-15T11:57:47.000Z,Stake 11,0x787b8840100d9baadd7463f4a73b5ba73b00c6ca,0.040250,ETH,112.70
2026-02-15,11:57:47,2026-02-15T11:57:47.000Z,Rainbet,0x307576dd4f73f91bb8c4a2edb762938e8e067d31,0.009999,ETH,28.00
2026-02-15,11:57:47,2026-02-15T11:57:47.000Z,Rainbet,0x307576dd4f73f91bb8c4a2edb762938e8e067d31,0.009998,ETH,27.99
2026-02-15,11:57:59,2026-02-15T11:57:59.000Z,Rainbet,0x307576dd4f73f91bb8c4a2edb762938e8e067d31,0.009996,ETH,27.99
2026-02-15,11:58:11,2026-02-15T11:58:11.000Z,Rainbet,0x307576dd4f73f91bb8c4a2edb762938e8e067d31,0.009995,ETH,27.99
2026-02-15,11:58:35,2026-02-15T11:58:35.000Z,Rollbit,0xcbd6832ebc203e49e2b771897067fce3c58575ac,0.046129,ETH,129.16
2026-02-15,11:58:47,2026-02-15T11:58:47.000Z,Rainbet,0x307576dd4f73f91bb8c4a2edb762938e8e067d31,0.030419,ETH,85.17
2026-02-15,11:58:47,2026-02-15T11:58:47.000Z,Rainbet,0x307576dd4f73f91bb8c4a2edb762938e8e067d31,0.081957,ETH,229.48
2026-02-15,11:58:59,2026-02-15T11:58:59.000Z,Rollbit,0xcbd6832ebc203e49e2b771897067fce3c58575ac,0.000192,ETH,0.54
2026-02-15,11:59:11,2026-02-15T11:59:11.000Z,Rainbet,0x307576dd4f73f91bb8c4a2edb762938e8e067d31,0.009999,ETH,28.00
2026-02-15,11:59:35,2026-02-15T11:59:35.000Z,Stake 11,0x787b8840100d9baadd7463f4a73b5ba73b00c6ca,0.096222,ETH,269.42
2026-02-15,12:00:35,2026-02-15T12:00:35.000Z,Rainbet,0x307576dd4f73f91bb8c4a2edb762938e8e067d31,0.194220,ETH,543.82
2026-02-15,12:00:59,2026-02-15T12:00:59.000Z,Rollbit,0xcbd6832ebc203e49e2b771897067fce3c58575ac,0.013232,ETH,37.05
2026-02-15,12:01:11,2026-02-15T12:01:11.000Z,Rollbit,0xcbd6832ebc203e49e2b771897067fce3c58575ac,0.000183,ETH,0.51
2026-02-15,12:01:11,2026-02-15T12:01:11.000Z,Rainbet,0x307576dd4f73f91bb8c4a2edb762938e8e067d31,0.108056,ETH,302.56
2026-02-15,12:01:47,2026-02-15T12:01:47.000Z,Rainbet,0x307576dd4f73f91bb8c4a2edb762938e8e067d31,0.014483,ETH,40.55
2026-02-15,12:02:11,2026-02-15T12:02:11.000Z,Rainbet,0x307576dd4f73f91bb8c4a2edb762938e8e067d31,0.009996,ETH,27.99
2026-02-15,12:02:11,2026-02-15T12:02:11.000Z,Rainbet,0x307576dd4f73f91bb8c4a2edb762938e8e067d31,0.009995,ETH,27.99
2026-02-15,12:02:23,2026-02-15T12:02:23.000Z,Rainbet,0x307576dd4f73f91bb8c4a2edb762938e8e067d31,0.009995,ETH,27.99
2026-02-15,12:03:23,2026-02-15T12:03:23.000Z,Roobet,0xc94ebb328ac25b95db0e0aa968371885fa516215,33.760009,ETH,94528.03
2026-02-15,12:03:35,2026-02-15T12:03:35.000Z,Stake 11,0x787b8840100d9baadd7463f4a73b5ba73b00c6ca,0.021915,ETH,61.36
2026-02-15,12:03:35,2026-02-15T12:03:35.000Z,Stake 11,0x787b8840100d9baadd7463f4a73b5ba73b00c6ca,0.064112,ETH,179.51
2026-02-15,12:03:35,2026-02-15T12:03:35.000Z,Stake 11,0x787b8840100d9baadd7463f4a73b5ba73b00c6ca,0.019310,ETH,54.07
2026-02-15,12:03:35,2026-02-15T12:03:35.000Z,Stake 11,0x787b8840100d9baadd7463f4a73b5ba73b00c6ca,0.013694,ETH,38.34
2026-02-15,12:03:35,2026-02-15T12:03:35.000Z,Stake 11,0x787b8840100d9baadd7463f4a73b5ba73b00c6ca,0.477496,ETH,1336.99
2026-02-15,12:03:47,2026-02-15T12:03:47.000Z,Rainbet,0x307576dd4f73f91bb8c4a2edb762938e8e067d31,0.015372,ETH,43.04
2026-02-15,12:04:47,2026-02-15T12:04:47.000Z,Rainbet,0x307576dd4f73f91bb8c4a2edb762938e8e067d31,0.021597,ETH,60.47
2026-02-15,12:04:59,2026-02-15T12:04:59.000Z,Rainbet,0x307576dd4f73f91bb8c4a2edb762938e8e067d31,0.010589,ETH,29.65
2026-02-15,12:04:59,2026-02-15T12:04:59.000Z,Rainbet,0x307576dd4f73f91bb8c4a2edb762938e8e067d31,0.009999,ETH,28.00
2026-02-15,12:05:11,2026-02-15T12:05:11.000Z,Rainbet,0x307576dd4f73f91bb8c4a2edb762938e8e067d31,0.009994,ETH,27.98
2026-02-15,12:05:23,2026-02-15T12:05:23.000Z,Rollbit,0xcbd6832ebc203e49e2b771897067fce3c58575ac,0.164676,ETH,461.09
2026-02-15,12:05:23,2026-02-15T12:05:23.000Z,Rainbet,0x307576dd4f73f91bb8c4a2edb762938e8e067d31,0.037022,ETH,103.66
2026-02-15,12:05:59,2026-02-15T12:05:59.000Z,Rainbet,0x307576dd4f73f91bb8c4a2edb762938e8e067d31,0.024488,ETH,68.57
2026-02-15,12:05:59,2026-02-15T12:05:59.000Z,Rainbet,0x307576dd4f73f91bb8c4a2edb762938e8e067d31,0.015590,ETH,43.65
2026-02-15,12:06:11,2026-02-15T12:06:11.000Z,Rainbet,0x307576dd4f73f91bb8c4a2edb762938e8e067d31,0.019405,ETH,54.33
2026-02-15,12:06:23,2026-02-15T12:06:23.000Z,Rainbet,0x307576dd4f73f91bb8c4a2edb762938e8e067d31,0.032736,ETH,91.66
2026-02-15,12:06:35,2026-02-15T12:06:35.000Z,Rainbet,0x307576dd4f73f91bb8c4a2edb762938e8e067d31,0.016218,ETH,45.41
2026-02-15,12:06:35,2026-02-15T12:06:35.000Z,Rainbet,0x307576dd4f73f91bb8c4a2edb762938e8e067d31,0.009995,ETH,27.99
2026-02-15,12:06:35,2026-02-15T12:06:35.000Z,Rainbet,0x307576dd4f73f91bb8c4a2edb762938e8e067d31,0.016757,ETH,46.92
2026-02-15,12:06:35,2026-02-15T12:06:35.000Z,Rainbet,0x307576dd4f73f91bb8c4a2edb762938e8e067d31,0.014552,ETH,40.75
2026-02-15,12:06:35,2026-02-15T12:06:35.000Z,Rainbet,0x307576dd4f73f91bb8c4a2edb762938e8e067d31,0.058451,ETH,163.66
2026-02-15,12:07:11,2026-02-15T12:07:11.000Z,Stake 11,0x787b8840100d9baadd7463f4a73b5ba73b00c6ca,0.097294,ETH,272.42
2026-02-15,12:07:59,2026-02-15T12:07:59.000Z,Rollbit,0xcbd6832ebc203e49e2b771897067fce3c58575ac,0.011916,ETH,33.36
2026-02-15,12:07:59,2026-02-15T12:07:59.000Z,Rainbet,0x307576dd4f73f91bb8c4a2edb762938e8e067d31,0.009999,ETH,28.00
2026-02-15,12:07:59,2026-02-15T12:07:59.000Z,Rainbet,0x307576dd4f73f91bb8c4a2edb762938e8e067d31,0.009997,ETH,27.99
2026-02-15,12:07:59,2026-02-15T12:07:59.000Z,Rainbet,0x307576dd4f73f91bb8c4a2edb762938e8e067d31,0.008911,ETH,24.95
2026-02-15,12:07:59,2026-02-15T12:07:59.000Z,Rainbet,0x307576dd4f73f91bb8c4a2edb762938e8e067d31,0.009999,ETH,28.00
2026-02-15,12:08:59,2026-02-15T12:08:59.000Z,Rainbet,0x307576dd4f73f91bb8c4a2edb762938e8e067d31,0.022194,ETH,62.14
2026-02-15,12:09:11,2026-02-15T12:09:11.000Z,Rainbet,0x307576dd4f73f91bb8c4a2edb762938e8e067d31,0.014329,ETH,40.12
2026-02-15,12:09:59,2026-02-15T12:09:59.000Z,Rollbit,0xcbd6832ebc203e49e2b771897067fce3c58575ac,0.000162,ETH,0.45
2026-02-15,12:10:23,2026-02-15T12:10:23.000Z,Rollbit,0xcbd6832ebc203e49e2b771897067fce3c58575ac,0.035140,ETH,98.39
2026-02-15,12:10:23,2026-02-15T12:10:23.000Z,Rollbit,0xcbd6832ebc203e49e2b771897067fce3c58575ac,0.006427,ETH,17.99
2026-02-15,12:10:23,2026-02-15T12:10:23.000Z,Rainbet,0x307576dd4f73f91bb8c4a2edb762938e8e067d31,0.190004,ETH,532.01
2026-02-15,12:10:23,2026-02-15T12:10:23.000Z,Rainbet,0x307576dd4f73f91bb8c4a2edb762938e8e067d31,0.047948,ETH,134.25
2026-02-15,12:10:23,2026-02-15T12:10:23.000Z,Rainbet,0x307576dd4f73f91bb8c4a2edb762938e8e067d31,0.007799,ETH,21.84
2026-02-15,12:10:23,2026-02-15T12:10:23.000Z,Rainbet,0x307576dd4f73f91bb8c4a2edb762938e8e067d31,0.017624,ETH,49.35
2026-02-15,12:10:23,2026-02-15T12:10:23.000Z,Rainbet,0x307576dd4f73f91bb8c4a2edb762938e8e067d31,0.149896,ETH,419.71
2026-02-15,12:10:23,2026-02-15T12:10:23.000Z,Rainbet,0x307576dd4f73f91bb8c4a2edb762938e8e067d31,0.012655,ETH,35.43
2026-02-15,12:10:35,2026-02-15T12:10:35.000Z,Rollbit,0xcbd6832ebc203e49e2b771897067fce3c58575ac,0.183079,ETH,512.62
2026-02-15,12:11:23,2026-02-15T12:11:23.000Z,Rainbet,0x307576dd4f73f91bb8c4a2edb762938e8e067d31,0.009994,ETH,27.98
2026-02-15,12:11:23,2026-02-15T12:11:23.000Z,Rainbet,0x307576dd4f73f91bb8c4a2edb762938e8e067d31,0.162806,ETH,455.86
2026-02-15,12:11:23,2026-02-15T12:11:23.000Z,Rainbet,0x307576dd4f73f91bb8c4a2edb762938e8e067d31,0.023769,ETH,66.55
2026-02-15,12:11:35,2026-02-15T12:11:35.000Z,Stake 11,0x787b8840100d9baadd7463f4a73b5ba73b00c6ca,0.011936,ETH,33.42
2026-02-15,12:11:35,2026-02-15T12:11:35.000Z,Stake 11,0x787b8840100d9baadd7463f4a73b5ba73b00c6ca,0.038152,ETH,106.82
2026-02-15,12:11:47,2026-02-15T12:11:47.000Z,Rollbit,0xcbd6832ebc203e49e2b771897067fce3c58575ac,0.027313,ETH,76.48
2026-02-15,12:11:59,2026-02-15T12:11:59.000Z,Rainbet,0x307576dd4f73f91bb8c4a2edb762938e8e067d31,0.027999,ETH,78.40
2026-02-15,12:12:11,2026-02-15T12:12:11.000Z,Stake 11,0x787b8840100d9baadd7463f4a73b5ba73b00c6ca,0.098367,ETH,275.43
2026-02-15,12:12:11,2026-02-15T12:12:11.000Z,Stake 11,0x787b8840100d9baadd7463f4a73b5ba73b00c6ca,0.000068,ETH,0.19
2026-02-15,12:12:11,2026-02-15T12:12:11.000Z,Stake 11,0x787b8840100d9baadd7463f4a73b5ba73b00c6ca,0.000068,ETH,0.19
2026-02-15,12:12:11,2026-02-15T12:12:11.000Z,Stake 11,0x787b8840100d9baadd7463f4a73b5ba73b00c6ca,0.048289,ETH,135.21
2026-02-15,12:12:11,2026-02-15T12:12:11.000Z,Stake 11,0x787b8840100d9baadd7463f4a73b5ba73b00c6ca,0.049790,ETH,139.41
2026-02-15,12:12:11,2026-02-15T12:12:11.000Z,Stake 11,0x787b8840100d9baadd7463f4a73b5ba73b00c6ca,0.000068,ETH,0.19
2026-02-15,12:12:11,2026-02-15T12:12:11.000Z,Stake 11,0x787b8840100d9baadd7463f4a73b5ba73b00c6ca,0.000068,ETH,0.19
2026-02-15,12:12:11,2026-02-15T12:12:11.000Z,Stake 11,0x787b8840100d9baadd7463f4a73b5ba73b00c6ca,0.000068,ETH,0.19
2026-02-15,12:12:11,2026-02-15T12:12:11.000Z,Stake 11,0x787b8840100d9baadd7463f4a73b5ba73b00c6ca,0.000068,ETH,0.19
2026-02-15,12:12:11,2026-02-15T12:12:11.000Z,Stake 11,0x787b8840100d9baadd7463f4a73b5ba73b00c6ca,0.000068,ETH,0.19
2026-02-15,12:12:11,2026-02-15T12:12:11.000Z,Stake 11,0x787b8840100d9baadd7463f4a73b5ba73b00c6ca,0.000068,ETH,0.19
2026-02-15,12:12:11,2026-02-15T12:12:11.000Z,Stake 11,0x787b8840100d9baadd7463f4a73b5ba73b00c6ca,0.000068,ETH,0.19
2026-02-15,12:12:11,2026-02-15T12:12:11.000Z,Stake 11,0x787b8840100d9baadd7463f4a73b5ba73b00c6ca,0.000068,ETH,0.19
2026-02-15,12:12:11,2026-02-15T12:12:11.000Z,Stake 11,0x787b8840100d9baadd7463f4a73b5ba73b00c6ca,0.000068,ETH,0.19
2026-02-15,12:12:11,2026-02-15T12:12:11.000Z,Stake 11,0x787b8840100d9baadd7463f4a73b5ba73b00c6ca,0.000068,ETH,0.19
2026-02-15,12:12:11,2026-02-15T12:12:11.000Z,Stake 11,0x787b8840100d9baadd7463f4a73b5ba73b00c6ca,0.185711,ETH,519.99
2026-02-15,12:13:35,2026-02-15T12:13:35.000Z,Rainbet,0x307576dd4f73f91bb8c4a2edb762938e8e067d31,0.032569,ETH,91.19
2026-02-15,12:14:11,2026-02-15T12:14:11.000Z,Rollbit,0xcbd6832ebc203e49e2b771897067fce3c58575ac,0.011919,ETH,33.37
2026-02-15,12:14:11,2026-02-15T12:14:11.000Z,Rainbet,0x307576dd4f73f91bb8c4a2edb762938e8e067d31,0.009994,ETH,27.98
2026-02-15,12:14:11,2026-02-15T12:14:11.000Z,Rainbet,0x307576dd4f73f91bb8c4a2edb762938e8e067d31,0.049999,ETH,140.00
2026-02-15,12:14:11,2026-02-15T12:14:11.000Z,Rainbet,0x307576dd4f73f91bb8c4a2edb762938e8e067d31,0.029320,ETH,82.10
2026-02-15,12:14:11,2026-02-15T12:14:11.000Z,Rainbet,0x307576dd4f73f91bb8c4a2edb762938e8e067d31,0.011215,ETH,31.40
2026-02-15,12:14:47,2026-02-15T12:14:47.000Z,Rainbet,0x307576dd4f73f91bb8c4a2edb762938e8e067d31,0.008808,ETH,24.66
2026-02-15,12:15:11,2026-02-15T12:15:11.000Z,Rollbit,0xcbd6832ebc203e49e2b771897067fce3c58575ac,0.000167,ETH,0.47
2026-02-15,12:15:35,2026-02-15T12:15:35.000Z,Rainbet,0x307576dd4f73f91bb8c4a2edb762938e8e067d31,0.007680,ETH,21.51
2026-02-15,12:15:59,2026-02-15T12:15:59.000Z,Rollbit,0xcbd6832ebc203e49e2b771897067fce3c58575ac,0.109069,ETH,305.39
2026-02-15,12:16:35,2026-02-15T12:16:35.000Z,Rollbit,0xcbd6832ebc203e49e2b771897067fce3c58575ac,0.048564,ETH,135.98
2026-02-15,12:17:35,2026-02-15T12:17:35.000Z,Rainbet,0x307576dd4f73f91bb8c4a2edb762938e8e067d31,0.016353,ETH,45.79
2026-02-15,12:17:35,2026-02-15T12:17:35.000Z,Rainbet,0x307576dd4f73f91bb8c4a2edb762938e8e067d31,0.022519,ETH,63.05
2026-02-15,12:17:35,2026-02-15T12:17:35.000Z,Rainbet,0x307576dd4f73f91bb8c4a2edb762938e8e067d31,0.261351,ETH,731.78
2026-02-15,12:17:35,2026-02-15T12:17:35.000Z,Rainbet,0x307576dd4f73f91bb8c4a2edb762938e8e067d31,0.009999,ETH,28.00
2026-02-15,12:17:35,2026-02-15T12:17:35.000Z,Rainbet,0x307576dd4f73f91bb8c4a2edb762938e8e067d31,0.009999,ETH,28.00
2026-02-15,12:17:59,2026-02-15T12:17:59.000Z,Rollbit,0xcbd6832ebc203e49e2b771897067fce3c58575ac,0.003400,ETH,9.52
2026-02-15,12:17:59,2026-02-15T12:17:59.000Z,Rainbet,0x307576dd4f73f91bb8c4a2edb762938e8e067d31,0.026457,ETH,74.08
2026-02-15,12:17:59,2026-02-15T12:17:59.000Z,Rainbet,0x307576dd4f73f91bb8c4a2edb762938e8e067d31,0.871993,ETH,2441.58
2026-02-15,12:18:47,2026-02-15T12:18:47.000Z,Rollbit,0xcbd6832ebc203e49e2b771897067fce3c58575ac,0.018424,ETH,51.59
2026-02-15,12:18:47,2026-02-15T12:18:47.000Z,Rainbet,0x307576dd4f73f91bb8c4a2edb762938e8e067d31,0.009804,ETH,27.45
2026-02-15,12:18:59,2026-02-15T12:18:59.000Z,Rainbet,0x307576dd4f73f91bb8c4a2edb762938e8e067d31,0.028830,ETH,80.73
2026-02-15,12:18:59,2026-02-15T12:18:59.000Z,Rainbet,0x307576dd4f73f91bb8c4a2edb762938e8e067d31,0.030419,ETH,85.17
2026-02-15,12:18:59,2026-02-15T12:18:59.000Z,Rainbet,0x307576dd4f73f91bb8c4a2edb762938e8e067d31,0.014819,ETH,41.49
2026-02-15,12:19:23,2026-02-15T12:19:23.000Z,Stake 11,0x787b8840100d9baadd7463f4a73b5ba73b00c6ca,0.595459,ETH,1667.29
2026-02-15,12:19:35,2026-02-15T12:19:35.000Z,Rainbet,0x307576dd4f73f91bb8c4a2edb762938e8e067d31,0.009995,ETH,27.99
2026-02-15,12:19:35,2026-02-15T12:19:35.000Z,Rainbet,0x307576dd4f73f91bb8c4a2edb762938e8e067d31,0.009995,ETH,27.99
2026-02-15,12:19:59,2026-02-15T12:19:59.000Z,Rollbit,0xcbd6832ebc203e49e2b771897067fce3c58575ac,0.264999,ETH,742.00
2026-02-15,12:19:59,2026-02-15T12:19:59.000Z,Rainbet,0x307576dd4f73f91bb8c4a2edb762938e8e067d31,0.009750,ETH,27.30
2026-02-15,12:19:59,2026-02-15T12:19:59.000Z,Rainbet,0x307576dd4f73f91bb8c4a2edb762938e8e067d31,0.180975,ETH,506.73
2026-02-15,12:19:59,2026-02-15T12:19:59.000Z,Rainbet,0x307576dd4f73f91bb8c4a2edb762938e8e067d31,0.009999,ETH,28.00
2026-02-15,12:20:23,2026-02-15T12:20:23.000Z,Rollbit,0xcbd6832ebc203e49e2b771897067fce3c58575ac,0.164820,ETH,461.50
2026-02-15,12:20:35,2026-02-15T12:20:35.000Z,Rainbet,0x307576dd4f73f91bb8c4a2edb762938e8e067d31,0.014339,ETH,40.15
2026-02-15,12:20:59,2026-02-15T12:20:59.000Z,Rainbet,0x307576dd4f73f91bb8c4a2edb762938e8e067d31,0.009994,ETH,27.98
2026-02-15,12:21:11,2026-02-15T12:21:11.000Z,Rainbet,0x307576dd4f73f91bb8c4a2edb762938e8e067d31,0.212328,ETH,594.52
2026-02-15,12:21:23,2026-02-15T12:21:23.000Z,Rollbit,0xcbd6832ebc203e49e2b771897067fce3c58575ac,0.019100,ETH,53.48
2026-02-15,12:21:47,2026-02-15T12:21:47.000Z,Rollbit,0xcbd6832ebc203e49e2b771897067fce3c58575ac,0.000173,ETH,0.49
2026-02-15,12:21:47,2026-02-15T12:21:47.000Z,Rainbet,0x307576dd4f73f91bb8c4a2edb762938e8e067d31,0.024010,ETH,67.23
2026-02-15,12:22:35,2026-02-15T12:22:35.000Z,Rainbet,0x307576dd4f73f91bb8c4a2edb762938e8e067d31,0.010200,ETH,28.56
2026-02-15,12:22:47,2026-02-15T12:22:47.000Z,Rainbet,0x307576dd4f73f91bb8c4a2edb762938e8e067d31,0.049999,ETH,140.00
2026-02-15,12:22:47,2026-02-15T12:22:47.000Z,Rainbet,0x307576dd4f73f91bb8c4a2edb762938e8e067d31,0.017353,ETH,48.59
2026-02-15,12:22:59,2026-02-15T12:22:59.000Z,Rollbit,0xcbd6832ebc203e49e2b771897067fce3c58575ac,0.021752,ETH,60.91
2026-02-15,12:23:59,2026-02-15T12:23:59.000Z,Rainbet,0x307576dd4f73f91bb8c4a2edb762938e8e067d31,0.122339,ETH,342.55
2026-02-15,12:23:59,2026-02-15T12:23:59.000Z,Rainbet,0x307576dd4f73f91bb8c4a2edb762938e8e067d31,0.009999,ETH,28.00
2026-02-15,12:23:59,2026-02-15T12:23:59.000Z,Rainbet,0x307576dd4f73f91bb8c4a2edb762938e8e067d31,0.068800,ETH,192.64
2026-02-15,12:23:59,2026-02-15T12:23:59.000Z,Rainbet,0x307576dd4f73f91bb8c4a2edb762938e8e067d31,0.009994,ETH,27.98
2026-02-15,12:24:23,2026-02-15T12:24:23.000Z,Bitcasino,0x5bcbdfb6cc624b959c39a2d16110d1f2d9204f72,0.028950,ETH,81.06
2026-02-15,12:24:59,2026-02-15T12:24:59.000Z,Rainbet,0x307576dd4f73f91bb8c4a2edb762938e8e067d31,0.014389,ETH,40.29
2026-02-15,12:25:11,2026-02-15T12:25:11.000Z,Rainbet,0x307576dd4f73f91bb8c4a2edb762938e8e067d31,0.031731,ETH,88.85
2026-02-15,12:25:11,2026-02-15T12:25:11.000Z,Rainbet,0x307576dd4f73f91bb8c4a2edb762938e8e067d31,0.009994,ETH,27.98
2026-02-15,12:25:23,2026-02-15T12:25:23.000Z,Rainbet,0x307576dd4f73f91bb8c4a2edb762938e8e067d31,0.012498,ETH,34.99
2026-02-15,12:25:35,2026-02-15T12:25:35.000Z,Rollbit,0xcbd6832ebc203e49e2b771897067fce3c58575ac,0.035144,ETH,98.40
2026-02-15,12:25:47,2026-02-15T12:25:47.000Z,Rainbet,0x307576dd4f73f91bb8c4a2edb762938e8e067d31,0.009994,ETH,27.98
2026-02-15,12:25:59,2026-02-15T12:25:59.000Z,Bitcasino,0x5bcbdfb6cc624b959c39a2d16110d1f2d9204f72,0.099999,ETH,280.00
2026-02-15,12:26:11,2026-02-15T12:26:11.000Z,Rollbit,0xcbd6832ebc203e49e2b771897067fce3c58575ac,0.014599,ETH,40.88
2026-02-15,12:26:23,2026-02-15T12:26:23.000Z,Bitcasino,0x5bcbdfb6cc624b959c39a2d16110d1f2d9204f72,0.994401,ETH,2784.32
2026-02-15,12:26:47,2026-02-15T12:26:47.000Z,Rainbet,0x307576dd4f73f91bb8c4a2edb762938e8e067d31,0.047855,ETH,133.99
2026-02-15,12:27:23,2026-02-15T12:27:23.000Z,Rainbet,0x307576dd4f73f91bb8c4a2edb762938e8e067d31,0.009994,ETH,27.98
2026-02-15,12:27:35,2026-02-15T12:27:35.000Z,Stake 11,0x787b8840100d9baadd7463f4a73b5ba73b00c6ca,3.307706,ETH,9261.58
2026-02-15,12:27:59,2026-02-15T12:27:59.000Z,Rainbet,0x307576dd4f73f91bb8c4a2edb762938e8e067d31,0.009994,ETH,27.98
2026-02-15,12:29:35,2026-02-15T12:29:35.000Z,Rainbet,0x307576dd4f73f91bb8c4a2edb762938e8e067d31,0.009994,ETH,27.98
2026-02-15,12:29:47,2026-02-15T12:29:47.000Z,Rollbit,0xcbd6832ebc203e49e2b771897067fce3c58575ac,0.035050,ETH,98.14
2026-02-15,12:30:23,2026-02-15T12:30:23.000Z,Rainbet,0x307576dd4f73f91bb8c4a2edb762938e8e067d31,1.245679,ETH,3487.90
2026-02-15,12:30:47,2026-02-15T12:30:47.000Z,Rainbet,0x307576dd4f73f91bb8c4a2edb762938e8e067d31,0.119891,ETH,335.69
2026-02-15,12:30:59,2026-02-15T12:30:59.000Z,Rollbit,0xcbd6832ebc203e49e2b771897067fce3c58575ac,0.023744,ETH,66.48
2026-02-15,12:31:59,2026-02-15T12:31:59.000Z,Rollbit,0xcbd6832ebc203e49e2b771897067fce3c58575ac,0.145500,ETH,407.40
2026-02-15,12:32:11,2026-02-15T12:32:11.000Z,Rainbet,0x307576dd4f73f91bb8c4a2edb762938e8e067d31,0.009994,ETH,27.98
2026-02-15,12:32:11,2026-02-15T12:32:11.000Z,Rainbet,0x307576dd4f73f91bb8c4a2edb762938e8e067d31,0.009995,ETH,27.99
2026-02-15,12:32:11,2026-02-15T12:32:11.000Z,Rainbet,0x307576dd4f73f91bb8c4a2edb762938e8e067d31,0.191727,ETH,536.84
2026-02-15,12:32:11,2026-02-15T12:32:11.000Z,Rainbet,0x307576dd4f73f91bb8c4a2edb762938e8e067d31,0.014369,ETH,40.23
2026-02-15,12:32:23,2026-02-15T12:32:23.000Z,Rainbet,0x307576dd4f73f91bb8c4a2edb762938e8e067d31,0.048439,ETH,135.63
2026-02-15,12:32:47,2026-02-15T12:32:47.000Z,Rainbet,0x307576dd4f73f91bb8c4a2edb762938e8e067d31,0.099999,ETH,280.00
2026-02-15,12:32:59,2026-02-15T12:32:59.000Z,Rainbet,0x307576dd4f73f91bb8c4a2edb762938e8e067d31,0.018889,ETH,52.89
2026-02-15,12:33:11,2026-02-15T12:33:11.000Z,Rollbit,0xcbd6832ebc203e49e2b771897067fce3c58575ac,0.022943,ETH,64.24
2026-02-15,12:33:11,2026-02-15T12:33:11.000Z,Rainbet,0x307576dd4f73f91bb8c4a2edb762938e8e067d31,0.013651,ETH,38.22
2026-02-15,12:33:11,2026-02-15T12:33:11.000Z,Rainbet,0x307576dd4f73f91bb8c4a2edb762938e8e067d31,0.042608,ETH,119.30
2026-02-15,12:33:35,2026-02-15T12:33:35.000Z,Rollbit,0xcbd6832ebc203e49e2b771897067fce3c58575ac,0.021337,ETH,59.74
2026-02-15,12:33:35,2026-02-15T12:33:35.000Z,Rollbit,0xcbd6832ebc203e49e2b771897067fce3c58575ac,0.000210,ETH,0.59
2026-02-15,12:34:11,2026-02-15T12:34:11.000Z,Rollbit,0xcbd6832ebc203e49e2b771897067fce3c58575ac,0.108841,ETH,304.76
2026-02-15,12:34:35,2026-02-15T12:34:35.000Z,Rollbit,0xcbd6832ebc203e49e2b771897067fce3c58575ac,0.000213,ETH,0.60
2026-02-15,12:34:35,2026-02-15T12:34:35.000Z,Rainbet,0x307576dd4f73f91bb8c4a2edb762938e8e067d31,0.009999,ETH,28.00
2026-02-15,12:34:47,2026-02-15T12:34:47.000Z,Rainbet,0x307576dd4f73f91bb8c4a2edb762938e8e067d31,0.007267,ETH,20.35
2026-02-15,12:34:47,2026-02-15T12:34:47.000Z,Rainbet,0x307576dd4f73f91bb8c4a2edb762938e8e067d31,0.229749,ETH,643.30
2026-02-15,12:34:47,2026-02-15T12:34:47.000Z,Rainbet,0x307576dd4f73f91bb8c4a2edb762938e8e067d31,0.050810,ETH,142.27
2026-02-15,12:35:11,2026-02-15T12:35:11.000Z,Rollbit,0xcbd6832ebc203e49e2b771897067fce3c58575ac,0.332148,ETH,930.02
2026-02-15,12:35:11,2026-02-15T12:35:11.000Z,Rollbit,0xcbd6832ebc203e49e2b771897067fce3c58575ac,0.020338,ETH,56.95
2026-02-15,12:35:11,2026-02-15T12:35:11.000Z,Rainbet,0x307576dd4f73f91bb8c4a2edb762938e8e067d31,0.011837,ETH,33.14
2026-02-15,12:35:23,2026-02-15T12:35:23.000Z,Rollbit,0xcbd6832ebc203e49e2b771897067fce3c58575ac,0.082160,ETH,230.05
2026-02-15,12:35:47,2026-02-15T12:35:47.000Z,Rollbit,0xcbd6832ebc203e49e2b771897067fce3c58575ac,0.013285,ETH,37.20
2026-02-15,12:35:47,2026-02-15T12:35:47.000Z,Rainbet,0x307576dd4f73f91bb8c4a2edb762938e8e067d31,0.009994,ETH,27.98
2026-02-15,12:35:47,2026-02-15T12:35:47.000Z,Rainbet,0x307576dd4f73f91bb8c4a2edb762938e8e067d31,0.009409,ETH,26.35
2026-02-15,12:35:47,2026-02-15T12:35:47.000Z,Rainbet,0x307576dd4f73f91bb8c4a2edb762938e8e067d31,0.009995,ETH,27.99
2026-02-15,12:36:23,2026-02-15T12:36:23.000Z,Rollbit,0xcbd6832ebc203e49e2b771897067fce3c58575ac,0.022900,ETH,64.12
2026-02-15,12:36:47,2026-02-15T12:36:47.000Z,Rainbet,0x307576dd4f73f91bb8c4a2edb762938e8e067d31,0.022412,ETH,62.75
2026-02-15,12:38:59,2026-02-15T12:38:59.000Z,Rainbet,0x307576dd4f73f91bb8c4a2edb762938e8e067d31,0.014036,ETH,39.30
2026-02-15,12:39:11,2026-02-15T12:39:11.000Z,Rainbet,0x307576dd4f73f91bb8c4a2edb762938e8e067d31,0.318740,ETH,892.47
2026-02-15,12:39:11,2026-02-15T12:39:11.000Z,Rainbet,0x307576dd4f73f91bb8c4a2edb762938e8e067d31,0.009995,ETH,27.99
2026-02-15,12:39:11,2026-02-15T12:39:11.000Z,Rainbet,0x307576dd4f73f91bb8c4a2edb762938e8e067d31,0.148112,ETH,414.71
2026-02-15,12:39:11,2026-02-15T12:39:11.000Z,Rainbet,0x307576dd4f73f91bb8c4a2edb762938e8e067d31,0.009995,ETH,27.99
2026-02-15,12:39:11,2026-02-15T12:39:11.000Z,Rainbet,0x307576dd4f73f91bb8c4a2edb762938e8e067d31,0.009995,ETH,27.99
2026-02-15,12:39:11,2026-02-15T12:39:11.000Z,Rainbet,0x307576dd4f73f91bb8c4a2edb762938e8e067d31,0.016125,ETH,45.15
2026-02-15,12:39:11,2026-02-15T12:39:11.000Z,Rainbet,0x307576dd4f73f91bb8c4a2edb762938e8e067d31,0.009999,ETH,28.00
2026-02-15,12:40:11,2026-02-15T12:40:11.000Z,Rainbet,0x307576dd4f73f91bb8c4a2edb762938e8e067d31,0.121289,ETH,339.61
2026-02-15,12:41:23,2026-02-15T12:41:23.000Z,Rollbit,0xcbd6832ebc203e49e2b771897067fce3c58575ac,0.014399,ETH,40.32
2026-02-15,12:41:23,2026-02-15T12:41:23.000Z,Rollbit,0xcbd6832ebc203e49e2b771897067fce3c58575ac,0.000219,ETH,0.61
2026-02-15,12:41:23,2026-02-15T12:41:23.000Z,Rainbet,0x307576dd4f73f91bb8c4a2edb762938e8e067d31,0.220411,ETH,617.15
2026-02-15,12:41:35,2026-02-15T12:41:35.000Z,Rollbit,0xcbd6832ebc203e49e2b771897067fce3c58575ac,0.019998,ETH,55.99
2026-02-15,12:41:35,2026-02-15T12:41:35.000Z,Rainbet,0x307576dd4f73f91bb8c4a2edb762938e8e067d31,0.009995,ETH,27.99
2026-02-15,12:41:47,2026-02-15T12:41:47.000Z,Rainbet,0x307576dd4f73f91bb8c4a2edb762938e8e067d31,0.009999,ETH,28.00
2026-02-15,12:41:47,2026-02-15T12:41:47.000Z,Rainbet,0x307576dd4f73f91bb8c4a2edb762938e8e067d31,0.009999,ETH,28.00
2026-02-15,12:41:47,2026-02-15T12:41:47.000Z,Rainbet,0x307576dd4f73f91bb8c4a2edb762938e8e067d31,0.009999,ETH,28.00
2026-02-15,12:41:59,2026-02-15T12:41:59.000Z,Rollbit,0xcbd6832ebc203e49e2b771897067fce3c58575ac,0.037838,ETH,105.95
2026-02-15,12:42:11,2026-02-15T12:42:11.000Z,Rollbit,0xcbd6832ebc203e49e2b771897067fce3c58575ac,0.096894,ETH,271.30
2026-02-15,12:42:35,2026-02-15T12:42:35.000Z,Rainbet,0x307576dd4f73f91bb8c4a2edb762938e8e067d31,0.012229,ETH,34.24
2026-02-15,12:42:47,2026-02-15T12:42:47.000Z,Rainbet,0x307576dd4f73f91bb8c4a2edb762938e8e067d31,0.053649,ETH,150.22
2026-02-15,12:42:47,2026-02-15T12:42:47.000Z,Rainbet,0x307576dd4f73f91bb8c4a2edb762938e8e067d31,0.024487,ETH,68.56
2026-02-15,12:42:59,2026-02-15T12:42:59.000Z,Rainbet,0x307576dd4f73f91bb8c4a2edb762938e8e067d31,0.037109,ETH,103.91
2026-02-15,12:43:35,2026-02-15T12:43:35.000Z,Roobet,0xc94ebb328ac25b95db0e0aa968371885fa516215,22.762846,ETH,63735.97
2026-02-15,12:43:47,2026-02-15T12:43:47.000Z,Rainbet,0x307576dd4f73f91bb8c4a2edb762938e8e067d31,0.015419,ETH,43.17
2026-02-15,12:43:59,2026-02-15T12:43:59.000Z,Rainbet,0x307576dd4f73f91bb8c4a2edb762938e8e067d31,0.115206,ETH,322.58
2026-02-15,12:43:59,2026-02-15T12:43:59.000Z,Rainbet,0x307576dd4f73f91bb8c4a2edb762938e8e067d31,0.009995,ETH,27.99
2026-02-15,12:44:11,2026-02-15T12:44:11.000Z,Rollbit,0xcbd6832ebc203e49e2b771897067fce3c58575ac,0.289999,ETH,812.00
2026-02-15,12:44:11,2026-02-15T12:44:11.000Z,Rainbet,0x307576dd4f73f91bb8c4a2edb762938e8e067d31,0.059999,ETH,168.00
2026-02-15,12:44:23,2026-02-15T12:44:23.000Z,Rollbit,0xcbd6832ebc203e49e2b771897067fce3c58575ac,0.232533,ETH,651.09
2026-02-15,12:44:47,2026-02-15T12:44:47.000Z,Rollbit,0xcbd6832ebc203e49e2b771897067fce3c58575ac,0.006554,ETH,18.35
2026-02-15,12:44:59,2026-02-15T12:44:59.000Z,Rollbit,0xcbd6832ebc203e49e2b771897067fce3c58575ac,0.035150,ETH,98.42
2026-02-15,12:45:35,2026-02-15T12:45:35.000Z,Rainbet,0x307576dd4f73f91bb8c4a2edb762938e8e067d31,0.009996,ETH,27.99
2026-02-15,12:45:47,2026-02-15T12:45:47.000Z,Rainbet,0x307576dd4f73f91bb8c4a2edb762938e8e067d31,0.179586,ETH,502.84
2026-02-15,12:45:59,2026-02-15T12:45:59.000Z,Rainbet,0x307576dd4f73f91bb8c4a2edb762938e8e067d31,0.009996,ETH,27.99
2026-02-15,12:46:11,2026-02-15T12:46:11.000Z,Rainbet,0x307576dd4f73f91bb8c4a2edb762938e8e067d31,0.073234,ETH,205.05
2026-02-15,12:46:47,2026-02-15T12:46:47.000Z,Rollbit,0xcbd6832ebc203e49e2b771897067fce3c58575ac,0.242452,ETH,678.86
2026-02-15,12:46:47,2026-02-15T12:46:47.000Z,Rainbet,0x307576dd4f73f91bb8c4a2edb762938e8e067d31,0.009995,ETH,27.98
2026-02-15,12:46:47,2026-02-15T12:46:47.000Z,Rainbet,0x307576dd4f73f91bb8c4a2edb762938e8e067d31,0.009998,ETH,27.99
2026-02-15,12:47:11,2026-02-15T12:47:11.000Z,Rainbet,0x307576dd4f73f91bb8c4a2edb762938e8e067d31,0.028355,ETH,79.39
2026-02-15,12:47:35,2026-02-15T12:47:35.000Z,Rainbet,0x307576dd4f73f91bb8c4a2edb762938e8e067d31,0.009996,ETH,27.99
2026-02-15,12:47:35,2026-02-15T12:47:35.000Z,Rainbet,0x307576dd4f73f91bb8c4a2edb762938e8e067d31,0.019896,ETH,55.71
2026-02-15,12:48:35,2026-02-15T12:48:35.000Z,Rainbet,0x307576dd4f73f91bb8c4a2edb762938e8e067d31,0.009995,ETH,27.99
2026-02-15,12:48:35,2026-02-15T12:48:35.000Z,Rainbet,0x307576dd4f73f91bb8c4a2edb762938e8e067d31,0.027349,ETH,76.58
2026-02-15,12:49:11,2026-02-15T12:49:11.000Z,Rollbit,0xcbd6832ebc203e49e2b771897067fce3c58575ac,0.259436,ETH,726.42
2026-02-15,12:52:35,2026-02-15T12:52:35.000Z,Rainbet,0x307576dd4f73f91bb8c4a2edb762938e8e067d31,0.026668,ETH,74.67
2026-02-15,12:52:59,2026-02-15T12:52:59.000Z,Rollbit,0xcbd6832ebc203e49e2b771897067fce3c58575ac,0.022944,ETH,64.24
2026-02-15,12:53:35,2026-02-15T12:53:35.000Z,Rainbet,0x307576dd4f73f91bb8c4a2edb762938e8e067d31,0.044047,ETH,123.33
2026-02-15,12:57:23,2026-02-15T12:57:23.000Z,Rainbet,0x307576dd4f73f91bb8c4a2edb762938e8e067d31,0.127540,ETH,357.11
2026-02-15,12:57:23,2026-02-15T12:57:23.000Z,Rainbet,0x307576dd4f73f91bb8c4a2edb762938e8e067d31,0.026395,ETH,73.91
2026-02-15,12:57:35,2026-02-15T12:57:35.000Z,Rainbet,0x307576dd4f73f91bb8c4a2edb762938e8e067d31,0.337902,ETH,946.13
2026-02-15,12:57:35,2026-02-15T12:57:35.000Z,Rainbet,0x307576dd4f73f91bb8c4a2edb762938e8e067d31,0.027438,ETH,76.83
2026-02-15,12:57:35,2026-02-15T12:57:35.000Z,Rainbet,0x307576dd4f73f91bb8c4a2edb762938e8e067d31,0.011325,ETH,31.71
2026-02-15,13:00:59,2026-02-15T13:00:59.000Z,Rollbit,0xcbd6832ebc203e49e2b771897067fce3c58575ac,0.070277,ETH,196.78
2026-02-15,13:00:59,2026-02-15T13:00:59.000Z,Rollbit,0xcbd6832ebc203e49e2b771897067fce3c58575ac,0.024164,ETH,67.66
2026-02-15,13:00:59,2026-02-15T13:00:59.000Z,Rainbet,0x307576dd4f73f91bb8c4a2edb762938e8e067d31,0.029998,ETH,83.99
2026-02-15,13:00:59,2026-02-15T13:00:59.000Z,Rainbet,0x307576dd4f73f91bb8c4a2edb762938e8e067d31,0.013504,ETH,37.81
2026-02-15,13:00:59,2026-02-15T13:00:59.000Z,Rainbet,0x307576dd4f73f91bb8c4a2edb762938e8e067d31,0.048054,ETH,134.55
2026-02-15,13:00:59,2026-02-15T13:00:59.000Z,Rainbet,0x307576dd4f73f91bb8c4a2edb762938e8e067d31,0.025764,ETH,72.14
2026-02-15,13:00:59,2026-02-15T13:00:59.000Z,Rainbet,0x307576dd4f73f91bb8c4a2edb762938e8e067d31,0.026178,ETH,73.30
2026-02-15,13:00:59,2026-02-15T13:00:59.000Z,Rainbet,0x307576dd4f73f91bb8c4a2edb762938e8e067d31,0.107980,ETH,302.34
2026-02-15,13:01:11,2026-02-15T13:01:11.000Z,Rainbet,0x307576dd4f73f91bb8c4a2edb762938e8e067d31,0.057611,ETH,161.31
2026-02-15,13:01:47,2026-02-15T13:01:47.000Z,Rollbit,0xcbd6832ebc203e49e2b771897067fce3c58575ac,0.096068,ETH,268.99
2026-02-15,13:02:47,2026-02-15T13:02:47.000Z,Rollbit,0xcbd6832ebc203e49e2b771897067fce3c58575ac,0.071425,ETH,199.99
2026-02-15,13:02:47,2026-02-15T13:02:47.000Z,Bitcasino,0x5bcbdfb6cc624b959c39a2d16110d1f2d9204f72,0.245981,ETH,688.75
2026-02-15,13:03:35,2026-02-15T13:03:35.000Z,Rollbit,0xcbd6832ebc203e49e2b771897067fce3c58575ac,0.188122,ETH,526.74
2026-02-15,13:03:47,2026-02-15T13:03:47.000Z,Rainbet,0x307576dd4f73f91bb8c4a2edb762938e8e067d31,0.178085,ETH,498.64
2026-02-15,13:03:59,2026-02-15T13:03:59.000Z,Bitcasino,0x5bcbdfb6cc624b959c39a2d16110d1f2d9204f72,0.022498,ETH,62.99
2026-02-15,13:04:35,2026-02-15T13:04:35.000Z,Rollbit,0xcbd6832ebc203e49e2b771897067fce3c58575ac,0.200822,ETH,562.30
2026-02-15,13:04:35,2026-02-15T13:04:35.000Z,Rainbet,0x307576dd4f73f91bb8c4a2edb762938e8e067d31,0.094680,ETH,265.10
2026-02-15,13:04:35,2026-02-15T13:04:35.000Z,Rainbet,0x307576dd4f73f91bb8c4a2edb762938e8e067d31,0.010487,ETH,29.36
2026-02-15,13:05:47,2026-02-15T13:05:47.000Z,Bitcasino,0x5bcbdfb6cc624b959c39a2d16110d1f2d9204f72,0.031979,ETH,89.54
2026-02-15,13:06:11,2026-02-15T13:06:11.000Z,Bitcasino,0x5bcbdfb6cc624b959c39a2d16110d1f2d9204f72,0.086747,ETH,242.89
2026-02-15,13:07:35,2026-02-15T13:07:35.000Z,Rollbit,0xcbd6832ebc203e49e2b771897067fce3c58575ac,0.023130,ETH,64.76
2026-02-15,13:07:35,2026-02-15T13:07:35.000Z,Rollbit,0xcbd6832ebc203e49e2b771897067fce3c58575ac,0.014998,ETH,42.00
2026-02-15,13:07:35,2026-02-15T13:07:35.000Z,Rainbet,0x307576dd4f73f91bb8c4a2edb762938e8e067d31,0.023383,ETH,65.47
2026-02-15,13:07:47,2026-02-15T13:07:47.000Z,Rollbit,0xcbd6832ebc203e49e2b771897067fce3c58575ac,0.000206,ETH,0.58
2026-02-15,13:07:47,2026-02-15T13:07:47.000Z,Rainbet,0x307576dd4f73f91bb8c4a2edb762938e8e067d31,0.192673,ETH,539.48
2026-02-15,13:08:11,2026-02-15T13:08:11.000Z,Rollbit,0xcbd6832ebc203e49e2b771897067fce3c58575ac,0.000198,ETH,0.55
2026-02-15,13:08:23,2026-02-15T13:08:23.000Z,Rollbit,0xcbd6832ebc203e49e2b771897067fce3c58575ac,0.018098,ETH,50.67
2026-02-15,13:08:35,2026-02-15T13:08:35.000Z,Rollbit,0xcbd6832ebc203e49e2b771897067fce3c58575ac,0.051098,ETH,143.07
2026-02-15,13:08:35,2026-02-15T13:08:35.000Z,Rainbet,0x307576dd4f73f91bb8c4a2edb762938e8e067d31,0.129571,ETH,362.80
2026-02-15,13:08:59,2026-02-15T13:08:59.000Z,Rollbit,0xcbd6832ebc203e49e2b771897067fce3c58575ac,0.000197,ETH,0.55
2026-02-15,13:09:23,2026-02-15T13:09:23.000Z,Rainbet,0x307576dd4f73f91bb8c4a2edb762938e8e067d31,0.023892,ETH,66.90
2026-02-15,13:09:35,2026-02-15T13:09:35.000Z,Rainbet,0x307576dd4f73f91bb8c4a2edb762938e8e067d31,0.063600,ETH,178.08
2026-02-15,13:09:47,2026-02-15T13:09:47.000Z,Rainbet,0x307576dd4f73f91bb8c4a2edb762938e8e067d31,0.010698,ETH,29.96
2026-02-15,13:10:47,2026-02-15T13:10:47.000Z,Rainbet,0x307576dd4f73f91bb8c4a2edb762938e8e067d31,0.015204,ETH,42.57
2026-02-15,13:10:47,2026-02-15T13:10:47.000Z,Rainbet,0x307576dd4f73f91bb8c4a2edb762938e8e067d31,0.057060,ETH,159.77
2026-02-15,13:10:47,2026-02-15T13:10:47.000Z,Rainbet,0x307576dd4f73f91bb8c4a2edb762938e8e067d31,0.009998,ETH,28.00
2026-02-15,13:11:35,2026-02-15T13:11:35.000Z,Rainbet,0x307576dd4f73f91bb8c4a2edb762938e8e067d31,0.008009,ETH,22.42
2026-02-15,13:11:35,2026-02-15T13:11:35.000Z,Rainbet,0x307576dd4f73f91bb8c4a2edb762938e8e067d31,0.221415,ETH,619.96
2026-02-15,13:12:47,2026-02-15T13:12:47.000Z,Rollbit,0xcbd6832ebc203e49e2b771897067fce3c58575ac,0.027398,ETH,76.71
2026-02-15,13:12:47,2026-02-15T13:12:47.000Z,Rainbet,0x307576dd4f73f91bb8c4a2edb762938e8e067d31,0.014239,ETH,39.87
2026-02-15,13:12:59,2026-02-15T13:12:59.000Z,Rollbit,0xcbd6832ebc203e49e2b771897067fce3c58575ac,0.309999,ETH,868.00
2026-02-15,13:12:59,2026-02-15T13:12:59.000Z,Rollbit,0xcbd6832ebc203e49e2b771897067fce3c58575ac,0.128272,ETH,359.16
2026-02-15,13:12:59,2026-02-15T13:12:59.000Z,Rainbet,0x307576dd4f73f91bb8c4a2edb762938e8e067d31,0.009999,ETH,28.00
2026-02-15,13:12:59,2026-02-15T13:12:59.000Z,Rainbet,0x307576dd4f73f91bb8c4a2edb762938e8e067d31,0.008979,ETH,25.14
2026-02-15,13:13:47,2026-02-15T13:13:47.000Z,Rollbit,0xcbd6832ebc203e49e2b771897067fce3c58575ac,0.017560,ETH,49.17
2026-02-15,13:13:47,2026-02-15T13:13:47.000Z,Roobet,0xc94ebb328ac25b95db0e0aa968371885fa516215,20.481699,ETH,57348.76
2026-02-15,13:13:59,2026-02-15T13:13:59.000Z,Rainbet,0x307576dd4f73f91bb8c4a2edb762938e8e067d31,0.019899,ETH,55.72
2026-02-15,13:13:59,2026-02-15T13:13:59.000Z,Rainbet,0x307576dd4f73f91bb8c4a2edb762938e8e067d31,0.007911,ETH,22.15
2026-02-15,13:13:59,2026-02-15T13:13:59.000Z,Rainbet,0x307576dd4f73f91bb8c4a2edb762938e8e067d31,0.351154,ETH,983.23
2026-02-15,13:14:11,2026-02-15T13:14:11.000Z,Rollbit,0xcbd6832ebc203e49e2b771897067fce3c58575ac,0.229822,ETH,643.50
2026-02-15,13:14:11,2026-02-15T13:14:11.000Z,Rainbet,0x307576dd4f73f91bb8c4a2edb762938e8e067d31,0.012633,ETH,35.37
2026-02-15,13:14:23,2026-02-15T13:14:23.000Z,Rainbet,0x307576dd4f73f91bb8c4a2edb762938e8e067d31,0.020350,ETH,56.98
2026-02-15,13:14:23,2026-02-15T13:14:23.000Z,Rainbet,0x307576dd4f73f91bb8c4a2edb762938e8e067d31,0.009131,ETH,25.57
2026-02-15,13:15:35,2026-02-15T13:15:35.000Z,Duelbits,0x014435b1e39945cf4f5f0c3cbb5833195a95cc9b,0.000000,ETH,0.00
2026-02-15,13:16:11,2026-02-15T13:16:11.000Z,Rollbit,0xcbd6832ebc203e49e2b771897067fce3c58575ac,0.016416,ETH,45.96
2026-02-15,13:16:47,2026-02-15T13:16:47.000Z,Rainbet,0x307576dd4f73f91bb8c4a2edb762938e8e067d31,0.069999,ETH,196.00
2026-02-15,13:16:59,2026-02-15T13:16:59.000Z,Rollbit,0xcbd6832ebc203e49e2b771897067fce3c58575ac,0.049014,ETH,137.24
2026-02-15,13:16:59,2026-02-15T13:16:59.000Z,Rainbet,0x307576dd4f73f91bb8c4a2edb762938e8e067d31,0.024443,ETH,68.44
2026-02-15,13:16:59,2026-02-15T13:16:59.000Z,Rainbet,0x307576dd4f73f91bb8c4a2edb762938e8e067d31,0.099029,ETH,277.28
2026-02-15,13:17:11,2026-02-15T13:17:11.000Z,Rainbet,0x307576dd4f73f91bb8c4a2edb762938e8e067d31,0.999999,ETH,2800.00
2026-02-15,13:17:35,2026-02-15T13:17:35.000Z,Rainbet,0x307576dd4f73f91bb8c4a2edb762938e8e067d31,0.011734,ETH,32.86
2026-02-15,13:17:35,2026-02-15T13:17:35.000Z,Rainbet,0x307576dd4f73f91bb8c4a2edb762938e8e067d31,0.009999,ETH,28.00
2026-02-15,13:17:59,2026-02-15T13:17:59.000Z,Rainbet,0x307576dd4f73f91bb8c4a2edb762938e8e067d31,0.009995,ETH,27.98
2026-02-15,13:17:59,2026-02-15T13:17:59.000Z,Rainbet,0x307576dd4f73f91bb8c4a2edb762938e8e067d31,0.009995,ETH,27.98
2026-02-15,13:17:59,2026-02-15T13:17:59.000Z,Rainbet,0x307576dd4f73f91bb8c4a2edb762938e8e067d31,0.009995,ETH,27.98
2026-02-15,13:17:59,2026-02-15T13:17:59.000Z,Rainbet,0x307576dd4f73f91bb8c4a2edb762938e8e067d31,0.009995,ETH,27.98
2026-02-15,13:17:59,2026-02-15T13:17:59.000Z,Rainbet,0x307576dd4f73f91bb8c4a2edb762938e8e067d31,0.009994,ETH,27.98
2026-02-15,13:17:59,2026-02-15T13:17:59.000Z,Rainbet,0x307576dd4f73f91bb8c4a2edb762938e8e067d31,0.009775,ETH,27.37
2026-02-15,13:18:11,2026-02-15T13:18:11.000Z,Rainbet,0x307576dd4f73f91bb8c4a2edb762938e8e067d31,0.015395,ETH,43.11
2026-02-15,13:18:11,2026-02-15T13:18:11.000Z,Rainbet,0x307576dd4f73f91bb8c4a2edb762938e8e067d31,0.009995,ETH,27.98
2026-02-15,13:18:11,2026-02-15T13:18:11.000Z,Rainbet,0x307576dd4f73f91bb8c4a2edb762938e8e067d31,0.009995,ETH,27.98
2026-02-15,13:18:11,2026-02-15T13:18:11.000Z,Rainbet,0x307576dd4f73f91bb8c4a2edb762938e8e067d31,0.009995,ETH,27.98
2026-02-15,13:18:11,2026-02-15T13:18:11.000Z,Rainbet,0x307576dd4f73f91bb8c4a2edb762938e8e067d31,0.009995,ETH,27.98
2026-02-15,13:18:11,2026-02-15T13:18:11.000Z,Rainbet,0x307576dd4f73f91bb8c4a2edb762938e8e067d31,0.009995,ETH,27.98
2026-02-15,13:18:11,2026-02-15T13:18:11.000Z,Rainbet,0x307576dd4f73f91bb8c4a2edb762938e8e067d31,0.009995,ETH,27.98
2026-02-15,13:18:23,2026-02-15T13:18:23.000Z,Rainbet,0x307576dd4f73f91bb8c4a2edb762938e8e067d31,0.019884,ETH,55.67
2026-02-15,13:18:35,2026-02-15T13:18:35.000Z,Rainbet,0x307576dd4f73f91bb8c4a2edb762938e8e067d31,0.046021,ETH,128.86
2026-02-15,13:18:47,2026-02-15T13:18:47.000Z,Rainbet,0x307576dd4f73f91bb8c4a2edb762938e8e067d31,0.022431,ETH,62.81
2026-02-15,13:18:47,2026-02-15T13:18:47.000Z,Rainbet,0x307576dd4f73f91bb8c4a2edb762938e8e067d31,0.008926,ETH,24.99
2026-02-15,13:18:47,2026-02-15T13:18:47.000Z,Rainbet,0x307576dd4f73f91bb8c4a2edb762938e8e067d31,0.009100,ETH,25.48
2026-02-15,13:18:47,2026-02-15T13:18:47.000Z,Rainbet,0x307576dd4f73f91bb8c4a2edb762938e8e067d31,0.009995,ETH,27.99
2026-02-15,13:19:23,2026-02-15T13:19:23.000Z,Rainbet,0x307576dd4f73f91bb8c4a2edb762938e8e067d31,0.009999,ETH,28.00
2026-02-15,13:19:23,2026-02-15T13:19:23.000Z,Rainbet,0x307576dd4f73f91bb8c4a2edb762938e8e067d31,0.012580,ETH,35.22
2026-02-15,13:19:23,2026-02-15T13:19:23.000Z,Rainbet,0x307576dd4f73f91bb8c4a2edb762938e8e067d31,0.118482,ETH,331.75
2026-02-15,13:19:35,2026-02-15T13:19:35.000Z,Rainbet,0x307576dd4f73f91bb8c4a2edb762938e8e067d31,0.021725,ETH,60.83
2026-02-15,13:19:35,2026-02-15T13:19:35.000Z,Rainbet,0x307576dd4f73f91bb8c4a2edb762938e8e067d31,0.015599,ETH,43.68
2026-02-15,13:19:47,2026-02-15T13:19:47.000Z,Rainbet,0x307576dd4f73f91bb8c4a2edb762938e8e067d31,0.009999,ETH,28.00
2026-02-15,13:19:59,2026-02-15T13:19:59.000Z,Rainbet,0x307576dd4f73f91bb8c4a2edb762938e8e067d31,0.009999,ETH,28.00
2026-02-15,13:20:47,2026-02-15T13:20:47.000Z,Rainbet,0x307576dd4f73f91bb8c4a2edb762938e8e067d31,0.011936,ETH,33.42
2026-02-15,13:20:47,2026-02-15T13:20:47.000Z,Rainbet,0x307576dd4f73f91bb8c4a2edb762938e8e067d31,0.321389,ETH,899.89
2026-02-15,13:20:59,2026-02-15T13:20:59.000Z,Rainbet,0x307576dd4f73f91bb8c4a2edb762938e8e067d31,0.020389,ETH,57.09
2026-02-15,13:20:59,2026-02-15T13:20:59.000Z,Rainbet,0x307576dd4f73f91bb8c4a2edb762938e8e067d31,0.009994,ETH,27.98
2026-02-15,13:20:59,2026-02-15T13:20:59.000Z,Rainbet,0x307576dd4f73f91bb8c4a2edb762938e8e067d31,0.009994,ETH,27.98
2026-02-15,13:21:59,2026-02-15T13:21:59.000Z,Rainbet,0x307576dd4f73f91bb8c4a2edb762938e8e067d31,0.009995,ETH,27.98
2026-02-15,13:22:11,2026-02-15T13:22:11.000Z,Rainbet,0x307576dd4f73f91bb8c4a2edb762938e8e067d31,0.009995,ETH,27.98
2026-02-15,13:22:11,2026-02-15T13:22:11.000Z,Rainbet,0x307576dd4f73f91bb8c4a2edb762938e8e067d31,0.017277,ETH,48.38
2026-02-15,13:22:23,2026-02-15T13:22:23.000Z,Rollbit,0xcbd6832ebc203e49e2b771897067fce3c58575ac,0.000215,ETH,0.60
2026-02-15,13:22:23,2026-02-15T13:22:23.000Z,Rainbet,0x307576dd4f73f91bb8c4a2edb762938e8e067d31,0.854599,ETH,2392.88
2026-02-15,13:22:23,2026-02-15T13:22:23.000Z,Rainbet,0x307576dd4f73f91bb8c4a2edb762938e8e067d31,0.021982,ETH,61.55
2026-02-15,13:22:47,2026-02-15T13:22:47.000Z,Rollbit,0xcbd6832ebc203e49e2b771897067fce3c58575ac,0.021433,ETH,60.01
2026-02-15,13:23:23,2026-02-15T13:23:23.000Z,Rollbit,0xcbd6832ebc203e49e2b771897067fce3c58575ac,0.030845,ETH,86.37
2026-02-15,13:23:23,2026-02-15T13:23:23.000Z,Rainbet,0x307576dd4f73f91bb8c4a2edb762938e8e067d31,0.011766,ETH,32.95
2026-02-15,13:23:23,2026-02-15T13:23:23.000Z,Rainbet,0x307576dd4f73f91bb8c4a2edb762938e8e067d31,0.009994,ETH,27.98
2026-02-15,13:23:23,2026-02-15T13:23:23.000Z,Rainbet,0x307576dd4f73f91bb8c4a2edb762938e8e067d31,0.009994,ETH,27.98
2026-02-15,13:24:23,2026-02-15T13:24:23.000Z,Rollbit,0xcbd6832ebc203e49e2b771897067fce3c58575ac,0.037064,ETH,103.78
2026-02-15,13:24:23,2026-02-15T13:24:23.000Z,Rainbet,0x307576dd4f73f91bb8c4a2edb762938e8e067d31,0.055152,ETH,154.43
2026-02-15,13:24:59,2026-02-15T13:24:59.000Z,Rainbet,0x307576dd4f73f91bb8c4a2edb762938e8e067d31,0.999999,ETH,2800.00
2026-02-15,13:24:59,2026-02-15T13:24:59.000Z,Rainbet,0x307576dd4f73f91bb8c4a2edb762938e8e067d31,0.010871,ETH,30.44
2026-02-15,13:24:59,2026-02-15T13:24:59.000Z,Rainbet,0x307576dd4f73f91bb8c4a2edb762938e8e067d31,0.046984,ETH,131.56
2026-02-15,13:24:59,2026-02-15T13:24:59.000Z,Rainbet,0x307576dd4f73f91bb8c4a2edb762938e8e067d31,0.722358,ETH,2022.60
2026-02-15,13:25:11,2026-02-15T13:25:11.000Z,Rollbit,0xcbd6832ebc203e49e2b771897067fce3c58575ac,0.072145,ETH,202.00
2026-02-15,13:25:23,2026-02-15T13:25:23.000Z,Rainbet,0x307576dd4f73f91bb8c4a2edb762938e8e067d31,0.012489,ETH,34.97
2026-02-15,13:25:47,2026-02-15T13:25:47.000Z,Rollbit,0xcbd6832ebc203e49e2b771897067fce3c58575ac,0.050309,ETH,140.86
2026-02-15,13:25:59,2026-02-15T13:25:59.000Z,Rainbet,0x307576dd4f73f91bb8c4a2edb762938e8e067d31,0.036740,ETH,102.87
2026-02-15,13:26:35,2026-02-15T13:26:35.000Z,Rollbit,0xcbd6832ebc203e49e2b771897067fce3c58575ac,0.000338,ETH,0.95
2026-02-15,13:26:35,2026-02-15T13:26:35.000Z,Rollbit,0xcbd6832ebc203e49e2b771897067fce3c58575ac,0.281326,ETH,787.71
2026-02-15,13:26:35,2026-02-15T13:26:35.000Z,Rollbit,0xcbd6832ebc203e49e2b771897067fce3c58575ac,0.093591,ETH,262.06
2026-02-15,13:27:47,2026-02-15T13:27:47.000Z,Rollbit,0xcbd6832ebc203e49e2b771897067fce3c58575ac,0.000429,ETH,1.20
2026-02-15,13:27:47,2026-02-15T13:27:47.000Z,Rollbit,0xcbd6832ebc203e49e2b771897067fce3c58575ac,0.014477,ETH,40.54
2026-02-15,13:27:47,2026-02-15T13:27:47.000Z,Rainbet,0x307576dd4f73f91bb8c4a2edb762938e8e067d31,0.009996,ETH,27.99
2026-02-15,13:28:11,2026-02-15T13:28:11.000Z,Rainbet,0x307576dd4f73f91bb8c4a2edb762938e8e067d31,0.009996,ETH,27.99
2026-02-15,13:28:11,2026-02-15T13:28:11.000Z,Rainbet,0x307576dd4f73f91bb8c4a2edb762938e8e067d31,0.009996,ETH,27.99
2026-02-15,13:28:11,2026-02-15T13:28:11.000Z,Rainbet,0x307576dd4f73f91bb8c4a2edb762938e8e067d31,0.009994,ETH,27.98
2026-02-15,13:28:11,2026-02-15T13:28:11.000Z,Rainbet,0x307576dd4f73f91bb8c4a2edb762938e8e067d31,0.009994,ETH,27.98
2026-02-15,13:28:47,2026-02-15T13:28:47.000Z,Rollbit,0xcbd6832ebc203e49e2b771897067fce3c58575ac,0.000671,ETH,1.88
2026-02-15,13:31:35,2026-02-15T13:31:35.000Z,Rollbit,0xcbd6832ebc203e49e2b771897067fce3c58575ac,0.000672,ETH,1.88
2026-02-15,13:31:59,2026-02-15T13:31:59.000Z,Rollbit,0xcbd6832ebc203e49e2b771897067fce3c58575ac,0.029702,ETH,83.17
2026-02-15,13:31:59,2026-02-15T13:31:59.000Z,Rollbit,0xcbd6832ebc203e49e2b771897067fce3c58575ac,0.258651,ETH,724.22
2026-02-15,13:34:23,2026-02-15T13:34:23.000Z,Rollbit,0xcbd6832ebc203e49e2b771897067fce3c58575ac,0.000715,ETH,2.00
2026-02-15,13:34:59,2026-02-15T13:34:59.000Z,Rainbet,0x307576dd4f73f91bb8c4a2edb762938e8e067d31,0.009993,ETH,27.98
2026-02-15,13:34:59,2026-02-15T13:34:59.000Z,Rainbet,0x307576dd4f73f91bb8c4a2edb762938e8e067d31,0.008999,ETH,25.20
2026-02-15,13:34:59,2026-02-15T13:34:59.000Z,Rainbet,0x307576dd4f73f91bb8c4a2edb762938e8e067d31,0.055029,ETH,154.08
2026-02-15,13:35:35,2026-02-15T13:35:35.000Z,Rollbit,0xcbd6832ebc203e49e2b771897067fce3c58575ac,0.165205,ETH,462.57
2026-02-15,13:35:35,2026-02-15T13:35:35.000Z,Rainbet,0x307576dd4f73f91bb8c4a2edb762938e8e067d31,0.323075,ETH,904.61
2026-02-15,13:35:35,2026-02-15T13:35:35.000Z,Rainbet,0x307576dd4f73f91bb8c4a2edb762938e8e067d31,0.011312,ETH,31.67
2026-02-15,13:35:47,2026-02-15T13:35:47.000Z,Rollbit,0xcbd6832ebc203e49e2b771897067fce3c58575ac,0.000493,ETH,1.38
2026-02-15,13:35:47,2026-02-15T13:35:47.000Z,Rainbet,0x307576dd4f73f91bb8c4a2edb762938e8e067d31,0.033449,ETH,93.66
2026-02-15,13:35:47,2026-02-15T13:35:47.000Z,Rainbet,0x307576dd4f73f91bb8c4a2edb762938e8e067d31,0.009076,ETH,25.41
2026-02-15,13:36:47,2026-02-15T13:36:47.000Z,Rainbet,0x307576dd4f73f91bb8c4a2edb762938e8e067d31,0.009997,ETH,27.99
2026-02-15,13:36:47,2026-02-15T13:36:47.000Z,Rainbet,0x307576dd4f73f91bb8c4a2edb762938e8e067d31,0.009995,ETH,27.99
2026-02-15,13:36:47,2026-02-15T13:36:47.000Z,Rainbet,0x307576dd4f73f91bb8c4a2edb762938e8e067d31,0.009995,ETH,27.99
2026-02-15,13:36:47,2026-02-15T13:36:47.000Z,Rainbet,0x307576dd4f73f91bb8c4a2edb762938e8e067d31,0.009995,ETH,27.99
2026-02-15,13:36:47,2026-02-15T13:36:47.000Z,Rainbet,0x307576dd4f73f91bb8c4a2edb762938e8e067d31,0.009995,ETH,27.99
2026-02-15,13:36:47,2026-02-15T13:36:47.000Z,Rainbet,0x307576dd4f73f91bb8c4a2edb762938e8e067d31,0.009995,ETH,27.99
2026-02-15,13:36:47,2026-02-15T13:36:47.000Z,Rainbet,0x307576dd4f73f91bb8c4a2edb762938e8e067d31,0.999999,ETH,2800.00
2026-02-15,13:36:47,2026-02-15T13:36:47.000Z,Rainbet,0x307576dd4f73f91bb8c4a2edb762938e8e067d31,0.069076,ETH,193.41
2026-02-15,13:36:47,2026-02-15T13:36:47.000Z,Rainbet,0x307576dd4f73f91bb8c4a2edb762938e8e067d31,0.009999,ETH,28.00
2026-02-15,13:36:47,2026-02-15T13:36:47.000Z,Rainbet,0x307576dd4f73f91bb8c4a2edb762938e8e067d31,0.089597,ETH,250.87
2026-02-15,13:36:47,2026-02-15T13:36:47.000Z,Rainbet,0x307576dd4f73f91bb8c4a2edb762938e8e067d31,0.025822,ETH,72.30
2026-02-15,13:36:47,2026-02-15T13:36:47.000Z,Rainbet,0x307576dd4f73f91bb8c4a2edb762938e8e067d31,0.059339,ETH,166.15
2026-02-15,13:36:47,2026-02-15T13:36:47.000Z,Rainbet,0x307576dd4f73f91bb8c4a2edb762938e8e067d31,0.009996,ETH,27.99
2026-02-15,13:36:47,2026-02-15T13:36:47.000Z,Rainbet,0x307576dd4f73f91bb8c4a2edb762938e8e067d31,0.009999,ETH,28.00
2026-02-15,13:36:47,2026-02-15T13:36:47.000Z,Rainbet,0x307576dd4f73f91bb8c4a2edb762938e8e067d31,0.009996,ETH,27.99
2026-02-15,13:37:23,2026-02-15T13:37:23.000Z,Rollbit,0xcbd6832ebc203e49e2b771897067fce3c58575ac,0.006439,ETH,18.03
2026-02-15,13:37:47,2026-02-15T13:37:47.000Z,Stake 11,0x787b8840100d9baadd7463f4a73b5ba73b00c6ca,0.030677,ETH,85.90
2026-02-15,13:37:47,2026-02-15T13:37:47.000Z,Stake 11,0x787b8840100d9baadd7463f4a73b5ba73b00c6ca,0.251141,ETH,703.19
2026-02-15,13:37:47,2026-02-15T13:37:47.000Z,Stake 11,0x787b8840100d9baadd7463f4a73b5ba73b00c6ca,0.000064,ETH,0.18
2026-02-15,13:37:47,2026-02-15T13:37:47.000Z,Stake 11,0x787b8840100d9baadd7463f4a73b5ba73b00c6ca,0.002605,ETH,7.29
2026-02-15,13:37:47,2026-02-15T13:37:47.000Z,Stake 11,0x787b8840100d9baadd7463f4a73b5ba73b00c6ca,0.000063,ETH,0.18
2026-02-15,13:37:47,2026-02-15T13:37:47.000Z,Stake 11,0x787b8840100d9baadd7463f4a73b5ba73b00c6ca,0.094812,ETH,265.47
2026-02-15,13:37:47,2026-02-15T13:37:47.000Z,Stake 11,0x787b8840100d9baadd7463f4a73b5ba73b00c6ca,0.000068,ETH,0.19
2026-02-15,13:37:47,2026-02-15T13:37:47.000Z,Stake 11,0x787b8840100d9baadd7463f4a73b5ba73b00c6ca,0.000068,ETH,0.19
2026-02-15,13:37:47,2026-02-15T13:37:47.000Z,Stake 11,0x787b8840100d9baadd7463f4a73b5ba73b00c6ca,0.021184,ETH,59.31
2026-02-15,13:37:47,2026-02-15T13:37:47.000Z,Rainbet,0x307576dd4f73f91bb8c4a2edb762938e8e067d31,0.148552,ETH,415.95
2026-02-15,13:37:47,2026-02-15T13:37:47.000Z,Rainbet,0x307576dd4f73f91bb8c4a2edb762938e8e067d31,0.346079,ETH,969.02
2026-02-15,13:37:47,2026-02-15T13:37:47.000Z,Rainbet,0x307576dd4f73f91bb8c4a2edb762938e8e067d31,0.009995,ETH,27.98
2026-02-15,13:37:47,2026-02-15T13:37:47.000Z,Rainbet,0x307576dd4f73f91bb8c4a2edb762938e8e067d31,0.048443,ETH,135.64
2026-02-15,13:37:47,2026-02-15T13:37:47.000Z,Rainbet,0x307576dd4f73f91bb8c4a2edb762938e8e067d31,0.049318,ETH,138.09
2026-02-15,13:37:47,2026-02-15T13:37:47.000Z,Rainbet,0x307576dd4f73f91bb8c4a2edb762938e8e067d31,0.009997,ETH,27.99
2026-02-15,13:38:11,2026-02-15T13:38:11.000Z,Rainbet,0x307576dd4f73f91bb8c4a2edb762938e8e067d31,0.012252,ETH,34.31
2026-02-15,13:38:23,2026-02-15T13:38:23.000Z,Rollbit,0xcbd6832ebc203e49e2b771897067fce3c58575ac,0.072065,ETH,201.78
2026-02-15,13:39:11,2026-02-15T13:39:11.000Z,Stake 11,0x787b8840100d9baadd7463f4a73b5ba73b00c6ca,0.029338,ETH,82.15
2026-02-15,13:39:11,2026-02-15T13:39:11.000Z,Rainbet,0x307576dd4f73f91bb8c4a2edb762938e8e067d31,0.009999,ETH,28.00
2026-02-15,13:39:11,2026-02-15T13:39:11.000Z,Rainbet,0x307576dd4f73f91bb8c4a2edb762938e8e067d31,0.009999,ETH,28.00
2026-02-15,13:39:35,2026-02-15T13:39:35.000Z,Bitcasino,0x5bcbdfb6cc624b959c39a2d16110d1f2d9204f72,0.039572,ETH,110.80
2026-02-15,13:39:59,2026-02-15T13:39:59.000Z,Rollbit,0xcbd6832ebc203e49e2b771897067fce3c58575ac,0.035389,ETH,99.09
2026-02-15,13:39:59,2026-02-15T13:39:59.000Z,Bitcasino,0x5bcbdfb6cc624b959c39a2d16110d1f2d9204f72,0.069999,ETH,196.00
2026-02-15,13:40:35,2026-02-15T13:40:35.000Z,Stake 11,0x787b8840100d9baadd7463f4a73b5ba73b00c6ca,0.053999,ETH,151.20
2026-02-15,13:40:35,2026-02-15T13:40:35.000Z,Stake 11,0x787b8840100d9baadd7463f4a73b5ba73b00c6ca,0.006825,ETH,19.11
2026-02-15,13:40:35,2026-02-15T13:40:35.000Z,Stake 11,0x787b8840100d9baadd7463f4a73b5ba73b00c6ca,0.012752,ETH,35.71
2026-02-15,13:40:35,2026-02-15T13:40:35.000Z,Stake 11,0x787b8840100d9baadd7463f4a73b5ba73b00c6ca,0.161018,ETH,450.85
2026-02-15,13:40:35,2026-02-15T13:40:35.000Z,Stake 11,0x787b8840100d9baadd7463f4a73b5ba73b00c6ca,0.247992,ETH,694.38
2026-02-15,13:40:35,2026-02-15T13:40:35.000Z,Stake 11,0x787b8840100d9baadd7463f4a73b5ba73b00c6ca,0.000069,ETH,0.19
2026-02-15,13:40:35,2026-02-15T13:40:35.000Z,Stake 11,0x787b8840100d9baadd7463f4a73b5ba73b00c6ca,0.091289,ETH,255.61
2026-02-15,13:40:35,2026-02-15T13:40:35.000Z,Stake 11,0x787b8840100d9baadd7463f4a73b5ba73b00c6ca,0.000068,ETH,0.19
2026-02-15,13:40:35,2026-02-15T13:40:35.000Z,Stake 11,0x787b8840100d9baadd7463f4a73b5ba73b00c6ca,0.000068,ETH,0.19
2026-02-15,13:40:35,2026-02-15T13:40:35.000Z,Stake 11,0x787b8840100d9baadd7463f4a73b5ba73b00c6ca,0.019238,ETH,53.87
2026-02-15,13:40:35,2026-02-15T13:40:35.000Z,Stake 11,0x787b8840100d9baadd7463f4a73b5ba73b00c6ca,0.000068,ETH,0.19
2026-02-15,13:40:35,2026-02-15T13:40:35.000Z,Stake 11,0x787b8840100d9baadd7463f4a73b5ba73b00c6ca,0.000068,ETH,0.19
2026-02-15,13:40:47,2026-02-15T13:40:47.000Z,Stake 11,0x787b8840100d9baadd7463f4a73b5ba73b00c6ca,0.104612,ETH,292.91
2026-02-15,13:40:47,2026-02-15T13:40:47.000Z,Rollbit,0xcbd6832ebc203e49e2b771897067fce3c58575ac,0.007999,ETH,22.40
2026-02-15,13:40:47,2026-02-15T13:40:47.000Z,Rollbit,0xcbd6832ebc203e49e2b771897067fce3c58575ac,0.000361,ETH,1.01
2026-02-15,13:40:47,2026-02-15T13:40:47.000Z,Rainbet,0x307576dd4f73f91bb8c4a2edb762938e8e067d31,0.014718,ETH,41.21
2026-02-15,13:41:23,2026-02-15T13:41:23.000Z,Rollbit,0xcbd6832ebc203e49e2b771897067fce3c58575ac,0.047147,ETH,132.01
2026-02-15,13:42:11,2026-02-15T13:42:11.000Z,Rollbit,0xcbd6832ebc203e49e2b771897067fce3c58575ac,0.010833,ETH,30.33
2026-02-15,13:42:11,2026-02-15T13:42:11.000Z,Rainbet,0x307576dd4f73f91bb8c4a2edb762938e8e067d31,0.009998,ETH,27.99
2026-02-15,13:42:11,2026-02-15T13:42:11.000Z,Rainbet,0x307576dd4f73f91bb8c4a2edb762938e8e067d31,0.095180,ETH,266.50
2026-02-15,13:42:11,2026-02-15T13:42:11.000Z,Rainbet,0x307576dd4f73f91bb8c4a2edb762938e8e067d31,0.009996,ETH,27.99
2026-02-15,13:42:11,2026-02-15T13:42:11.000Z,Rainbet,0x307576dd4f73f91bb8c4a2edb762938e8e067d31,0.009999,ETH,28.00
2026-02-15,13:42:11,2026-02-15T13:42:11.000Z,Rainbet,0x307576dd4f73f91bb8c4a2edb762938e8e067d31,0.009996,ETH,27.99
2026-02-15,13:42:35,2026-02-15T13:42:35.000Z,Rainbet,0x307576dd4f73f91bb8c4a2edb762938e8e067d31,0.334237,ETH,935.86
2026-02-15,13:42:35,2026-02-15T13:42:35.000Z,Bitcasino,0x5bcbdfb6cc624b959c39a2d16110d1f2d9204f72,0.565356,ETH,1583.00
2026-02-15,13:42:47,2026-02-15T13:42:47.000Z,Rainbet,0x307576dd4f73f91bb8c4a2edb762938e8e067d31,0.054949,ETH,153.86
2026-02-15,13:42:47,2026-02-15T13:42:47.000Z,Rainbet,0x307576dd4f73f91bb8c4a2edb762938e8e067d31,0.011303,ETH,31.65
2026-02-15,13:42:47,2026-02-15T13:42:47.000Z,Rainbet,0x307576dd4f73f91bb8c4a2edb762938e8e067d31,0.075840,ETH,212.35
2026-02-15,13:42:59,2026-02-15T13:42:59.000Z,Rollbit,0xcbd6832ebc203e49e2b771897067fce3c58575ac,0.000297,ETH,0.83
2026-02-15,13:42:59,2026-02-15T13:42:59.000Z,Rainbet,0x307576dd4f73f91bb8c4a2edb762938e8e067d31,0.032828,ETH,91.92
2026-02-15,13:42:59,2026-02-15T13:42:59.000Z,Rainbet,0x307576dd4f73f91bb8c4a2edb762938e8e067d31,0.009996,ETH,27.99
2026-02-15,13:42:59,2026-02-15T13:42:59.000Z,Rainbet,0x307576dd4f73f91bb8c4a2edb762938e8e067d31,0.097649,ETH,273.42
2026-02-15,13:42:59,2026-02-15T13:42:59.000Z,Rainbet,0x307576dd4f73f91bb8c4a2edb762938e8e067d31,0.009996,ETH,27.99
2026-02-15,13:42:59,2026-02-15T13:42:59.000Z,Rainbet,0x307576dd4f73f91bb8c4a2edb762938e8e067d31,0.067002,ETH,187.61
2026-02-15,13:43:11,2026-02-15T13:43:11.000Z,Rollbit,0xcbd6832ebc203e49e2b771897067fce3c58575ac,0.299999,ETH,840.00
2026-02-15,13:43:11,2026-02-15T13:43:11.000Z,Rainbet,0x307576dd4f73f91bb8c4a2edb762938e8e067d31,0.031357,ETH,87.80
2026-02-15,13:43:11,2026-02-15T13:43:11.000Z,Bitcasino,0x5bcbdfb6cc624b959c39a2d16110d1f2d9204f72,0.029410,ETH,82.35
2026-02-15,13:43:47,2026-02-15T13:43:47.000Z,Rollbit,0xcbd6832ebc203e49e2b771897067fce3c58575ac,0.259786,ETH,727.40
2026-02-15,13:43:47,2026-02-15T13:43:47.000Z,Rainbet,0x307576dd4f73f91bb8c4a2edb762938e8e067d31,0.014177,ETH,39.70
2026-02-15,13:44:11,2026-02-15T13:44:11.000Z,Roobet,0xc94ebb328ac25b95db0e0aa968371885fa516215,20.885732,ETH,58480.05
2026-02-15,13:44:11,2026-02-15T13:44:11.000Z,Rainbet,0x307576dd4f73f91bb8c4a2edb762938e8e067d31,0.009825,ETH,27.51
2026-02-15,13:44:11,2026-02-15T13:44:11.000Z,Rainbet,0x307576dd4f73f91bb8c4a2edb762938e8e067d31,0.009996,ETH,27.99
2026-02-15,13:44:11,2026-02-15T13:44:11.000Z,Rainbet,0x307576dd4f73f91bb8c4a2edb762938e8e067d31,0.009996,ETH,27.99
2026-02-15,13:44:11,2026-02-15T13:44:11.000Z,Rainbet,0x307576dd4f73f91bb8c4a2edb762938e8e067d31,0.009996,ETH,27.99
2026-02-15,13:44:35,2026-02-15T13:44:35.000Z,Rollbit,0xcbd6832ebc203e49e2b771897067fce3c58575ac,0.037183,ETH,104.11
2026-02-15,13:44:35,2026-02-15T13:44:35.000Z,Rainbet,0x307576dd4f73f91bb8c4a2edb762938e8e067d31,0.070739,ETH,198.07
2026-02-15,13:44:59,2026-02-15T13:44:59.000Z,Rainbet,0x307576dd4f73f91bb8c4a2edb762938e8e067d31,0.197303,ETH,552.45
2026-02-15,13:44:59,2026-02-15T13:44:59.000Z,Rainbet,0x307576dd4f73f91bb8c4a2edb762938e8e067d31,0.012021,ETH,33.66
2026-02-15,13:45:47,2026-02-15T13:45:47.000Z,Rainbet,0x307576dd4f73f91bb8c4a2edb762938e8e067d31,0.009995,ETH,27.99
2026-02-15,13:46:11,2026-02-15T13:46:11.000Z,Rainbet,0x307576dd4f73f91bb8c4a2edb762938e8e067d31,0.098690,ETH,276.33
2026-02-15,13:46:23,2026-02-15T13:46:23.000Z,Rainbet,0x307576dd4f73f91bb8c4a2edb762938e8e067d31,0.009997,ETH,27.99
2026-02-15,13:46:59,2026-02-15T13:46:59.000Z,Stake 11,0x787b8840100d9baadd7463f4a73b5ba73b00c6ca,0.082486,ETH,230.96
2026-02-15,13:46:59,2026-02-15T13:46:59.000Z,Rollbit,0xcbd6832ebc203e49e2b771897067fce3c58575ac,0.010999,ETH,30.80
2026-02-15,13:46:59,2026-02-15T13:46:59.000Z,Rollbit,0xcbd6832ebc203e49e2b771897067fce3c58575ac,0.068691,ETH,192.33
2026-02-15,13:46:59,2026-02-15T13:46:59.000Z,Rainbet,0x307576dd4f73f91bb8c4a2edb762938e8e067d31,0.140538,ETH,393.51
2026-02-15,13:46:59,2026-02-15T13:46:59.000Z,Rainbet,0x307576dd4f73f91bb8c4a2edb762938e8e067d31,0.050986,ETH,142.76
2026-02-15,13:46:59,2026-02-15T13:46:59.000Z,Rainbet,0x307576dd4f73f91bb8c4a2edb762938e8e067d31,0.020480,ETH,57.34
2026-02-15,13:47:59,2026-02-15T13:47:59.000Z,Rainbet,0x307576dd4f73f91bb8c4a2edb762938e8e067d31,0.009995,ETH,27.98
2026-02-15,13:48:11,2026-02-15T13:48:11.000Z,Rainbet,0x307576dd4f73f91bb8c4a2edb762938e8e067d31,0.009999,ETH,28.00
2026-02-15,13:49:11,2026-02-15T13:49:11.000Z,Rainbet,0x307576dd4f73f91bb8c4a2edb762938e8e067d31,0.009995,ETH,27.99
2026-02-15,13:49:35,2026-02-15T13:49:35.000Z,Rollbit,0xcbd6832ebc203e49e2b771897067fce3c58575ac,0.064399,ETH,180.32
2026-02-15,13:51:35,2026-02-15T13:51:35.000Z,Rollbit,0xcbd6832ebc203e49e2b771897067fce3c58575ac,0.072525,ETH,203.07
2026-02-15,13:51:59,2026-02-15T13:51:59.000Z,Rollbit,0xcbd6832ebc203e49e2b771897067fce3c58575ac,0.000279,ETH,0.78
2026-02-15,13:52:47,2026-02-15T13:52:47.000Z,Rainbet,0x307576dd4f73f91bb8c4a2edb762938e8e067d31,0.014045,ETH,39.33
2026-02-15,13:52:47,2026-02-15T13:52:47.000Z,Rainbet,0x307576dd4f73f91bb8c4a2edb762938e8e067d31,0.009995,ETH,27.99
2026-02-15,13:52:47,2026-02-15T13:52:47.000Z,Rainbet,0x307576dd4f73f91bb8c4a2edb762938e8e067d31,0.009995,ETH,27.99
2026-02-15,13:52:47,2026-02-15T13:52:47.000Z,Rainbet,0x307576dd4f73f91bb8c4a2edb762938e8e067d31,0.014419,ETH,40.37
2026-02-15,13:52:47,2026-02-15T13:52:47.000Z,Rainbet,0x307576dd4f73f91bb8c4a2edb762938e8e067d31,0.058058,ETH,162.56
2026-02-15,13:52:47,2026-02-15T13:52:47.000Z,Rainbet,0x307576dd4f73f91bb8c4a2edb762938e8e067d31,0.009995,ETH,27.99
2026-02-15,13:53:11,2026-02-15T13:53:11.000Z,Stake 11,0x787b8840100d9baadd7463f4a73b5ba73b00c6ca,0.057165,ETH,160.06
2026-02-15,13:53:35,2026-02-15T13:53:35.000Z,Rollbit,0xcbd6832ebc203e49e2b771897067fce3c58575ac,0.047000,ETH,131.60
2026-02-15,13:53:35,2026-02-15T13:53:35.000Z,Rainbet,0x307576dd4f73f91bb8c4a2edb762938e8e067d31,0.023600,ETH,66.08
2026-02-15,13:54:11,2026-02-15T13:54:11.000Z,Rainbet,0x307576dd4f73f91bb8c4a2edb762938e8e067d31,0.126858,ETH,355.20
2026-02-15,13:54:11,2026-02-15T13:54:11.000Z,Rainbet,0x307576dd4f73f91bb8c4a2edb762938e8e067d31,0.009995,ETH,27.99
2026-02-15,13:54:35,2026-02-15T13:54:35.000Z,Rainbet,0x307576dd4f73f91bb8c4a2edb762938e8e067d31,0.036266,ETH,101.55
2026-02-15,13:54:35,2026-02-15T13:54:35.000Z,Rainbet,0x307576dd4f73f91bb8c4a2edb762938e8e067d31,0.013072,ETH,36.60
2026-02-15,13:54:35,2026-02-15T13:54:35.000Z,Rainbet,0x307576dd4f73f91bb8c4a2edb762938e8e067d31,0.039999,ETH,112.00
2026-02-15,13:55:11,2026-02-15T13:55:11.000Z,Rainbet,0x307576dd4f73f91bb8c4a2edb762938e8e067d31,0.009996,ETH,27.99
2026-02-15,13:55:11,2026-02-15T13:55:11.000Z,Rainbet,0x307576dd4f73f91bb8c4a2edb762938e8e067d31,0.049999,ETH,140.00
2026-02-15,13:55:11,2026-02-15T13:55:11.000Z,Rainbet,0x307576dd4f73f91bb8c4a2edb762938e8e067d31,0.072429,ETH,202.80
2026-02-15,13:55:23,2026-02-15T13:55:23.000Z,Rollbit,0xcbd6832ebc203e49e2b771897067fce3c58575ac,0.006600,ETH,18.48
2026-02-15,13:55:23,2026-02-15T13:55:23.000Z,Rainbet,0x307576dd4f73f91bb8c4a2edb762938e8e067d31,0.012737,ETH,35.66
2026-02-15,13:56:47,2026-02-15T13:56:47.000Z,Rollbit,0xcbd6832ebc203e49e2b771897067fce3c58575ac,0.000276,ETH,0.77
2026-02-15,13:56:47,2026-02-15T13:56:47.000Z,Rainbet,0x307576dd4f73f91bb8c4a2edb762938e8e067d31,0.043728,ETH,122.44
2026-02-15,13:56:47,2026-02-15T13:56:47.000Z,Rainbet,0x307576dd4f73f91bb8c4a2edb762938e8e067d31,0.035770,ETH,100.16
2026-02-15,13:57:23,2026-02-15T13:57:23.000Z,Rollbit,0xcbd6832ebc203e49e2b771897067fce3c58575ac,0.000319,ETH,0.89
2026-02-15,13:57:23,2026-02-15T13:57:23.000Z,Rollbit,0xcbd6832ebc203e49e2b771897067fce3c58575ac,0.000275,ETH,0.77
2026-02-15,13:57:23,2026-02-15T13:57:23.000Z,Rainbet,0x307576dd4f73f91bb8c4a2edb762938e8e067d31,0.010281,ETH,28.79
2026-02-15,13:57:23,2026-02-15T13:57:23.000Z,Rainbet,0x307576dd4f73f91bb8c4a2edb762938e8e067d31,0.009999,ETH,28.00
2026-02-15,13:57:23,2026-02-15T13:57:23.000Z,Rainbet,0x307576dd4f73f91bb8c4a2edb762938e8e067d31,0.087681,ETH,245.51
2026-02-15,13:57:35,2026-02-15T13:57:35.000Z,Rainbet,0x307576dd4f73f91bb8c4a2edb762938e8e067d31,0.009994,ETH,27.98
2026-02-15,13:57:47,2026-02-15T13:57:47.000Z,Rainbet,0x307576dd4f73f91bb8c4a2edb762938e8e067d31,0.009994,ETH,27.98
2026-02-15,13:57:47,2026-02-15T13:57:47.000Z,Rainbet,0x307576dd4f73f91bb8c4a2edb762938e8e067d31,0.237109,ETH,663.91
2026-02-15,13:57:47,2026-02-15T13:57:47.000Z,Rainbet,0x307576dd4f73f91bb8c4a2edb762938e8e067d31,0.009994,ETH,27.98
2026-02-15,13:57:59,2026-02-15T13:57:59.000Z,Rollbit,0xcbd6832ebc203e49e2b771897067fce3c58575ac,0.004498,ETH,12.60
2026-02-15,13:58:11,2026-02-15T13:58:11.000Z,Rainbet,0x307576dd4f73f91bb8c4a2edb762938e8e067d31,0.032030,ETH,89.68
2026-02-15,13:58:11,2026-02-15T13:58:11.000Z,Rainbet,0x307576dd4f73f91bb8c4a2edb762938e8e067d31,0.009709,ETH,27.19
2026-02-15,13:59:11,2026-02-15T13:59:11.000Z,Rollbit,0xcbd6832ebc203e49e2b771897067fce3c58575ac,0.656190,ETH,1837.33
2026-02-15,13:59:47,2026-02-15T13:59:47.000Z,Rainbet,0x307576dd4f73f91bb8c4a2edb762938e8e067d31,0.009995,ETH,27.99
2026-02-15,13:59:47,2026-02-15T13:59:47.000Z,Rainbet,0x307576dd4f73f91bb8c4a2edb762938e8e067d31,0.009996,ETH,27.99
2026-02-15,13:59:47,2026-02-15T13:59:47.000Z,Rainbet,0x307576dd4f73f91bb8c4a2edb762938e8e067d31,0.009996,ETH,27.99
2026-02-15,13:59:59,2026-02-15T13:59:59.000Z,Stake 11,0x787b8840100d9baadd7463f4a73b5ba73b00c6ca,0.097438,ETH,272.83
2026-02-15,14:01:11,2026-02-15T14:01:11.000Z,Rollbit,0xcbd6832ebc203e49e2b771897067fce3c58575ac,0.004502,ETH,12.61
2026-02-15,14:01:11,2026-02-15T14:01:11.000Z,Rollbit,0xcbd6832ebc203e49e2b771897067fce3c58575ac,0.047730,ETH,133.64
2026-02-15,14:01:11,2026-02-15T14:01:11.000Z,Rainbet,0x307576dd4f73f91bb8c4a2edb762938e8e067d31,0.019636,ETH,54.98
2026-02-15,14:01:59,2026-02-15T14:01:59.000Z,Rainbet,0x307576dd4f73f91bb8c4a2edb762938e8e067d31,0.009995,ETH,27.99
2026-02-15,14:01:59,2026-02-15T14:01:59.000Z,Rainbet,0x307576dd4f73f91bb8c4a2edb762938e8e067d31,0.291001,ETH,814.80
2026-02-15,14:01:59,2026-02-15T14:01:59.000Z,Rainbet,0x307576dd4f73f91bb8c4a2edb762938e8e067d31,0.009994,ETH,27.98
2026-02-15,14:01:59,2026-02-15T14:01:59.000Z,Rainbet,0x307576dd4f73f91bb8c4a2edb762938e8e067d31,0.009995,ETH,27.99
2026-02-15,14:01:59,2026-02-15T14:01:59.000Z,Rainbet,0x307576dd4f73f91bb8c4a2edb762938e8e067d31,0.009996,ETH,27.99
2026-02-15,14:01:59,2026-02-15T14:01:59.000Z,Rainbet,0x307576dd4f73f91bb8c4a2edb762938e8e067d31,0.047449,ETH,132.86
2026-02-15,14:01:59,2026-02-15T14:01:59.000Z,Rainbet,0x307576dd4f73f91bb8c4a2edb762938e8e067d31,0.009996,ETH,27.99
2026-02-15,14:01:59,2026-02-15T14:01:59.000Z,Rainbet,0x307576dd4f73f91bb8c4a2edb762938e8e067d31,0.009999,ETH,28.00
2026-02-15,14:02:11,2026-02-15T14:02:11.000Z,Rainbet,0x307576dd4f73f91bb8c4a2edb762938e8e067d31,0.316127,ETH,885.15
2026-02-15,14:02:11,2026-02-15T14:02:11.000Z,Rainbet,0x307576dd4f73f91bb8c4a2edb762938e8e067d31,0.238329,ETH,667.32
2026-02-15,14:02:23,2026-02-15T14:02:23.000Z,Rollbit,0xcbd6832ebc203e49e2b771897067fce3c58575ac,0.000275,ETH,0.77
2026-02-15,14:02:47,2026-02-15T14:02:47.000Z,Rollbit,0xcbd6832ebc203e49e2b771897067fce3c58575ac,0.000277,ETH,0.77
2026-02-15,14:02:47,2026-02-15T14:02:47.000Z,Rainbet,0x307576dd4f73f91bb8c4a2edb762938e8e067d31,0.073668,ETH,206.27
2026-02-15,14:03:11,2026-02-15T14:03:11.000Z,Rainbet,0x307576dd4f73f91bb8c4a2edb762938e8e067d31,0.121919,ETH,341.37
2026-02-15,14:04:11,2026-02-15T14:04:11.000Z,Stake 11,0x787b8840100d9baadd7463f4a73b5ba73b00c6ca,0.010041,ETH,28.12
2026-02-15,14:04:11,2026-02-15T14:04:11.000Z,Stake 11,0x787b8840100d9baadd7463f4a73b5ba73b00c6ca,0.799128,ETH,2237.56
2026-02-15,14:04:11,2026-02-15T14:04:11.000Z,Stake 11,0x787b8840100d9baadd7463f4a73b5ba73b00c6ca,0.012802,ETH,35.85
2026-02-15,14:04:11,2026-02-15T14:04:11.000Z,Stake 11,0x787b8840100d9baadd7463f4a73b5ba73b00c6ca,0.000123,ETH,0.34
2026-02-15,14:04:11,2026-02-15T14:04:11.000Z,Stake 11,0x787b8840100d9baadd7463f4a73b5ba73b00c6ca,0.048189,ETH,134.93
2026-02-15,14:04:35,2026-02-15T14:04:35.000Z,Rollbit,0xcbd6832ebc203e49e2b771897067fce3c58575ac,0.010140,ETH,28.39
2026-02-15,14:04:35,2026-02-15T14:04:35.000Z,Rainbet,0x307576dd4f73f91bb8c4a2edb762938e8e067d31,0.009999,ETH,28.00
2026-02-15,14:04:47,2026-02-15T14:04:47.000Z,Rollbit,0xcbd6832ebc203e49e2b771897067fce3c58575ac,0.001999,ETH,5.60
2026-02-15,14:05:47,2026-02-15T14:05:47.000Z,Rollbit,0xcbd6832ebc203e49e2b771897067fce3c58575ac,0.000092,ETH,0.26
2026-02-15,14:05:47,2026-02-15T14:05:47.000Z,Rainbet,0x307576dd4f73f91bb8c4a2edb762938e8e067d31,0.023643,ETH,66.20
2026-02-15,14:05:47,2026-02-15T14:05:47.000Z,Rainbet,0x307576dd4f73f91bb8c4a2edb762938e8e067d31,0.028093,ETH,78.66
2026-02-15,14:06:11,2026-02-15T14:06:11.000Z,Rollbit,0xcbd6832ebc203e49e2b771897067fce3c58575ac,0.099999,ETH,280.00
2026-02-15,14:06:11,2026-02-15T14:06:11.000Z,Rainbet,0x307576dd4f73f91bb8c4a2edb762938e8e067d31,0.012192,ETH,34.14
2026-02-15,14:06:11,2026-02-15T14:06:11.000Z,Rainbet,0x307576dd4f73f91bb8c4a2edb762938e8e067d31,0.016983,ETH,47.55
2026-02-15,14:06:11,2026-02-15T14:06:11.000Z,Rainbet,0x307576dd4f73f91bb8c4a2edb762938e8e067d31,0.028340,ETH,79.35
2026-02-15,14:06:35,2026-02-15T14:06:35.000Z,Rainbet,0x307576dd4f73f91bb8c4a2edb762938e8e067d31,0.500233,ETH,1400.65
2026-02-15,14:06:35,2026-02-15T14:06:35.000Z,Rainbet,0x307576dd4f73f91bb8c4a2edb762938e8e067d31,0.075137,ETH,210.38
2026-02-15,14:07:11,2026-02-15T14:07:11.000Z,Rainbet,0x307576dd4f73f91bb8c4a2edb762938e8e067d31,0.017804,ETH,49.85
2026-02-15,14:07:23,2026-02-15T14:07:23.000Z,Rollbit,0xcbd6832ebc203e49e2b771897067fce3c58575ac,0.032432,ETH,90.81
2026-02-15,14:07:35,2026-02-15T14:07:35.000Z,Rainbet,0x307576dd4f73f91bb8c4a2edb762938e8e067d31,0.009995,ETH,27.99
2026-02-15,14:08:35,2026-02-15T14:08:35.000Z,Rainbet,0x307576dd4f73f91bb8c4a2edb762938e8e067d31,0.009999,ETH,28.00
2026-02-15,14:08:35,2026-02-15T14:08:35.000Z,Rainbet,0x307576dd4f73f91bb8c4a2edb762938e8e067d31,0.009999,ETH,28.00
2026-02-15,14:08:35,2026-02-15T14:08:35.000Z,Rainbet,0x307576dd4f73f91bb8c4a2edb762938e8e067d31,0.009999,ETH,28.00
2026-02-15,14:09:11,2026-02-15T14:09:11.000Z,Rollbit,0xcbd6832ebc203e49e2b771897067fce3c58575ac,0.000276,ETH,0.77
2026-02-15,14:09:59,2026-02-15T14:09:59.000Z,Rollbit,0xcbd6832ebc203e49e2b771897067fce3c58575ac,0.112594,ETH,315.26
2026-02-15,14:09:59,2026-02-15T14:09:59.000Z,Rollbit,0xcbd6832ebc203e49e2b771897067fce3c58575ac,0.000277,ETH,0.77
2026-02-15,14:09:59,2026-02-15T14:09:59.000Z,Rainbet,0x307576dd4f73f91bb8c4a2edb762938e8e067d31,0.158878,ETH,444.86
2026-02-15,14:09:59,2026-02-15T14:09:59.000Z,Rainbet,0x307576dd4f73f91bb8c4a2edb762938e8e067d31,0.023565,ETH,65.98
2026-02-15,14:10:11,2026-02-15T14:10:11.000Z,Rainbet,0x307576dd4f73f91bb8c4a2edb762938e8e067d31,0.009994,ETH,27.98
2026-02-15,14:10:11,2026-02-15T14:10:11.000Z,Bitcasino,0x5bcbdfb6cc624b959c39a2d16110d1f2d9204f72,0.000000,ETH,0.00
2026-02-15,14:12:11,2026-02-15T14:12:11.000Z,Stake 11,0x787b8840100d9baadd7463f4a73b5ba73b00c6ca,0.011746,ETH,32.89
2026-02-15,14:12:11,2026-02-15T14:12:11.000Z,Stake 11,0x787b8840100d9baadd7463f4a73b5ba73b00c6ca,0.000069,ETH,0.19
2026-02-15,14:12:11,2026-02-15T14:12:11.000Z,Stake 11,0x787b8840100d9baadd7463f4a73b5ba73b00c6ca,0.179323,ETH,502.10
2026-02-15,14:12:11,2026-02-15T14:12:11.000Z,Rollbit,0xcbd6832ebc203e49e2b771897067fce3c58575ac,0.014999,ETH,42.00
2026-02-15,14:12:11,2026-02-15T14:12:11.000Z,Rainbet,0x307576dd4f73f91bb8c4a2edb762938e8e067d31,0.009994,ETH,27.98
2026-02-15,14:12:11,2026-02-15T14:12:11.000Z,Rainbet,0x307576dd4f73f91bb8c4a2edb762938e8e067d31,0.009999,ETH,28.00
2026-02-15,14:12:11,2026-02-15T14:12:11.000Z,Rainbet,0x307576dd4f73f91bb8c4a2edb762938e8e067d31,0.009183,ETH,25.71
2026-02-15,14:12:47,2026-02-15T14:12:47.000Z,Rollbit,0xcbd6832ebc203e49e2b771897067fce3c58575ac,0.025668,ETH,71.87
2026-02-15,14:12:47,2026-02-15T14:12:47.000Z,Rollbit,0xcbd6832ebc203e49e2b771897067fce3c58575ac,0.000206,ETH,0.58
2026-02-15,14:13:23,2026-02-15T14:13:23.000Z,Rollbit,0xcbd6832ebc203e49e2b771897067fce3c58575ac,0.141288,ETH,395.61
2026-02-15,14:13:47,2026-02-15T14:13:47.000Z,Rollbit,0xcbd6832ebc203e49e2b771897067fce3c58575ac,0.005990,ETH,16.77
2026-02-15,14:14:11,2026-02-15T14:14:11.000Z,Rainbet,0x307576dd4f73f91bb8c4a2edb762938e8e067d31,0.056272,ETH,157.56
2026-02-15,14:14:11,2026-02-15T14:14:11.000Z,Rainbet,0x307576dd4f73f91bb8c4a2edb762938e8e067d31,0.008177,ETH,22.90
2026-02-15,14:14:11,2026-02-15T14:14:11.000Z,Rainbet,0x307576dd4f73f91bb8c4a2edb762938e8e067d31,0.073218,ETH,205.01
2026-02-15,14:14:23,2026-02-15T14:14:23.000Z,Rollbit,0xcbd6832ebc203e49e2b771897067fce3c58575ac,0.013349,ETH,37.38
2026-02-15,14:14:23,2026-02-15T14:14:23.000Z,Rainbet,0x307576dd4f73f91bb8c4a2edb762938e8e067d31,0.010967,ETH,30.71
2026-02-15,14:14:35,2026-02-15T14:14:35.000Z,Rainbet,0x307576dd4f73f91bb8c4a2edb762938e8e067d31,0.124651,ETH,349.02
2026-02-15,14:14:35,2026-02-15T14:14:35.000Z,Rainbet,0x307576dd4f73f91bb8c4a2edb762938e8e067d31,0.009996,ETH,27.99
2026-02-15,14:14:35,2026-02-15T14:14:35.000Z,Rainbet,0x307576dd4f73f91bb8c4a2edb762938e8e067d31,0.009999,ETH,28.00
2026-02-15,14:14:35,2026-02-15T14:14:35.000Z,Rainbet,0x307576dd4f73f91bb8c4a2edb762938e8e067d31,0.009995,ETH,27.99
2026-02-15,14:16:11,2026-02-15T14:16:11.000Z,Rainbet,0x307576dd4f73f91bb8c4a2edb762938e8e067d31,0.009996,ETH,27.99
2026-02-15,14:16:35,2026-02-15T14:16:35.000Z,Rainbet,0x307576dd4f73f91bb8c4a2edb762938e8e067d31,0.013861,ETH,38.81
2026-02-15,14:16:47,2026-02-15T14:16:47.000Z,Rainbet,0x307576dd4f73f91bb8c4a2edb762938e8e067d31,0.012286,ETH,34.40
2026-02-15,14:16:59,2026-02-15T14:16:59.000Z,Rainbet,0x307576dd4f73f91bb8c4a2edb762938e8e067d31,0.030906,ETH,86.54
2026-02-15,14:17:11,2026-02-15T14:17:11.000Z,Rainbet,0x307576dd4f73f91bb8c4a2edb762938e8e067d31,0.018402,ETH,51.53
2026-02-15,14:17:23,2026-02-15T14:17:23.000Z,Rainbet,0x307576dd4f73f91bb8c4a2edb762938e8e067d31,0.009999,ETH,28.00
2026-02-15,14:17:23,2026-02-15T14:17:23.000Z,Rainbet,0x307576dd4f73f91bb8c4a2edb762938e8e067d31,0.009999,ETH,28.00
2026-02-15,14:17:23,2026-02-15T14:17:23.000Z,Rainbet,0x307576dd4f73f91bb8c4a2edb762938e8e067d31,0.199234,ETH,557.85
2026-02-15,14:17:47,2026-02-15T14:17:47.000Z,Stake 11,0x787b8840100d9baadd7463f4a73b5ba73b00c6ca,0.050085,ETH,140.24
2026-02-15,14:17:47,2026-02-15T14:17:47.000Z,Stake 11,0x787b8840100d9baadd7463f4a73b5ba73b00c6ca,0.050498,ETH,141.40
2026-02-15,14:17:47,2026-02-15T14:17:47.000Z,Stake 11,0x787b8840100d9baadd7463f4a73b5ba73b00c6ca,0.004547,ETH,12.73
2026-02-15,14:17:47,2026-02-15T14:17:47.000Z,Stake 11,0x787b8840100d9baadd7463f4a73b5ba73b00c6ca,0.011809,ETH,33.07
2026-02-15,14:17:47,2026-02-15T14:17:47.000Z,Stake 11,0x787b8840100d9baadd7463f4a73b5ba73b00c6ca,0.000069,ETH,0.19
2026-02-15,14:17:47,2026-02-15T14:17:47.000Z,Stake 11,0x787b8840100d9baadd7463f4a73b5ba73b00c6ca,0.013661,ETH,38.25
2026-02-15,14:17:47,2026-02-15T14:17:47.000Z,Stake 11,0x787b8840100d9baadd7463f4a73b5ba73b00c6ca,0.048894,ETH,136.90
2026-02-15,14:17:47,2026-02-15T14:17:47.000Z,Stake 11,0x787b8840100d9baadd7463f4a73b5ba73b00c6ca,0.037132,ETH,103.97
2026-02-15,14:17:47,2026-02-15T14:17:47.000Z,Stake 11,0x787b8840100d9baadd7463f4a73b5ba73b00c6ca,0.051358,ETH,143.80
2026-02-15,14:17:47,2026-02-15T14:17:47.000Z,Stake 11,0x787b8840100d9baadd7463f4a73b5ba73b00c6ca,1.473686,ETH,4126.32
2026-02-15,14:17:47,2026-02-15T14:17:47.000Z,Rainbet,0x307576dd4f73f91bb8c4a2edb762938e8e067d31,0.009995,ETH,27.99
2026-02-15,14:17:59,2026-02-15T14:17:59.000Z,Rainbet,0x307576dd4f73f91bb8c4a2edb762938e8e067d31,0.022149,ETH,62.02
2026-02-15,14:18:47,2026-02-15T14:18:47.000Z,Rainbet,0x307576dd4f73f91bb8c4a2edb762938e8e067d31,0.009993,ETH,27.98
2026-02-15,14:19:23,2026-02-15T14:19:23.000Z,Rainbet,0x307576dd4f73f91bb8c4a2edb762938e8e067d31,0.009999,ETH,28.00
2026-02-15,14:19:35,2026-02-15T14:19:35.000Z,Rainbet,0x307576dd4f73f91bb8c4a2edb762938e8e067d31,0.007983,ETH,22.35
2026-02-15,14:19:35,2026-02-15T14:19:35.000Z,Rainbet,0x307576dd4f73f91bb8c4a2edb762938e8e067d31,0.009999,ETH,28.00
2026-02-15,14:19:59,2026-02-15T14:19:59.000Z,Rollbit,0xcbd6832ebc203e49e2b771897067fce3c58575ac,0.002555,ETH,7.15
2026-02-15,14:20:11,2026-02-15T14:20:11.000Z,Rainbet,0x307576dd4f73f91bb8c4a2edb762938e8e067d31,0.009995,ETH,27.99
2026-02-15,14:20:35,2026-02-15T14:20:35.000Z,Rollbit,0xcbd6832ebc203e49e2b771897067fce3c58575ac,0.147094,ETH,411.86
2026-02-15,14:20:47,2026-02-15T14:20:47.000Z,Rainbet,0x307576dd4f73f91bb8c4a2edb762938e8e067d31,0.009995,ETH,27.99
2026-02-15,14:21:35,2026-02-15T14:21:35.000Z,Rollbit,0xcbd6832ebc203e49e2b771897067fce3c58575ac,0.174279,ETH,487.98
2026-02-15,14:21:35,2026-02-15T14:21:35.000Z,Rainbet,0x307576dd4f73f91bb8c4a2edb762938e8e067d31,0.010988,ETH,30.77
2026-02-15,14:21:35,2026-02-15T14:21:35.000Z,Rainbet,0x307576dd4f73f91bb8c4a2edb762938e8e067d31,0.009995,ETH,27.99
2026-02-15,14:21:35,2026-02-15T14:21:35.000Z,Rainbet,0x307576dd4f73f91bb8c4a2edb762938e8e067d31,0.009234,ETH,25.86
2026-02-15,14:21:35,2026-02-15T14:21:35.000Z,Rainbet,0x307576dd4f73f91bb8c4a2edb762938e8e067d31,0.009580,ETH,26.82
2026-02-15,14:21:35,2026-02-15T14:21:35.000Z,Rainbet,0x307576dd4f73f91bb8c4a2edb762938e8e067d31,0.177220,ETH,496.21
2026-02-15,14:22:11,2026-02-15T14:22:11.000Z,Rainbet,0x307576dd4f73f91bb8c4a2edb762938e8e067d31,0.022140,ETH,61.99
2026-02-15,14:22:35,2026-02-15T14:22:35.000Z,Rainbet,0x307576dd4f73f91bb8c4a2edb762938e8e067d31,0.011712,ETH,32.79
2026-02-15,14:22:35,2026-02-15T14:22:35.000Z,Rainbet,0x307576dd4f73f91bb8c4a2edb762938e8e067d31,0.023708,ETH,66.38
2026-02-15,14:22:47,2026-02-15T14:22:47.000Z,Rainbet,0x307576dd4f73f91bb8c4a2edb762938e8e067d31,0.009995,ETH,27.99
2026-02-15,14:22:47,2026-02-15T14:22:47.000Z,Rainbet,0x307576dd4f73f91bb8c4a2edb762938e8e067d31,0.031972,ETH,89.52
2026-02-15,14:22:47,2026-02-15T14:22:47.000Z,Rainbet,0x307576dd4f73f91bb8c4a2edb762938e8e067d31,0.009998,ETH,27.99
2026-02-15,14:23:23,2026-02-15T14:23:23.000Z,Rainbet,0x307576dd4f73f91bb8c4a2edb762938e8e067d31,0.016439,ETH,46.03
2026-02-15,14:23:35,2026-02-15T14:23:35.000Z,Rainbet,0x307576dd4f73f91bb8c4a2edb762938e8e067d31,0.044868,ETH,125.63
2026-02-15,14:23:35,2026-02-15T14:23:35.000Z,Rainbet,0x307576dd4f73f91bb8c4a2edb762938e8e067d31,0.043931,ETH,123.01
2026-02-15,14:23:59,2026-02-15T14:23:59.000Z,Rainbet,0x307576dd4f73f91bb8c4a2edb762938e8e067d31,3.020729,ETH,8458.04
2026-02-15,14:23:59,2026-02-15T14:23:59.000Z,Rainbet,0x307576dd4f73f91bb8c4a2edb762938e8e067d31,0.009996,ETH,27.99
2026-02-15,14:24:23,2026-02-15T14:24:23.000Z,Roobet,0xc94ebb328ac25b95db0e0aa968371885fa516215,35.410970,ETH,99150.72
2026-02-15,14:24:23,2026-02-15T14:24:23.000Z,Rainbet,0x307576dd4f73f91bb8c4a2edb762938e8e067d31,0.321562,ETH,900.37
2026-02-15,14:24:35,2026-02-15T14:24:35.000Z,Bitcasino,0x5bcbdfb6cc624b959c39a2d16110d1f2d9204f72,0.037667,ETH,105.47
2026-02-15,14:25:47,2026-02-15T14:25:47.000Z,Rollbit,0xcbd6832ebc203e49e2b771897067fce3c58575ac,0.000217,ETH,0.61
2026-02-15,14:25:47,2026-02-15T14:25:47.000Z,Bitcasino,0x5bcbdfb6cc624b959c39a2d16110d1f2d9204f72,0.047382,ETH,132.67
2026-02-15,14:25:59,2026-02-15T14:25:59.000Z,Rainbet,0x307576dd4f73f91bb8c4a2edb762938e8e067d31,0.030807,ETH,86.26
2026-02-15,14:25:59,2026-02-15T14:25:59.000Z,Rainbet,0x307576dd4f73f91bb8c4a2edb762938e8e067d31,0.019929,ETH,55.80
2026-02-15,14:26:11,2026-02-15T14:26:11.000Z,Bitcasino,0x5bcbdfb6cc624b959c39a2d16110d1f2d9204f72,0.020015,ETH,56.04
2026-02-15,14:26:35,2026-02-15T14:26:35.000Z,Rollbit,0xcbd6832ebc203e49e2b771897067fce3c58575ac,0.014999,ETH,42.00
2026-02-15,14:26:35,2026-02-15T14:26:35.000Z,Rainbet,0x307576dd4f73f91bb8c4a2edb762938e8e067d31,0.067835,ETH,189.94
2026-02-15,14:26:35,2026-02-15T14:26:35.000Z,Rainbet,0x307576dd4f73f91bb8c4a2edb762938e8e067d31,0.009996,ETH,27.99
2026-02-15,14:26:35,2026-02-15T14:26:35.000Z,Bitcasino,0x5bcbdfb6cc624b959c39a2d16110d1f2d9204f72,0.072444,ETH,202.84
2026-02-15,14:26:47,2026-02-15T14:26:47.000Z,Rainbet,0x307576dd4f73f91bb8c4a2edb762938e8e067d31,0.009996,ETH,27.99
2026-02-15,14:27:11,2026-02-15T14:27:11.000Z,Rainbet,0x307576dd4f73f91bb8c4a2edb762938e8e067d31,0.009996,ETH,27.99
2026-02-15,14:27:11,2026-02-15T14:27:11.000Z,Rainbet,0x307576dd4f73f91bb8c4a2edb762938e8e067d31,0.009996,ETH,27.99
2026-02-15,14:27:11,2026-02-15T14:27:11.000Z,Rainbet,0x307576dd4f73f91bb8c4a2edb762938e8e067d31,0.009996,ETH,27.99
2026-02-15,14:27:11,2026-02-15T14:27:11.000Z,Rainbet,0x307576dd4f73f91bb8c4a2edb762938e8e067d31,0.009996,ETH,27.99
2026-02-15,14:27:47,2026-02-15T14:27:47.000Z,Rainbet,0x307576dd4f73f91bb8c4a2edb762938e8e067d31,0.009996,ETH,27.99
2026-02-15,14:27:47,2026-02-15T14:27:47.000Z,Rainbet,0x307576dd4f73f91bb8c4a2edb762938e8e067d31,0.009997,ETH,27.99
2026-02-15,14:27:59,2026-02-15T14:27:59.000Z,Rainbet,0x307576dd4f73f91bb8c4a2edb762938e8e067d31,0.009996,ETH,27.99
2026-02-15,14:28:11,2026-02-15T14:28:11.000Z,Rainbet,0x307576dd4f73f91bb8c4a2edb762938e8e067d31,0.009721,ETH,27.22
2026-02-15,14:28:47,2026-02-15T14:28:47.000Z,Rollbit,0xcbd6832ebc203e49e2b771897067fce3c58575ac,0.133238,ETH,373.07
2026-02-15,14:28:47,2026-02-15T14:28:47.000Z,Rainbet,0x307576dd4f73f91bb8c4a2edb762938e8e067d31,0.082265,ETH,230.34
2026-02-15,14:28:47,2026-02-15T14:28:47.000Z,Rainbet,0x307576dd4f73f91bb8c4a2edb762938e8e067d31,0.018069,ETH,50.59
2026-02-15,14:29:23,2026-02-15T14:29:23.000Z,Rainbet,0x307576dd4f73f91bb8c4a2edb762938e8e067d31,0.014999,ETH,42.00
2026-02-15,14:29:35,2026-02-15T14:29:35.000Z,Rainbet,0x307576dd4f73f91bb8c4a2edb762938e8e067d31,0.009996,ETH,27.99
2026-02-15,14:29:35,2026-02-15T14:29:35.000Z,Rainbet,0x307576dd4f73f91bb8c4a2edb762938e8e067d31,0.061000,ETH,170.80
2026-02-15,14:29:47,2026-02-15T14:29:47.000Z,Rainbet,0x307576dd4f73f91bb8c4a2edb762938e8e067d31,0.175969,ETH,492.71
2026-02-15,14:30:23,2026-02-15T14:30:23.000Z,Rainbet,0x307576dd4f73f91bb8c4a2edb762938e8e067d31,0.034069,ETH,95.39
2026-02-15,14:30:35,2026-02-15T14:30:35.000Z,Rainbet,0x307576dd4f73f91bb8c4a2edb762938e8e067d31,0.180389,ETH,505.09
2026-02-15,14:31:11,2026-02-15T14:31:11.000Z,Rainbet,0x307576dd4f73f91bb8c4a2edb762938e8e067d31,0.009998,ETH,27.99
2026-02-15,14:32:35,2026-02-15T14:32:35.000Z,Rainbet,0x307576dd4f73f91bb8c4a2edb762938e8e067d31,0.012412,ETH,34.75
2026-02-15,14:32:35,2026-02-15T14:32:35.000Z,Rainbet,0x307576dd4f73f91bb8c4a2edb762938e8e067d31,0.026295,ETH,73.62
2026-02-15,14:32:35,2026-02-15T14:32:35.000Z,Rainbet,0x307576dd4f73f91bb8c4a2edb762938e8e067d31,0.373281,ETH,1045.19
2026-02-15,14:32:35,2026-02-15T14:32:35.000Z,Rainbet,0x307576dd4f73f91bb8c4a2edb762938e8e067d31,0.009971,ETH,27.92
2026-02-15,14:33:35,2026-02-15T14:33:35.000Z,Rollbit,0xcbd6832ebc203e49e2b771897067fce3c58575ac,0.279999,ETH,784.00
2026-02-15,14:33:35,2026-02-15T14:33:35.000Z,Rainbet,0x307576dd4f73f91bb8c4a2edb762938e8e067d31,0.094901,ETH,265.72
2026-02-15,14:33:47,2026-02-15T14:33:47.000Z,Rainbet,0x307576dd4f73f91bb8c4a2edb762938e8e067d31,0.049769,ETH,139.35
2026-02-15,14:33:47,2026-02-15T14:33:47.000Z,Rainbet,0x307576dd4f73f91bb8c4a2edb762938e8e067d31,0.009996,ETH,27.99
2026-02-15,14:34:23,2026-02-15T14:34:23.000Z,Roobet,0xc94ebb328ac25b95db0e0aa968371885fa516215,153.531506,ETH,429888.22
2026-02-15,14:34:59,2026-02-15T14:34:59.000Z,Rainbet,0x307576dd4f73f91bb8c4a2edb762938e8e067d31,0.047309,ETH,132.47
2026-02-15,14:34:59,2026-02-15T14:34:59.000Z,Rainbet,0x307576dd4f73f91bb8c4a2edb762938e8e067d31,0.036119,ETH,101.13
2026-02-15,14:34:59,2026-02-15T14:34:59.000Z,Rainbet,0x307576dd4f73f91bb8c4a2edb762938e8e067d31,0.009209,ETH,25.79
2026-02-15,14:35:35,2026-02-15T14:35:35.000Z,Rollbit,0xcbd6832ebc203e49e2b771897067fce3c58575ac,0.659790,ETH,1847.41
2026-02-15,14:35:35,2026-02-15T14:35:35.000Z,Rainbet,0x307576dd4f73f91bb8c4a2edb762938e8e067d31,0.009070,ETH,25.39
2026-02-15,14:36:11,2026-02-15T14:36:11.000Z,Rollbit,0xcbd6832ebc203e49e2b771897067fce3c58575ac,0.056280,ETH,157.58
2026-02-15,14:36:11,2026-02-15T14:36:11.000Z,Rainbet,0x307576dd4f73f91bb8c4a2edb762938e8e067d31,0.009999,ETH,28.00
2026-02-15,14:36:11,2026-02-15T14:36:11.000Z,Rainbet,0x307576dd4f73f91bb8c4a2edb762938e8e067d31,0.009995,ETH,27.99
2026-02-15,14:36:11,2026-02-15T14:36:11.000Z,Rainbet,0x307576dd4f73f91bb8c4a2edb762938e8e067d31,0.014410,ETH,40.35
2026-02-15,14:37:35,2026-02-15T14:37:35.000Z,Rainbet,0x307576dd4f73f91bb8c4a2edb762938e8e067d31,0.009998,ETH,27.99
2026-02-15,14:37:35,2026-02-15T14:37:35.000Z,Rainbet,0x307576dd4f73f91bb8c4a2edb762938e8e067d31,0.009998,ETH,27.99
2026-02-15,14:37:35,2026-02-15T14:37:35.000Z,Rainbet,0x307576dd4f73f91bb8c4a2edb762938e8e067d31,0.009996,ETH,27.99
2026-02-15,14:37:35,2026-02-15T14:37:35.000Z,Rainbet,0x307576dd4f73f91bb8c4a2edb762938e8e067d31,0.009996,ETH,27.99
2026-02-15,14:37:35,2026-02-15T14:37:35.000Z,Rainbet,0x307576dd4f73f91bb8c4a2edb762938e8e067d31,0.009996,ETH,27.99
2026-02-15,14:37:35,2026-02-15T14:37:35.000Z,Rainbet,0x307576dd4f73f91bb8c4a2edb762938e8e067d31,0.009996,ETH,27.99
2026-02-15,14:37:47,2026-02-15T14:37:47.000Z,Rainbet,0x307576dd4f73f91bb8c4a2edb762938e8e067d31,0.017539,ETH,49.11
2026-02-15,14:38:35,2026-02-15T14:38:35.000Z,Rollbit,0xcbd6832ebc203e49e2b771897067fce3c58575ac,0.013697,ETH,38.35
2026-02-15,14:38:35,2026-02-15T14:38:35.000Z,Rainbet,0x307576dd4f73f91bb8c4a2edb762938e8e067d31,0.090459,ETH,253.28
2026-02-15,14:39:23,2026-02-15T14:39:23.000Z,Rainbet,0x307576dd4f73f91bb8c4a2edb762938e8e067d31,0.059344,ETH,166.16
2026-02-15,14:39:23,2026-02-15T14:39:23.000Z,Rainbet,0x307576dd4f73f91bb8c4a2edb762938e8e067d31,0.009996,ETH,27.99
2026-02-15,14:39:23,2026-02-15T14:39:23.000Z,Rainbet,0x307576dd4f73f91bb8c4a2edb762938e8e067d31,0.009996,ETH,27.99
2026-02-15,14:39:23,2026-02-15T14:39:23.000Z,Rainbet,0x307576dd4f73f91bb8c4a2edb762938e8e067d31,0.009999,ETH,28.00
2026-02-15,14:39:59,2026-02-15T14:39:59.000Z,Stake 11,0x787b8840100d9baadd7463f4a73b5ba73b00c6ca,2.094292,ETH,5864.02
2026-02-15,14:40:35,2026-02-15T14:40:35.000Z,Rollbit,0xcbd6832ebc203e49e2b771897067fce3c58575ac,0.037508,ETH,105.02
2026-02-15,14:40:35,2026-02-15T14:40:35.000Z,Rainbet,0x307576dd4f73f91bb8c4a2edb762938e8e067d31,0.120463,ETH,337.30
2026-02-15,14:40:35,2026-02-15T14:40:35.000Z,Rainbet,0x307576dd4f73f91bb8c4a2edb762938e8e067d31,0.008245,ETH,23.09
2026-02-15,14:41:11,2026-02-15T14:41:11.000Z,Rainbet,0x307576dd4f73f91bb8c4a2edb762938e8e067d31,0.009690,ETH,27.13
2026-02-15,14:41:23,2026-02-15T14:41:23.000Z,Rainbet,0x307576dd4f73f91bb8c4a2edb762938e8e067d31,0.009551,ETH,26.74
2026-02-15,14:42:11,2026-02-15T14:42:11.000Z,Rainbet,0x307576dd4f73f91bb8c4a2edb762938e8e067d31,0.009999,ETH,28.00
2026-02-15,14:42:11,2026-02-15T14:42:11.000Z,Rainbet,0x307576dd4f73f91bb8c4a2edb762938e8e067d31,0.045917,ETH,128.57
2026-02-15,14:42:59,2026-02-15T14:42:59.000Z,Rollbit,0xcbd6832ebc203e49e2b771897067fce3c58575ac,0.028048,ETH,78.53
2026-02-15,14:43:35,2026-02-15T14:43:35.000Z,Rollbit,0xcbd6832ebc203e49e2b771897067fce3c58575ac,0.203698,ETH,570.36
2026-02-15,14:43:35,2026-02-15T14:43:35.000Z,Rainbet,0x307576dd4f73f91bb8c4a2edb762938e8e067d31,0.026239,ETH,73.47
2026-02-15,14:43:35,2026-02-15T14:43:35.000Z,Rainbet,0x307576dd4f73f91bb8c4a2edb762938e8e067d31,0.009995,ETH,27.99
2026-02-15,14:43:35,2026-02-15T14:43:35.000Z,Rainbet,0x307576dd4f73f91bb8c4a2edb762938e8e067d31,0.013085,ETH,36.64
2026-02-15,14:43:35,2026-02-15T14:43:35.000Z,Rainbet,0x307576dd4f73f91bb8c4a2edb762938e8e067d31,0.009995,ETH,27.99
2026-02-15,14:43:35,2026-02-15T14:43:35.000Z,Rainbet,0x307576dd4f73f91bb8c4a2edb762938e8e067d31,0.013800,ETH,38.64
2026-02-15,14:43:35,2026-02-15T14:43:35.000Z,Rainbet,0x307576dd4f73f91bb8c4a2edb762938e8e067d31,0.009995,ETH,27.99
2026-02-15,14:43:35,2026-02-15T14:43:35.000Z,Rainbet,0x307576dd4f73f91bb8c4a2edb762938e8e067d31,0.009995,ETH,27.99
2026-02-15,14:43:47,2026-02-15T14:43:47.000Z,Rollbit,0xcbd6832ebc203e49e2b771897067fce3c58575ac,0.000175,ETH,0.49
2026-02-15,14:44:59,2026-02-15T14:44:59.000Z,Rollbit,0xcbd6832ebc203e49e2b771897067fce3c58575ac,0.000271,ETH,0.76
2026-02-15,14:44:59,2026-02-15T14:44:59.000Z,Rollbit,0xcbd6832ebc203e49e2b771897067fce3c58575ac,0.008494,ETH,23.78
2026-02-15,14:45:47,2026-02-15T14:45:47.000Z,Rainbet,0x307576dd4f73f91bb8c4a2edb762938e8e067d31,0.383174,ETH,1072.89
2026-02-15,14:45:59,2026-02-15T14:45:59.000Z,Rainbet,0x307576dd4f73f91bb8c4a2edb762938e8e067d31,0.009995,ETH,27.99
2026-02-15,14:46:23,2026-02-15T14:46:23.000Z,Rainbet,0x307576dd4f73f91bb8c4a2edb762938e8e067d31,0.012539,ETH,35.11
2026-02-15,14:46:23,2026-02-15T14:46:23.000Z,Rainbet,0x307576dd4f73f91bb8c4a2edb762938e8e067d31,0.023085,ETH,64.64
2026-02-15,14:47:11,2026-02-15T14:47:11.000Z,Rollbit,0xcbd6832ebc203e49e2b771897067fce3c58575ac,0.073581,ETH,206.03
2026-02-15,14:47:35,2026-02-15T14:47:35.000Z,Rainbet,0x307576dd4f73f91bb8c4a2edb762938e8e067d31,0.009098,ETH,25.47
2026-02-15,14:47:47,2026-02-15T14:47:47.000Z,Rainbet,0x307576dd4f73f91bb8c4a2edb762938e8e067d31,0.023584,ETH,66.03
2026-02-15,14:47:47,2026-02-15T14:47:47.000Z,Rainbet,0x307576dd4f73f91bb8c4a2edb762938e8e067d31,0.061759,ETH,172.93
2026-02-15,14:47:47,2026-02-15T14:47:47.000Z,Rainbet,0x307576dd4f73f91bb8c4a2edb762938e8e067d31,0.014499,ETH,40.60
2026-02-15,14:48:23,2026-02-15T14:48:23.000Z,Rollbit,0xcbd6832ebc203e49e2b771897067fce3c58575ac,0.423625,ETH,1186.15
2026-02-15,14:48:35,2026-02-15T14:48:35.000Z,Rainbet,0x307576dd4f73f91bb8c4a2edb762938e8e067d31,0.071007,ETH,198.82
2026-02-15,14:48:47,2026-02-15T14:48:47.000Z,Rainbet,0x307576dd4f73f91bb8c4a2edb762938e8e067d31,0.009999,ETH,28.00
2026-02-15,14:48:47,2026-02-15T14:48:47.000Z,Rainbet,0x307576dd4f73f91bb8c4a2edb762938e8e067d31,0.009996,ETH,27.99
2026-02-15,14:48:47,2026-02-15T14:48:47.000Z,Rainbet,0x307576dd4f73f91bb8c4a2edb762938e8e067d31,0.009999,ETH,28.00
2026-02-15,14:48:47,2026-02-15T14:48:47.000Z,Rainbet,0x307576dd4f73f91bb8c4a2edb762938e8e067d31,0.009996,ETH,27.99
2026-02-15,14:48:59,2026-02-15T14:48:59.000Z,Rollbit,0xcbd6832ebc203e49e2b771897067fce3c58575ac,0.007328,ETH,20.52
2026-02-15,14:49:35,2026-02-15T14:49:35.000Z,Rainbet,0x307576dd4f73f91bb8c4a2edb762938e8e067d31,0.225058,ETH,630.16
2026-02-15,14:49:47,2026-02-15T14:49:47.000Z,Rollbit,0xcbd6832ebc203e49e2b771897067fce3c58575ac,0.000182,ETH,0.51
2026-02-15,14:49:59,2026-02-15T14:49:59.000Z,Rollbit,0xcbd6832ebc203e49e2b771897067fce3c58575ac,0.028029,ETH,78.48
2026-02-15,14:49:59,2026-02-15T14:49:59.000Z,Rainbet,0x307576dd4f73f91bb8c4a2edb762938e8e067d31,0.014366,ETH,40.22
2026-02-15,14:50:11,2026-02-15T14:50:11.000Z,Rainbet,0x307576dd4f73f91bb8c4a2edb762938e8e067d31,0.009996,ETH,27.99
2026-02-15,14:50:47,2026-02-15T14:50:47.000Z,Rainbet,0x307576dd4f73f91bb8c4a2edb762938e8e067d31,0.009996,ETH,27.99
2026-02-15,14:50:47,2026-02-15T14:50:47.000Z,Rainbet,0x307576dd4f73f91bb8c4a2edb762938e8e067d31,0.009996,ETH,27.99
2026-02-15,14:51:47,2026-02-15T14:51:47.000Z,Rainbet,0x307576dd4f73f91bb8c4a2edb762938e8e067d31,0.068779,ETH,192.58
2026-02-15,14:51:59,2026-02-15T14:51:59.000Z,Rollbit,0xcbd6832ebc203e49e2b771897067fce3c58575ac,0.016335,ETH,45.74
2026-02-15,14:51:59,2026-02-15T14:51:59.000Z,Rollbit,0xcbd6832ebc203e49e2b771897067fce3c58575ac,0.028459,ETH,79.68
2026-02-15,14:51:59,2026-02-15T14:51:59.000Z,Rainbet,0x307576dd4f73f91bb8c4a2edb762938e8e067d31,0.023448,ETH,65.66
2026-02-15,14:52:23,2026-02-15T14:52:23.000Z,Rainbet,0x307576dd4f73f91bb8c4a2edb762938e8e067d31,0.009995,ETH,27.99
2026-02-15,14:52:59,2026-02-15T14:52:59.000Z,Rainbet,0x307576dd4f73f91bb8c4a2edb762938e8e067d31,0.568073,ETH,1590.61
2026-02-15,14:52:59,2026-02-15T14:52:59.000Z,Rainbet,0x307576dd4f73f91bb8c4a2edb762938e8e067d31,0.098254,ETH,275.11
2026-02-15,14:53:59,2026-02-15T14:53:59.000Z,Rollbit,0xcbd6832ebc203e49e2b771897067fce3c58575ac,0.000179,ETH,0.50
2026-02-15,14:53:59,2026-02-15T14:53:59.000Z,Rollbit,0xcbd6832ebc203e49e2b771897067fce3c58575ac,0.008467,ETH,23.71
2026-02-15,14:54:11,2026-02-15T14:54:11.000Z,Rainbet,0x307576dd4f73f91bb8c4a2edb762938e8e067d31,0.146602,ETH,410.49
2026-02-15,14:54:59,2026-02-15T14:54:59.000Z,Rollbit,0xcbd6832ebc203e49e2b771897067fce3c58575ac,0.000183,ETH,0.51
2026-02-15,14:55:35,2026-02-15T14:55:35.000Z,Rainbet,0x307576dd4f73f91bb8c4a2edb762938e8e067d31,0.156869,ETH,439.23
2026-02-15,14:55:35,2026-02-15T14:55:35.000Z,Rainbet,0x307576dd4f73f91bb8c4a2edb762938e8e067d31,0.011920,ETH,33.38
2026-02-15,14:56:23,2026-02-15T14:56:23.000Z,Rainbet,0x307576dd4f73f91bb8c4a2edb762938e8e067d31,0.080000,ETH,224.00
2026-02-15,14:56:23,2026-02-15T14:56:23.000Z,Rainbet,0x307576dd4f73f91bb8c4a2edb762938e8e067d31,0.012918,ETH,36.17
2026-02-15,14:56:23,2026-02-15T14:56:23.000Z,Rainbet,0x307576dd4f73f91bb8c4a2edb762938e8e067d31,0.023607,ETH,66.10
2026-02-15,14:56:23,2026-02-15T14:56:23.000Z,Rainbet,0x307576dd4f73f91bb8c4a2edb762938e8e067d31,0.027313,ETH,76.48
2026-02-15,14:56:23,2026-02-15T14:56:23.000Z,Rainbet,0x307576dd4f73f91bb8c4a2edb762938e8e067d31,0.409251,ETH,1145.90
2026-02-15,14:56:23,2026-02-15T14:56:23.000Z,Rainbet,0x307576dd4f73f91bb8c4a2edb762938e8e067d31,0.016932,ETH,47.41
2026-02-15,14:57:11,2026-02-15T14:57:11.000Z,Rainbet,0x307576dd4f73f91bb8c4a2edb762938e8e067d31,0.037057,ETH,103.76
2026-02-15,14:57:23,2026-02-15T14:57:23.000Z,Bitcasino,0x5bcbdfb6cc624b959c39a2d16110d1f2d9204f72,0.086959,ETH,243.48
2026-02-15,14:58:11,2026-02-15T14:58:11.000Z,Rainbet,0x307576dd4f73f91bb8c4a2edb762938e8e067d31,0.009996,ETH,27.99
2026-02-15,14:58:11,2026-02-15T14:58:11.000Z,Rainbet,0x307576dd4f73f91bb8c4a2edb762938e8e067d31,0.009996,ETH,27.99
2026-02-15,14:58:11,2026-02-15T14:58:11.000Z,Bitcasino,0x5bcbdfb6cc624b959c39a2d16110d1f2d9204f72,0.035559,ETH,99.57
2026-02-15,14:58:23,2026-02-15T14:58:23.000Z,Rainbet,0x307576dd4f73f91bb8c4a2edb762938e8e067d31,0.009995,ETH,27.99
2026-02-15,14:58:35,2026-02-15T14:58:35.000Z,Bitcasino,0x5bcbdfb6cc624b959c39a2d16110d1f2d9204f72,0.099999,ETH,280.00
2026-02-15,14:59:47,2026-02-15T14:59:47.000Z,Rainbet,0x307576dd4f73f91bb8c4a2edb762938e8e067d31,0.036968,ETH,103.51
2026-02-15,15:00:11,2026-02-15T15:00:11.000Z,Rollbit,0xcbd6832ebc203e49e2b771897067fce3c58575ac,0.023844,ETH,66.76
2026-02-15,15:00:11,2026-02-15T15:00:11.000Z,Rainbet,0x307576dd4f73f91bb8c4a2edb762938e8e067d31,0.015201,ETH,42.56
2026-02-15,15:00:11,2026-02-15T15:00:11.000Z,Rainbet,0x307576dd4f73f91bb8c4a2edb762938e8e067d31,0.009999,ETH,28.00
2026-02-15,15:00:11,2026-02-15T15:00:11.000Z,Rainbet,0x307576dd4f73f91bb8c4a2edb762938e8e067d31,0.009999,ETH,28.00
2026-02-15,15:00:11,2026-02-15T15:00:11.000Z,Rainbet,0x307576dd4f73f91bb8c4a2edb762938e8e067d31,0.040932,ETH,114.61
2026-02-15,15:00:23,2026-02-15T15:00:23.000Z,Rainbet,0x307576dd4f73f91bb8c4a2edb762938e8e067d31,0.012901,ETH,36.12
2026-02-15,15:00:23,2026-02-15T15:00:23.000Z,Rainbet,0x307576dd4f73f91bb8c4a2edb762938e8e067d31,0.014396,ETH,40.31
2026-02-15,15:00:35,2026-02-15T15:00:35.000Z,Rollbit,0xcbd6832ebc203e49e2b771897067fce3c58575ac,0.000177,ETH,0.49
2026-02-15,15:00:47,2026-02-15T15:00:47.000Z,Rainbet,0x307576dd4f73f91bb8c4a2edb762938e8e067d31,0.029631,ETH,82.97
2026-02-15,15:00:47,2026-02-15T15:00:47.000Z,Rainbet,0x307576dd4f73f91bb8c4a2edb762938e8e067d31,0.021025,ETH,58.87
2026-02-15,15:00:47,2026-02-15T15:00:47.000Z,Rainbet,0x307576dd4f73f91bb8c4a2edb762938e8e067d31,0.009995,ETH,27.99
2026-02-15,15:00:47,2026-02-15T15:00:47.000Z,Rainbet,0x307576dd4f73f91bb8c4a2edb762938e8e067d31,0.009995,ETH,27.99
2026-02-15,15:01:59,2026-02-15T15:01:59.000Z,Rainbet,0x307576dd4f73f91bb8c4a2edb762938e8e067d31,0.019859,ETH,55.61
2026-02-15,15:01:59,2026-02-15T15:01:59.000Z,Rainbet,0x307576dd4f73f91bb8c4a2edb762938e8e067d31,0.046189,ETH,129.33
2026-02-15,15:02:23,2026-02-15T15:02:23.000Z,Rollbit,0xcbd6832ebc203e49e2b771897067fce3c58575ac,0.019699,ETH,55.16
2026-02-15,15:02:35,2026-02-15T15:02:35.000Z,Rollbit,0xcbd6832ebc203e49e2b771897067fce3c58575ac,0.077754,ETH,217.71
2026-02-15,15:03:23,2026-02-15T15:03:23.000Z,Rainbet,0x307576dd4f73f91bb8c4a2edb762938e8e067d31,0.009995,ETH,27.99
2026-02-15,15:03:59,2026-02-15T15:03:59.000Z,Rollbit,0xcbd6832ebc203e49e2b771897067fce3c58575ac,0.000178,ETH,0.50
2026-02-15,15:03:59,2026-02-15T15:03:59.000Z,Rollbit,0xcbd6832ebc203e49e2b771897067fce3c58575ac,0.000178,ETH,0.50
2026-02-15,15:04:11,2026-02-15T15:04:11.000Z,Rainbet,0x307576dd4f73f91bb8c4a2edb762938e8e067d31,0.050299,ETH,140.84
2026-02-15,15:04:11,2026-02-15T15:04:11.000Z,Rainbet,0x307576dd4f73f91bb8c4a2edb762938e8e067d31,0.144636,ETH,404.98
2026-02-15,15:04:23,2026-02-15T15:04:23.000Z,Rollbit,0xcbd6832ebc203e49e2b771897067fce3c58575ac,0.000196,ETH,0.55
2026-02-15,15:04:23,2026-02-15T15:04:23.000Z,Roobet,0xc94ebb328ac25b95db0e0aa968371885fa516215,29.541981,ETH,82717.55
2026-02-15,15:04:23,2026-02-15T15:04:23.000Z,Rainbet,0x307576dd4f73f91bb8c4a2edb762938e8e067d31,0.014136,ETH,39.58
2026-02-15,15:04:23,2026-02-15T15:04:23.000Z,Rainbet,0x307576dd4f73f91bb8c4a2edb762938e8e067d31,0.009998,ETH,27.99
2026-02-15,15:04:23,2026-02-15T15:04:23.000Z,Rainbet,0x307576dd4f73f91bb8c4a2edb762938e8e067d31,0.012455,ETH,34.87
2026-02-15,15:04:59,2026-02-15T15:04:59.000Z,Rainbet,0x307576dd4f73f91bb8c4a2edb762938e8e067d31,0.012297,ETH,34.43
2026-02-15,15:04:59,2026-02-15T15:04:59.000Z,Rainbet,0x307576dd4f73f91bb8c4a2edb762938e8e067d31,0.036514,ETH,102.24
2026-02-15,15:05:23,2026-02-15T15:05:23.000Z,Rainbet,0x307576dd4f73f91bb8c4a2edb762938e8e067d31,0.400000,ETH,1120.00
2026-02-15,15:06:47,2026-02-15T15:06:47.000Z,Rainbet,0x307576dd4f73f91bb8c4a2edb762938e8e067d31,0.090643,ETH,253.80
2026-02-15,15:07:47,2026-02-15T15:07:47.000Z,Rainbet,0x307576dd4f73f91bb8c4a2edb762938e8e067d31,0.046444,ETH,130.04
2026-02-15,15:07:59,2026-02-15T15:07:59.000Z,Rainbet,0x307576dd4f73f91bb8c4a2edb762938e8e067d31,0.009995,ETH,27.99
2026-02-15,15:08:59,2026-02-15T15:08:59.000Z,Rollbit,0xcbd6832ebc203e49e2b771897067fce3c58575ac,0.000176,ETH,0.49
2026-02-15,15:09:23,2026-02-15T15:09:23.000Z,Rainbet,0x307576dd4f73f91bb8c4a2edb762938e8e067d31,0.016239,ETH,45.47
2026-02-15,15:09:23,2026-02-15T15:09:23.000Z,Rainbet,0x307576dd4f73f91bb8c4a2edb762938e8e067d31,0.009996,ETH,27.99
2026-02-15,15:09:23,2026-02-15T15:09:23.000Z,Rainbet,0x307576dd4f73f91bb8c4a2edb762938e8e067d31,0.009995,ETH,27.99
2026-02-15,15:09:35,2026-02-15T15:09:35.000Z,Rainbet,0x307576dd4f73f91bb8c4a2edb762938e8e067d31,0.131061,ETH,366.97
2026-02-15,15:09:47,2026-02-15T15:09:47.000Z,Rainbet,0x307576dd4f73f91bb8c4a2edb762938e8e067d31,0.012250,ETH,34.30
2026-02-15,15:10:35,2026-02-15T15:10:35.000Z,Rainbet,0x307576dd4f73f91bb8c4a2edb762938e8e067d31,0.057044,ETH,159.72
2026-02-15,15:10:35,2026-02-15T15:10:35.000Z,Rainbet,0x307576dd4f73f91bb8c4a2edb762938e8e067d31,0.009999,ETH,28.00
2026-02-15,15:10:35,2026-02-15T15:10:35.000Z,Rainbet,0x307576dd4f73f91bb8c4a2edb762938e8e067d31,0.009996,ETH,27.99
2026-02-15,15:11:11,2026-02-15T15:11:11.000Z,Rainbet,0x307576dd4f73f91bb8c4a2edb762938e8e067d31,0.009998,ETH,27.99
2026-02-15,15:11:11,2026-02-15T15:11:11.000Z,Rainbet,0x307576dd4f73f91bb8c4a2edb762938e8e067d31,0.009995,ETH,27.99
2026-02-15,15:11:35,2026-02-15T15:11:35.000Z,Rainbet,0x307576dd4f73f91bb8c4a2edb762938e8e067d31,0.047964,ETH,134.30
2026-02-15,15:11:47,2026-02-15T15:11:47.000Z,Rollbit,0xcbd6832ebc203e49e2b771897067fce3c58575ac,0.146217,ETH,409.41
2026-02-15,15:12:23,2026-02-15T15:12:23.000Z,Rollbit,0xcbd6832ebc203e49e2b771897067fce3c58575ac,0.000176,ETH,0.49
2026-02-15,15:12:23,2026-02-15T15:12:23.000Z,Rainbet,0x307576dd4f73f91bb8c4a2edb762938e8e067d31,0.047979,ETH,134.34
2026-02-15,15:12:35,2026-02-15T15:12:35.000Z,Rainbet,0x307576dd4f73f91bb8c4a2edb762938e8e067d31,0.009996,ETH,27.99
2026-02-15,15:12:35,2026-02-15T15:12:35.000Z,Rainbet,0x307576dd4f73f91bb8c4a2edb762938e8e067d31,0.089832,ETH,251.53
2026-02-15,15:13:35,2026-02-15T15:13:35.000Z,Rainbet,0x307576dd4f73f91bb8c4a2edb762938e8e067d31,0.009999,ETH,28.00
2026-02-15,15:14:23,2026-02-15T15:14:23.000Z,Rollbit,0xcbd6832ebc203e49e2b771897067fce3c58575ac,0.000176,ETH,0.49
2026-02-15,15:14:59,2026-02-15T15:14:59.000Z,Rollbit,0xcbd6832ebc203e49e2b771897067fce3c58575ac,0.016618,ETH,46.53
2026-02-15,15:15:11,2026-02-15T15:15:11.000Z,Rollbit,0xcbd6832ebc203e49e2b771897067fce3c58575ac,0.051673,ETH,144.68
2026-02-15,15:15:11,2026-02-15T15:15:11.000Z,Rainbet,0x307576dd4f73f91bb8c4a2edb762938e8e067d31,0.126899,ETH,355.32
2026-02-15,15:15:59,2026-02-15T15:15:59.000Z,Rainbet,0x307576dd4f73f91bb8c4a2edb762938e8e067d31,0.333692,ETH,934.34
2026-02-15,15:15:59,2026-02-15T15:15:59.000Z,Rainbet,0x307576dd4f73f91bb8c4a2edb762938e8e067d31,0.009995,ETH,27.99
2026-02-15,15:15:59,2026-02-15T15:15:59.000Z,Rainbet,0x307576dd4f73f91bb8c4a2edb762938e8e067d31,0.012425,ETH,34.79
2026-02-15,15:15:59,2026-02-15T15:15:59.000Z,Rainbet,0x307576dd4f73f91bb8c4a2edb762938e8e067d31,0.036851,ETH,103.18
2026-02-15,15:15:59,2026-02-15T15:15:59.000Z,Rainbet,0x307576dd4f73f91bb8c4a2edb762938e8e067d31,0.180725,ETH,506.03
2026-02-15,15:16:23,2026-02-15T15:16:23.000Z,Rainbet,0x307576dd4f73f91bb8c4a2edb762938e8e067d31,0.009996,ETH,27.99
2026-02-15,15:16:59,2026-02-15T15:16:59.000Z,Rainbet,0x307576dd4f73f91bb8c4a2edb762938e8e067d31,0.152445,ETH,426.85
2026-02-15,15:17:23,2026-02-15T15:17:23.000Z,Rainbet,0x307576dd4f73f91bb8c4a2edb762938e8e067d31,0.028074,ETH,78.61
2026-02-15,15:17:35,2026-02-15T15:17:35.000Z,Rainbet,0x307576dd4f73f91bb8c4a2edb762938e8e067d31,0.009999,ETH,28.00
2026-02-15,15:18:35,2026-02-15T15:18:35.000Z,Rainbet,0x307576dd4f73f91bb8c4a2edb762938e8e067d31,0.023001,ETH,64.40
2026-02-15,15:18:59,2026-02-15T15:18:59.000Z,Rainbet,0x307576dd4f73f91bb8c4a2edb762938e8e067d31,0.050000,ETH,140.00
2026-02-15,15:19:11,2026-02-15T15:19:11.000Z,Rollbit,0xcbd6832ebc203e49e2b771897067fce3c58575ac,0.013008,ETH,36.42
2026-02-15,15:19:23,2026-02-15T15:19:23.000Z,Rainbet,0x307576dd4f73f91bb8c4a2edb762938e8e067d31,0.025912,ETH,72.55
2026-02-15,15:19:35,2026-02-15T15:19:35.000Z,Rainbet,0x307576dd4f73f91bb8c4a2edb762938e8e067d31,0.521731,ETH,1460.85
2026-02-15,15:19:35,2026-02-15T15:19:35.000Z,Rainbet,0x307576dd4f73f91bb8c4a2edb762938e8e067d31,0.521738,ETH,1460.87
2026-02-15,15:19:47,2026-02-15T15:19:47.000Z,Rainbet,0x307576dd4f73f91bb8c4a2edb762938e8e067d31,0.148124,ETH,414.75
2026-02-15,15:19:47,2026-02-15T15:19:47.000Z,Rainbet,0x307576dd4f73f91bb8c4a2edb762938e8e067d31,0.009995,ETH,27.99
2026-02-15,15:19:59,2026-02-15T15:19:59.000Z,Rollbit,0xcbd6832ebc203e49e2b771897067fce3c58575ac,0.028059,ETH,78.57
2026-02-15,15:21:23,2026-02-15T15:21:23.000Z,Rollbit,0xcbd6832ebc203e49e2b771897067fce3c58575ac,0.124386,ETH,348.28
2026-02-15,15:21:23,2026-02-15T15:21:23.000Z,Rollbit,0xcbd6832ebc203e49e2b771897067fce3c58575ac,0.000176,ETH,0.49
2026-02-15,15:21:23,2026-02-15T15:21:23.000Z,Rollbit,0xcbd6832ebc203e49e2b771897067fce3c58575ac,0.042294,ETH,118.42
2026-02-15,15:21:35,2026-02-15T15:21:35.000Z,Rainbet,0x307576dd4f73f91bb8c4a2edb762938e8e067d31,0.129702,ETH,363.17
2026-02-15,15:21:35,2026-02-15T15:21:35.000Z,Rainbet,0x307576dd4f73f91bb8c4a2edb762938e8e067d31,0.009996,ETH,27.99
2026-02-15,15:21:35,2026-02-15T15:21:35.000Z,Rainbet,0x307576dd4f73f91bb8c4a2edb762938e8e067d31,0.009998,ETH,27.99
2026-02-15,15:22:11,2026-02-15T15:22:11.000Z,Rainbet,0x307576dd4f73f91bb8c4a2edb762938e8e067d31,0.058440,ETH,163.63
2026-02-15,15:22:23,2026-02-15T15:22:23.000Z,Rainbet,0x307576dd4f73f91bb8c4a2edb762938e8e067d31,0.012454,ETH,34.87
2026-02-15,15:22:23,2026-02-15T15:22:23.000Z,Rainbet,0x307576dd4f73f91bb8c4a2edb762938e8e067d31,0.008730,ETH,24.45
2026-02-15,15:22:35,2026-02-15T15:22:35.000Z,Rainbet,0x307576dd4f73f91bb8c4a2edb762938e8e067d31,0.009999,ETH,28.00
2026-02-15,15:22:35,2026-02-15T15:22:35.000Z,Rainbet,0x307576dd4f73f91bb8c4a2edb762938e8e067d31,0.009999,ETH,28.00
2026-02-15,15:22:47,2026-02-15T15:22:47.000Z,Rollbit,0xcbd6832ebc203e49e2b771897067fce3c58575ac,0.009370,ETH,26.24
2026-02-15,15:23:35,2026-02-15T15:23:35.000Z,Rainbet,0x307576dd4f73f91bb8c4a2edb762938e8e067d31,0.017148,ETH,48.01
2026-02-15,15:23:35,2026-02-15T15:23:35.000Z,Rainbet,0x307576dd4f73f91bb8c4a2edb762938e8e067d31,0.009996,ETH,27.99
2026-02-15,15:23:59,2026-02-15T15:23:59.000Z,Stake 11,0x787b8840100d9baadd7463f4a73b5ba73b00c6ca,0.093200,ETH,260.96
2026-02-15,15:23:59,2026-02-15T15:23:59.000Z,Stake 11,0x787b8840100d9baadd7463f4a73b5ba73b00c6ca,0.100132,ETH,280.37
2026-02-15,15:24:11,2026-02-15T15:24:11.000Z,Rainbet,0x307576dd4f73f91bb8c4a2edb762938e8e067d31,0.245314,ETH,686.88
2026-02-15,15:24:47,2026-02-15T15:24:47.000Z,Stake 11,0x787b8840100d9baadd7463f4a73b5ba73b00c6ca,0.131534,ETH,368.30
2026-02-15,15:24:47,2026-02-15T15:24:47.000Z,Stake 11,0x787b8840100d9baadd7463f4a73b5ba73b00c6ca,0.009309,ETH,26.07
2026-02-15,15:24:47,2026-02-15T15:24:47.000Z,Rainbet,0x307576dd4f73f91bb8c4a2edb762938e8e067d31,0.009965,ETH,27.90
2026-02-15,15:24:59,2026-02-15T15:24:59.000Z,Rainbet,0x307576dd4f73f91bb8c4a2edb762938e8e067d31,0.008489,ETH,23.77
2026-02-15,15:24:59,2026-02-15T15:24:59.000Z,Rainbet,0x307576dd4f73f91bb8c4a2edb762938e8e067d31,0.021851,ETH,61.18
2026-02-15,15:25:23,2026-02-15T15:25:23.000Z,Rainbet,0x307576dd4f73f91bb8c4a2edb762938e8e067d31,0.009796,ETH,27.43
2026-02-15,15:26:11,2026-02-15T15:26:11.000Z,Rainbet,0x307576dd4f73f91bb8c4a2edb762938e8e067d31,0.009996,ETH,27.99
2026-02-15,15:26:11,2026-02-15T15:26:11.000Z,Rainbet,0x307576dd4f73f91bb8c4a2edb762938e8e067d31,0.009996,ETH,27.99
2026-02-15,15:26:11,2026-02-15T15:26:11.000Z,Rainbet,0x307576dd4f73f91bb8c4a2edb762938e8e067d31,0.009996,ETH,27.99
2026-02-15,15:26:11,2026-02-15T15:26:11.000Z,Rainbet,0x307576dd4f73f91bb8c4a2edb762938e8e067d31,0.009996,ETH,27.99
2026-02-15,15:26:11,2026-02-15T15:26:11.000Z,Rainbet,0x307576dd4f73f91bb8c4a2edb762938e8e067d31,0.009996,ETH,27.99
2026-02-15,15:26:23,2026-02-15T15:26:23.000Z,Rollbit,0xcbd6832ebc203e49e2b771897067fce3c58575ac,0.012999,ETH,36.40
2026-02-15,15:26:23,2026-02-15T15:26:23.000Z,Rainbet,0x307576dd4f73f91bb8c4a2edb762938e8e067d31,0.009996,ETH,27.99
2026-02-15,15:26:23,2026-02-15T15:26:23.000Z,Rainbet,0x307576dd4f73f91bb8c4a2edb762938e8e067d31,0.009996,ETH,27.99
2026-02-15,15:28:11,2026-02-15T15:28:11.000Z,Rainbet,0x307576dd4f73f91bb8c4a2edb762938e8e067d31,0.014474,ETH,40.53
2026-02-15,15:28:23,2026-02-15T15:28:23.000Z,Rainbet,0x307576dd4f73f91bb8c4a2edb762938e8e067d31,0.009995,ETH,27.99
2026-02-15,15:28:23,2026-02-15T15:28:23.000Z,Rainbet,0x307576dd4f73f91bb8c4a2edb762938e8e067d31,0.010505,ETH,29.41
2026-02-15,15:28:47,2026-02-15T15:28:47.000Z,Stake 11,0x787b8840100d9baadd7463f4a73b5ba73b00c6ca,0.078185,ETH,218.92
2026-02-15,15:29:11,2026-02-15T15:29:11.000Z,Rollbit,0xcbd6832ebc203e49e2b771897067fce3c58575ac,0.029265,ETH,81.94
2026-02-15,15:29:23,2026-02-15T15:29:23.000Z,Rainbet,0x307576dd4f73f91bb8c4a2edb762938e8e067d31,0.013169,ETH,36.87
2026-02-15,15:29:23,2026-02-15T15:29:23.000Z,Rainbet,0x307576dd4f73f91bb8c4a2edb762938e8e067d31,0.028749,ETH,80.50
2026-02-15,15:29:23,2026-02-15T15:29:23.000Z,Rainbet,0x307576dd4f73f91bb8c4a2edb762938e8e067d31,0.010969,ETH,30.71
2026-02-15,15:29:35,2026-02-15T15:29:35.000Z,Rollbit,0xcbd6832ebc203e49e2b771897067fce3c58575ac,0.000173,ETH,0.48
2026-02-15,15:29:59,2026-02-15T15:29:59.000Z,Rainbet,0x307576dd4f73f91bb8c4a2edb762938e8e067d31,0.009996,ETH,27.99
2026-02-15,15:29:59,2026-02-15T15:29:59.000Z,Rainbet,0x307576dd4f73f91bb8c4a2edb762938e8e067d31,0.009996,ETH,27.99
2026-02-15,15:30:59,2026-02-15T15:30:59.000Z,Rainbet,0x307576dd4f73f91bb8c4a2edb762938e8e067d31,0.012679,ETH,35.50
2026-02-15,15:30:59,2026-02-15T15:30:59.000Z,Rainbet,0x307576dd4f73f91bb8c4a2edb762938e8e067d31,0.009995,ETH,27.99
2026-02-15,15:31:23,2026-02-15T15:31:23.000Z,Stake 11,0x787b8840100d9baadd7463f4a73b5ba73b00c6ca,0.006791,ETH,19.02
2026-02-15,15:31:35,2026-02-15T15:31:35.000Z,Stake 11,0x787b8840100d9baadd7463f4a73b5ba73b00c6ca,0.095049,ETH,266.14
2026-02-15,15:31:59,2026-02-15T15:31:59.000Z,Rollbit,0xcbd6832ebc203e49e2b771897067fce3c58575ac,0.056727,ETH,158.84
2026-02-15,15:31:59,2026-02-15T15:31:59.000Z,Rainbet,0x307576dd4f73f91bb8c4a2edb762938e8e067d31,0.131364,ETH,367.82
2026-02-15,15:31:59,2026-02-15T15:31:59.000Z,Rainbet,0x307576dd4f73f91bb8c4a2edb762938e8e067d31,0.016509,ETH,46.23
2026-02-15,15:31:59,2026-02-15T15:31:59.000Z,Rainbet,0x307576dd4f73f91bb8c4a2edb762938e8e067d31,0.016835,ETH,47.14
2026-02-15,15:32:11,2026-02-15T15:32:11.000Z,Rainbet,0x307576dd4f73f91bb8c4a2edb762938e8e067d31,0.013099,ETH,36.68
2026-02-15,15:32:23,2026-02-15T15:32:23.000Z,Stake 11,0x787b8840100d9baadd7463f4a73b5ba73b00c6ca,0.005561,ETH,15.57
2026-02-15,15:32:23,2026-02-15T15:32:23.000Z,Stake 11,0x787b8840100d9baadd7463f4a73b5ba73b00c6ca,0.011369,ETH,31.83
2026-02-15,15:32:59,2026-02-15T15:32:59.000Z,Rollbit,0xcbd6832ebc203e49e2b771897067fce3c58575ac,0.000180,ETH,0.51
2026-02-15,15:32:59,2026-02-15T15:32:59.000Z,Rollbit,0xcbd6832ebc203e49e2b771897067fce3c58575ac,0.029156,ETH,81.64
2026-02-15,15:32:59,2026-02-15T15:32:59.000Z,Rainbet,0x307576dd4f73f91bb8c4a2edb762938e8e067d31,0.072106,ETH,201.90
2026-02-15,15:33:23,2026-02-15T15:33:23.000Z,Stake 11,0x787b8840100d9baadd7463f4a73b5ba73b00c6ca,0.095786,ETH,268.20
2026-02-15,15:33:23,2026-02-15T15:33:23.000Z,Stake 11,0x787b8840100d9baadd7463f4a73b5ba73b00c6ca,0.002281,ETH,6.39
2026-02-15,15:33:23,2026-02-15T15:33:23.000Z,Rollbit,0xcbd6832ebc203e49e2b771897067fce3c58575ac,0.361189,ETH,1011.33
2026-02-15,15:33:23,2026-02-15T15:33:23.000Z,Rainbet,0x307576dd4f73f91bb8c4a2edb762938e8e067d31,0.009996,ETH,27.99
2026-02-15,15:33:23,2026-02-15T15:33:23.000Z,Rainbet,0x307576dd4f73f91bb8c4a2edb762938e8e067d31,0.009994,ETH,27.98
2026-02-15,15:33:59,2026-02-15T15:33:59.000Z,Rollbit,0xcbd6832ebc203e49e2b771897067fce3c58575ac,0.001030,ETH,2.88
2026-02-15,15:33:59,2026-02-15T15:33:59.000Z,Rollbit,0xcbd6832ebc203e49e2b771897067fce3c58575ac,0.188184,ETH,526.92
2026-02-15,15:33:59,2026-02-15T15:33:59.000Z,Rainbet,0x307576dd4f73f91bb8c4a2edb762938e8e067d31,0.009196,ETH,25.75
2026-02-15,15:34:11,2026-02-15T15:34:11.000Z,Rollbit,0xcbd6832ebc203e49e2b771897067fce3c58575ac,0.012217,ETH,34.21
2026-02-15,15:34:35,2026-02-15T15:34:35.000Z,Rollbit,0xcbd6832ebc203e49e2b771897067fce3c58575ac,0.011339,ETH,31.75
2026-02-15,15:34:35,2026-02-15T15:34:35.000Z,Rainbet,0x307576dd4f73f91bb8c4a2edb762938e8e067d31,0.009999,ETH,28.00
2026-02-15,15:34:35,2026-02-15T15:34:35.000Z,Rainbet,0x307576dd4f73f91bb8c4a2edb762938e8e067d31,0.084386,ETH,236.28
2026-02-15,15:34:47,2026-02-15T15:34:47.000Z,Roobet,0xc94ebb328ac25b95db0e0aa968371885fa516215,23.444040,ETH,65643.31
2026-02-15,15:34:47,2026-02-15T15:34:47.000Z,Rainbet,0x307576dd4f73f91bb8c4a2edb762938e8e067d31,0.009995,ETH,27.99
2026-02-15,15:35:11,2026-02-15T15:35:11.000Z,Stake 11,0x787b8840100d9baadd7463f4a73b5ba73b00c6ca,0.047999,ETH,134.40
2026-02-15,15:35:23,2026-02-15T15:35:23.000Z,Rollbit,0xcbd6832ebc203e49e2b771897067fce3c58575ac,0.021416,ETH,59.97
2026-02-15,15:35:47,2026-02-15T15:35:47.000Z,Rainbet,0x307576dd4f73f91bb8c4a2edb762938e8e067d31,0.083424,ETH,233.59
2026-02-15,15:35:47,2026-02-15T15:35:47.000Z,Rainbet,0x307576dd4f73f91bb8c4a2edb762938e8e067d31,0.036830,ETH,103.12
2026-02-15,15:35:47,2026-02-15T15:35:47.000Z,Rainbet,0x307576dd4f73f91bb8c4a2edb762938e8e067d31,0.018047,ETH,50.53
2026-02-15,15:36:23,2026-02-15T15:36:23.000Z,Rainbet,0x307576dd4f73f91bb8c4a2edb762938e8e067d31,0.009995,ETH,27.99
2026-02-15,15:36:47,2026-02-15T15:36:47.000Z,Stake 11,0x787b8840100d9baadd7463f4a73b5ba73b00c6ca,1.357248,ETH,3800.30
2026-02-15,15:36:47,2026-02-15T15:36:47.000Z,Rainbet,0x307576dd4f73f91bb8c4a2edb762938e8e067d31,0.009994,ETH,27.98
2026-02-15,15:36:59,2026-02-15T15:36:59.000Z,Rollbit,0xcbd6832ebc203e49e2b771897067fce3c58575ac,0.032037,ETH,89.70
2026-02-15,15:36:59,2026-02-15T15:36:59.000Z,Rainbet,0x307576dd4f73f91bb8c4a2edb762938e8e067d31,0.094438,ETH,264.43
2026-02-15,15:37:11,2026-02-15T15:37:11.000Z,Rainbet,0x307576dd4f73f91bb8c4a2edb762938e8e067d31,0.017385,ETH,48.68
2026-02-15,15:37:23,2026-02-15T15:37:23.000Z,Rollbit,0xcbd6832ebc203e49e2b771897067fce3c58575ac,0.084785,ETH,237.40
2026-02-15,15:37:23,2026-02-15T15:37:23.000Z,Rollbit,0xcbd6832ebc203e49e2b771897067fce3c58575ac,0.647679,ETH,1813.50
2026-02-15,15:37:35,2026-02-15T15:37:35.000Z,Stake 11,0x787b8840100d9baadd7463f4a73b5ba73b00c6ca,0.022527,ETH,63.08
2026-02-15,15:37:47,2026-02-15T15:37:47.000Z,Rollbit,0xcbd6832ebc203e49e2b771897067fce3c58575ac,0.026991,ETH,75.58
2026-02-15,15:37:47,2026-02-15T15:37:47.000Z,Rainbet,0x307576dd4f73f91bb8c4a2edb762938e8e067d31,0.009995,ETH,27.99
2026-02-15,15:37:59,2026-02-15T15:37:59.000Z,Rollbit,0xcbd6832ebc203e49e2b771897067fce3c58575ac,0.314297,ETH,880.03
2026-02-15,15:38:11,2026-02-15T15:38:11.000Z,Rainbet,0x307576dd4f73f91bb8c4a2edb762938e8e067d31,0.009995,ETH,27.99
2026-02-15,15:38:59,2026-02-15T15:38:59.000Z,Rainbet,0x307576dd4f73f91bb8c4a2edb762938e8e067d31,0.009999,ETH,28.00
2026-02-15,15:38:59,2026-02-15T15:38:59.000Z,Rainbet,0x307576dd4f73f91bb8c4a2edb762938e8e067d31,0.059019,ETH,165.25
2026-02-15,15:39:23,2026-02-15T15:39:23.000Z,Rainbet,0x307576dd4f73f91bb8c4a2edb762938e8e067d31,0.013066,ETH,36.58
2026-02-15,15:39:47,2026-02-15T15:39:47.000Z,Rollbit,0xcbd6832ebc203e49e2b771897067fce3c58575ac,0.005515,ETH,15.44
2026-02-15,15:39:47,2026-02-15T15:39:47.000Z,Rainbet,0x307576dd4f73f91bb8c4a2edb762938e8e067d31,0.029212,ETH,81.79
2026-02-15,15:39:59,2026-02-15T15:39:59.000Z,Rainbet,0x307576dd4f73f91bb8c4a2edb762938e8e067d31,0.009993,ETH,27.98
2026-02-15,15:40:23,2026-02-15T15:40:23.000Z,Rainbet,0x307576dd4f73f91bb8c4a2edb762938e8e067d31,0.012145,ETH,34.00
2026-02-15,15:40:23,2026-02-15T15:40:23.000Z,Rainbet,0x307576dd4f73f91bb8c4a2edb762938e8e067d31,0.019898,ETH,55.71
2026-02-15,15:40:47,2026-02-15T15:40:47.000Z,Rainbet,0x307576dd4f73f91bb8c4a2edb762938e8e067d31,0.009995,ETH,27.99
2026-02-15,15:40:47,2026-02-15T15:40:47.000Z,Rainbet,0x307576dd4f73f91bb8c4a2edb762938e8e067d31,0.184507,ETH,516.62
2026-02-15,15:40:47,2026-02-15T15:40:47.000Z,Rainbet,0x307576dd4f73f91bb8c4a2edb762938e8e067d31,0.011015,ETH,30.84
2026-02-15,15:41:23,2026-02-15T15:41:23.000Z,Rainbet,0x307576dd4f73f91bb8c4a2edb762938e8e067d31,0.548089,ETH,1534.65
2026-02-15,15:41:23,2026-02-15T15:41:23.000Z,Rainbet,0x307576dd4f73f91bb8c4a2edb762938e8e067d31,0.009995,ETH,27.99
2026-02-15,15:42:35,2026-02-15T15:42:35.000Z,Rainbet,0x307576dd4f73f91bb8c4a2edb762938e8e067d31,0.185219,ETH,518.61
2026-02-15,15:42:47,2026-02-15T15:42:47.000Z,Rollbit,0xcbd6832ebc203e49e2b771897067fce3c58575ac,0.000172,ETH,0.48
2026-02-15,15:42:47,2026-02-15T15:42:47.000Z,Rainbet,0x307576dd4f73f91bb8c4a2edb762938e8e067d31,0.009998,ETH,27.99
2026-02-15,15:42:59,2026-02-15T15:42:59.000Z,Rainbet,0x307576dd4f73f91bb8c4a2edb762938e8e067d31,0.009999,ETH,28.00
2026-02-15,15:43:11,2026-02-15T15:43:11.000Z,Rainbet,0x307576dd4f73f91bb8c4a2edb762938e8e067d31,0.009995,ETH,27.99
2026-02-15,15:43:35,2026-02-15T15:43:35.000Z,Rollbit,0xcbd6832ebc203e49e2b771897067fce3c58575ac,0.045393,ETH,127.10
2026-02-15,15:43:35,2026-02-15T15:43:35.000Z,Rainbet,0x307576dd4f73f91bb8c4a2edb762938e8e067d31,0.088017,ETH,246.45
2026-02-15,15:43:47,2026-02-15T15:43:47.000Z,Rainbet,0x307576dd4f73f91bb8c4a2edb762938e8e067d31,0.009996,ETH,27.99
2026-02-15,15:43:47,2026-02-15T15:43:47.000Z,Rainbet,0x307576dd4f73f91bb8c4a2edb762938e8e067d31,0.136419,ETH,381.97
2026-02-15,15:43:59,2026-02-15T15:43:59.000Z,Rainbet,0x307576dd4f73f91bb8c4a2edb762938e8e067d31,0.062659,ETH,175.45
2026-02-15,15:44:35,2026-02-15T15:44:35.000Z,Stake 11,0x787b8840100d9baadd7463f4a73b5ba73b00c6ca,0.078780,ETH,220.58
2026-02-15,15:44:47,2026-02-15T15:44:47.000Z,Stake 11,0x787b8840100d9baadd7463f4a73b5ba73b00c6ca,0.003265,ETH,9.14
2026-02-15,15:44:47,2026-02-15T15:44:47.000Z,Stake 11,0x787b8840100d9baadd7463f4a73b5ba73b00c6ca,0.038195,ETH,106.95
2026-02-15,15:44:47,2026-02-15T15:44:47.000Z,Stake 11,0x787b8840100d9baadd7463f4a73b5ba73b00c6ca,0.014198,ETH,39.76
2026-02-15,15:44:47,2026-02-15T15:44:47.000Z,Stake 11,0x787b8840100d9baadd7463f4a73b5ba73b00c6ca,0.238437,ETH,667.62
2026-02-15,15:45:11,2026-02-15T15:45:11.000Z,Rollbit,0xcbd6832ebc203e49e2b771897067fce3c58575ac,0.000168,ETH,0.47
2026-02-15,15:45:11,2026-02-15T15:45:11.000Z,Rollbit,0xcbd6832ebc203e49e2b771897067fce3c58575ac,0.047229,ETH,132.24
2026-02-15,15:45:11,2026-02-15T15:45:11.000Z,Rainbet,0x307576dd4f73f91bb8c4a2edb762938e8e067d31,0.022183,ETH,62.11
2026-02-15,15:45:23,2026-02-15T15:45:23.000Z,Stake 11,0x787b8840100d9baadd7463f4a73b5ba73b00c6ca,0.279345,ETH,782.16
2026-02-15,15:45:23,2026-02-15T15:45:23.000Z,Rainbet,0x307576dd4f73f91bb8c4a2edb762938e8e067d31,0.007475,ETH,20.93
2026-02-15,15:45:23,2026-02-15T15:45:23.000Z,Rainbet,0x307576dd4f73f91bb8c4a2edb762938e8e067d31,0.009995,ETH,27.99
2026-02-15,15:45:23,2026-02-15T15:45:23.000Z,Rainbet,0x307576dd4f73f91bb8c4a2edb762938e8e067d31,0.009995,ETH,27.99
2026-02-15,15:45:35,2026-02-15T15:45:35.000Z,Rollbit,0xcbd6832ebc203e49e2b771897067fce3c58575ac,0.030601,ETH,85.68
2026-02-15,15:45:47,2026-02-15T15:45:47.000Z,Rollbit,0xcbd6832ebc203e49e2b771897067fce3c58575ac,0.013397,ETH,37.51
2026-02-15,15:46:11,2026-02-15T15:46:11.000Z,Rollbit,0xcbd6832ebc203e49e2b771897067fce3c58575ac,0.000171,ETH,0.48
2026-02-15,15:46:11,2026-02-15T15:46:11.000Z,Rainbet,0x307576dd4f73f91bb8c4a2edb762938e8e067d31,0.019183,ETH,53.71
2026-02-15,15:46:11,2026-02-15T15:46:11.000Z,Rainbet,0x307576dd4f73f91bb8c4a2edb762938e8e067d31,0.025944,ETH,72.64
2026-02-15,15:46:11,2026-02-15T15:46:11.000Z,Rainbet,0x307576dd4f73f91bb8c4a2edb762938e8e067d31,0.037360,ETH,104.61
2026-02-15,15:46:11,2026-02-15T15:46:11.000Z,Rainbet,0x307576dd4f73f91bb8c4a2edb762938e8e067d31,0.072263,ETH,202.34
2026-02-15,15:46:23,2026-02-15T15:46:23.000Z,Rainbet,0x307576dd4f73f91bb8c4a2edb762938e8e067d31,0.009994,ETH,27.98
2026-02-15,15:46:35,2026-02-15T15:46:35.000Z,Rainbet,0x307576dd4f73f91bb8c4a2edb762938e8e067d31,0.090735,ETH,254.06
2026-02-15,15:46:35,2026-02-15T15:46:35.000Z,Rainbet,0x307576dd4f73f91bb8c4a2edb762938e8e067d31,0.009996,ETH,27.99
2026-02-15,15:47:35,2026-02-15T15:47:35.000Z,Rainbet,0x307576dd4f73f91bb8c4a2edb762938e8e067d31,0.013009,ETH,36.43
2026-02-15,15:47:35,2026-02-15T15:47:35.000Z,Rainbet,0x307576dd4f73f91bb8c4a2edb762938e8e067d31,0.025152,ETH,70.42
2026-02-15,15:47:35,2026-02-15T15:47:35.000Z,Rainbet,0x307576dd4f73f91bb8c4a2edb762938e8e067d31,0.029138,ETH,81.59
2026-02-15,15:47:35,2026-02-15T15:47:35.000Z,Rainbet,0x307576dd4f73f91bb8c4a2edb762938e8e067d31,0.020834,ETH,58.34
2026-02-15,15:47:35,2026-02-15T15:47:35.000Z,Rainbet,0x307576dd4f73f91bb8c4a2edb762938e8e067d31,0.009995,ETH,27.99
2026-02-15,15:47:59,2026-02-15T15:47:59.000Z,Rainbet,0x307576dd4f73f91bb8c4a2edb762938e8e067d31,0.009995,ETH,27.99
2026-02-15,15:48:11,2026-02-15T15:48:11.000Z,Rollbit,0xcbd6832ebc203e49e2b771897067fce3c58575ac,0.040616,ETH,113.73
2026-02-15,15:48:23,2026-02-15T15:48:23.000Z,Rollbit,0xcbd6832ebc203e49e2b771897067fce3c58575ac,0.049799,ETH,139.44
2026-02-15,15:48:23,2026-02-15T15:48:23.000Z,Rainbet,0x307576dd4f73f91bb8c4a2edb762938e8e067d31,0.136489,ETH,382.17
2026-02-15,15:48:23,2026-02-15T15:48:23.000Z,Rainbet,0x307576dd4f73f91bb8c4a2edb762938e8e067d31,0.017999,ETH,50.40
2026-02-15,15:48:47,2026-02-15T15:48:47.000Z,Rollbit,0xcbd6832ebc203e49e2b771897067fce3c58575ac,0.003072,ETH,8.60
2026-02-15,15:49:11,2026-02-15T15:49:11.000Z,Rainbet,0x307576dd4f73f91bb8c4a2edb762938e8e067d31,0.008943,ETH,25.04
2026-02-15,15:49:35,2026-02-15T15:49:35.000Z,Stake 11,0x787b8840100d9baadd7463f4a73b5ba73b00c6ca,0.017242,ETH,48.28
2026-02-15,15:49:35,2026-02-15T15:49:35.000Z,Rollbit,0xcbd6832ebc203e49e2b771897067fce3c58575ac,0.044679,ETH,125.10
2026-02-15,15:49:35,2026-02-15T15:49:35.000Z,Rainbet,0x307576dd4f73f91bb8c4a2edb762938e8e067d31,0.011785,ETH,33.00
2026-02-15,15:50:35,2026-02-15T15:50:35.000Z,Rainbet,0x307576dd4f73f91bb8c4a2edb762938e8e067d31,0.009996,ETH,27.99
2026-02-15,15:50:59,2026-02-15T15:50:59.000Z,Rainbet,0x307576dd4f73f91bb8c4a2edb762938e8e067d31,0.371900,ETH,1041.32
2026-02-15,15:50:59,2026-02-15T15:50:59.000Z,Rainbet,0x307576dd4f73f91bb8c4a2edb762938e8e067d31,0.013739,ETH,38.47
2026-02-15,15:51:23,2026-02-15T15:51:23.000Z,Stake 11,0x787b8840100d9baadd7463f4a73b5ba73b00c6ca,0.006739,ETH,18.87
2026-02-15,15:51:23,2026-02-15T15:51:23.000Z,Stake 11,0x787b8840100d9baadd7463f4a73b5ba73b00c6ca,0.023763,ETH,66.54
2026-02-15,15:51:23,2026-02-15T15:51:23.000Z,Stake 11,0x787b8840100d9baadd7463f4a73b5ba73b00c6ca,0.482412,ETH,1350.75
2026-02-15,15:51:23,2026-02-15T15:51:23.000Z,Stake 11,0x787b8840100d9baadd7463f4a73b5ba73b00c6ca,0.197644,ETH,553.40
2026-02-15,15:51:59,2026-02-15T15:51:59.000Z,Rainbet,0x307576dd4f73f91bb8c4a2edb762938e8e067d31,0.009999,ETH,28.00
2026-02-15,15:52:11,2026-02-15T15:52:11.000Z,Rainbet,0x307576dd4f73f91bb8c4a2edb762938e8e067d31,0.012914,ETH,36.16
2026-02-15,15:52:11,2026-02-15T15:52:11.000Z,Rainbet,0x307576dd4f73f91bb8c4a2edb762938e8e067d31,0.047312,ETH,132.47
2026-02-15,15:52:11,2026-02-15T15:52:11.000Z,Rainbet,0x307576dd4f73f91bb8c4a2edb762938e8e067d31,0.033430,ETH,93.60
2026-02-15,15:52:23,2026-02-15T15:52:23.000Z,Rollbit,0xcbd6832ebc203e49e2b771897067fce3c58575ac,0.181999,ETH,509.60
2026-02-15,15:52:35,2026-02-15T15:52:35.000Z,Rainbet,0x307576dd4f73f91bb8c4a2edb762938e8e067d31,0.197898,ETH,554.12
2026-02-15,15:52:59,2026-02-15T15:52:59.000Z,Rainbet,0x307576dd4f73f91bb8c4a2edb762938e8e067d31,0.045947,ETH,128.65
2026-02-15,15:53:11,2026-02-15T15:53:11.000Z,Rainbet,0x307576dd4f73f91bb8c4a2edb762938e8e067d31,0.009996,ETH,27.99
2026-02-15,15:53:35,2026-02-15T15:53:35.000Z,Rainbet,0x307576dd4f73f91bb8c4a2edb762938e8e067d31,0.009996,ETH,27.99
2026-02-15,15:53:35,2026-02-15T15:53:35.000Z,Rainbet,0x307576dd4f73f91bb8c4a2edb762938e8e067d31,0.009996,ETH,27.99
2026-02-15,15:53:47,2026-02-15T15:53:47.000Z,Rainbet,0x307576dd4f73f91bb8c4a2edb762938e8e067d31,0.149409,ETH,418.35
2026-02-15,15:54:35,2026-02-15T15:54:35.000Z,Rainbet,0x307576dd4f73f91bb8c4a2edb762938e8e067d31,0.024651,ETH,69.02
2026-02-15,15:54:47,2026-02-15T15:54:47.000Z,Rainbet,0x307576dd4f73f91bb8c4a2edb762938e8e067d31,0.012857,ETH,36.00
2026-02-15,15:55:11,2026-02-15T15:55:11.000Z,Rollbit,0xcbd6832ebc203e49e2b771897067fce3c58575ac,0.026790,ETH,75.01
2026-02-15,15:55:11,2026-02-15T15:55:11.000Z,Rainbet,0x307576dd4f73f91bb8c4a2edb762938e8e067d31,0.009996,ETH,27.99
2026-02-15,15:55:11,2026-02-15T15:55:11.000Z,Rainbet,0x307576dd4f73f91bb8c4a2edb762938e8e067d31,0.009995,ETH,27.99
2026-02-15,15:55:35,2026-02-15T15:55:35.000Z,Stake 11,0x787b8840100d9baadd7463f4a73b5ba73b00c6ca,1.652385,ETH,4626.68
2026-02-15,15:55:47,2026-02-15T15:55:47.000Z,Rainbet,0x307576dd4f73f91bb8c4a2edb762938e8e067d31,0.127662,ETH,357.45
2026-02-15,15:55:47,2026-02-15T15:55:47.000Z,Rainbet,0x307576dd4f73f91bb8c4a2edb762938e8e067d31,0.009996,ETH,27.99
2026-02-15,15:55:47,2026-02-15T15:55:47.000Z,Rainbet,0x307576dd4f73f91bb8c4a2edb762938e8e067d31,0.047664,ETH,133.46
2026-02-15,15:55:59,2026-02-15T15:55:59.000Z,Rollbit,0xcbd6832ebc203e49e2b771897067fce3c58575ac,0.072534,ETH,203.10
2026-02-15,15:55:59,2026-02-15T15:55:59.000Z,Rollbit,0xcbd6832ebc203e49e2b771897067fce3c58575ac,0.000168,ETH,0.47
2026-02-15,15:56:23,2026-02-15T15:56:23.000Z,Rainbet,0x307576dd4f73f91bb8c4a2edb762938e8e067d31,0.068814,ETH,192.68
2026-02-15,15:56:35,2026-02-15T15:56:35.000Z,Rainbet,0x307576dd4f73f91bb8c4a2edb762938e8e067d31,0.009995,ETH,27.99
2026-02-15,15:57:59,2026-02-15T15:57:59.000Z,Rollbit,0xcbd6832ebc203e49e2b771897067fce3c58575ac,0.000168,ETH,0.47
2026-02-15,15:57:59,2026-02-15T15:57:59.000Z,Rollbit,0xcbd6832ebc203e49e2b771897067fce3c58575ac,0.094964,ETH,265.90
2026-02-15,15:57:59,2026-02-15T15:57:59.000Z,Rollbit,0xcbd6832ebc203e49e2b771897067fce3c58575ac,0.029885,ETH,83.68
2026-02-15,15:57:59,2026-02-15T15:57:59.000Z,Rollbit,0xcbd6832ebc203e49e2b771897067fce3c58575ac,0.063194,ETH,176.94
2026-02-15,15:58:23,2026-02-15T15:58:23.000Z,Rainbet,0x307576dd4f73f91bb8c4a2edb762938e8e067d31,0.015823,ETH,44.30
2026-02-15,15:58:35,2026-02-15T15:58:35.000Z,Rollbit,0xcbd6832ebc203e49e2b771897067fce3c58575ac,0.000168,ETH,0.47
2026-02-15,15:58:47,2026-02-15T15:58:47.000Z,Rainbet,0x307576dd4f73f91bb8c4a2edb762938e8e067d31,0.008016,ETH,22.45
2026-02-15,15:58:59,2026-02-15T15:58:59.000Z,Rainbet,0x307576dd4f73f91bb8c4a2edb762938e8e067d31,0.009996,ETH,27.99
2026-02-15,15:59:11,2026-02-15T15:59:11.000Z,Rainbet,0x307576dd4f73f91bb8c4a2edb762938e8e067d31,0.032839,ETH,91.95
2026-02-15,15:59:11,2026-02-15T15:59:11.000Z,Rainbet,0x307576dd4f73f91bb8c4a2edb762938e8e067d31,0.013058,ETH,36.56
2026-02-15,15:59:11,2026-02-15T15:59:11.000Z,Rainbet,0x307576dd4f73f91bb8c4a2edb762938e8e067d31,0.339427,ETH,950.39
2026-02-15,15:59:11,2026-02-15T15:59:11.000Z,Rainbet,0x307576dd4f73f91bb8c4a2edb762938e8e067d31,0.009999,ETH,28.00
2026-02-15,15:59:11,2026-02-15T15:59:11.000Z,Bitcasino,0x5bcbdfb6cc624b959c39a2d16110d1f2d9204f72,0.075285,ETH,210.80
2026-02-15,15:59:35,2026-02-15T15:59:35.000Z,Rollbit,0xcbd6832ebc203e49e2b771897067fce3c58575ac,0.020713,ETH,58.00
2026-02-15,15:59:47,2026-02-15T15:59:47.000Z,Bitcasino,0x5bcbdfb6cc624b959c39a2d16110d1f2d9204f72,0.054775,ETH,153.37
2026-02-15,16:00:11,2026-02-15T16:00:11.000Z,Rollbit,0xcbd6832ebc203e49e2b771897067fce3c58575ac,0.035958,ETH,100.68
2026-02-15,16:00:11,2026-02-15T16:00:11.000Z,Rainbet,0x307576dd4f73f91bb8c4a2edb762938e8e067d31,0.048349,ETH,135.38
2026-02-15,16:00:11,2026-02-15T16:00:11.000Z,Rainbet,0x307576dd4f73f91bb8c4a2edb762938e8e067d31,0.009999,ETH,28.00
2026-02-15,16:00:23,2026-02-15T16:00:23.000Z,Rainbet,0x307576dd4f73f91bb8c4a2edb762938e8e067d31,0.025279,ETH,70.78
2026-02-15,16:00:23,2026-02-15T16:00:23.000Z,Rainbet,0x307576dd4f73f91bb8c4a2edb762938e8e067d31,0.009995,ETH,27.99
2026-02-15,16:00:23,2026-02-15T16:00:23.000Z,Rainbet,0x307576dd4f73f91bb8c4a2edb762938e8e067d31,0.099572,ETH,278.80
2026-02-15,16:00:23,2026-02-15T16:00:23.000Z,Bitcasino,0x5bcbdfb6cc624b959c39a2d16110d1f2d9204f72,0.000000,ETH,0.00
2026-02-15,16:00:35,2026-02-15T16:00:35.000Z,Rollbit,0xcbd6832ebc203e49e2b771897067fce3c58575ac,0.472999,ETH,1324.40
2026-02-15,16:00:47,2026-02-15T16:00:47.000Z,Rainbet,0x307576dd4f73f91bb8c4a2edb762938e8e067d31,0.038008,ETH,106.42
2026-02-15,16:01:23,2026-02-15T16:01:23.000Z,Rollbit,0xcbd6832ebc203e49e2b771897067fce3c58575ac,0.000179,ETH,0.50
2026-02-15,16:01:35,2026-02-15T16:01:35.000Z,Rainbet,0x307576dd4f73f91bb8c4a2edb762938e8e067d31,0.009999,ETH,28.00
2026-02-15,16:01:35,2026-02-15T16:01:35.000Z,Rainbet,0x307576dd4f73f91bb8c4a2edb762938e8e067d31,0.009999,ETH,28.00
2026-02-15,16:02:59,2026-02-15T16:02:59.000Z,Rainbet,0x307576dd4f73f91bb8c4a2edb762938e8e067d31,0.011741,ETH,32.88
2026-02-15,16:02:59,2026-02-15T16:02:59.000Z,Rainbet,0x307576dd4f73f91bb8c4a2edb762938e8e067d31,0.072491,ETH,202.98
2026-02-15,16:03:11,2026-02-15T16:03:11.000Z,Rainbet,0x307576dd4f73f91bb8c4a2edb762938e8e067d31,0.017719,ETH,49.61
2026-02-15,16:03:23,2026-02-15T16:03:23.000Z,Rainbet,0x307576dd4f73f91bb8c4a2edb762938e8e067d31,0.015801,ETH,44.24
2026-02-15,16:03:23,2026-02-15T16:03:23.000Z,Rainbet,0x307576dd4f73f91bb8c4a2edb762938e8e067d31,0.009995,ETH,27.99
2026-02-15,16:03:47,2026-02-15T16:03:47.000Z,Rainbet,0x307576dd4f73f91bb8c4a2edb762938e8e067d31,0.020826,ETH,58.31
2026-02-15,16:03:47,2026-02-15T16:03:47.000Z,Rainbet,0x307576dd4f73f91bb8c4a2edb762938e8e067d31,0.011665,ETH,32.66
2026-02-15,16:06:11,2026-02-15T16:06:11.000Z,Rollbit,0xcbd6832ebc203e49e2b771897067fce3c58575ac,0.083585,ETH,234.04
2026-02-15,16:06:11,2026-02-15T16:06:11.000Z,Roobet,0xc94ebb328ac25b95db0e0aa968371885fa516215,26.422752,ETH,73983.71
2026-02-15,16:06:11,2026-02-15T16:06:11.000Z,Rainbet,0x307576dd4f73f91bb8c4a2edb762938e8e067d31,0.074713,ETH,209.20
2026-02-15,16:06:11,2026-02-15T16:06:11.000Z,Rainbet,0x307576dd4f73f91bb8c4a2edb762938e8e067d31,0.023260,ETH,65.13
2026-02-15,16:06:11,2026-02-15T16:06:11.000Z,Rainbet,0x307576dd4f73f91bb8c4a2edb762938e8e067d31,0.009995,ETH,27.99
2026-02-15,16:06:23,2026-02-15T16:06:23.000Z,Rainbet,0x307576dd4f73f91bb8c4a2edb762938e8e067d31,0.009996,ETH,27.99
2026-02-15,16:06:23,2026-02-15T16:06:23.000Z,Rainbet,0x307576dd4f73f91bb8c4a2edb762938e8e067d31,0.022029,ETH,61.68
2026-02-15,16:06:23,2026-02-15T16:06:23.000Z,Rainbet,0x307576dd4f73f91bb8c4a2edb762938e8e067d31,0.009996,ETH,27.99
2026-02-15,16:06:23,2026-02-15T16:06:23.000Z,Rainbet,0x307576dd4f73f91bb8c4a2edb762938e8e067d31,0.499999,ETH,1400.00
2026-02-15,16:07:11,2026-02-15T16:07:11.000Z,Rollbit,0xcbd6832ebc203e49e2b771897067fce3c58575ac,0.654701,ETH,1833.16
2026-02-15,16:07:11,2026-02-15T16:07:11.000Z,Rollbit,0xcbd6832ebc203e49e2b771897067fce3c58575ac,0.016733,ETH,46.85
2026-02-15,16:08:35,2026-02-15T16:08:35.000Z,Rainbet,0x307576dd4f73f91bb8c4a2edb762938e8e067d31,0.026299,ETH,73.64
2026-02-15,16:08:35,2026-02-15T16:08:35.000Z,Rainbet,0x307576dd4f73f91bb8c4a2edb762938e8e067d31,0.009995,ETH,27.98
2026-02-15,16:09:47,2026-02-15T16:09:47.000Z,Rainbet,0x307576dd4f73f91bb8c4a2edb762938e8e067d31,0.192293,ETH,538.42
2026-02-15,16:09:47,2026-02-15T16:09:47.000Z,Rainbet,0x307576dd4f73f91bb8c4a2edb762938e8e067d31,0.024799,ETH,69.44
2026-02-15,16:10:47,2026-02-15T16:10:47.000Z,Rollbit,0xcbd6832ebc203e49e2b771897067fce3c58575ac,0.179999,ETH,504.00
2026-02-15,16:12:11,2026-02-15T16:12:11.000Z,Rainbet,0x307576dd4f73f91bb8c4a2edb762938e8e067d31,0.014251,ETH,39.90
2026-02-15,16:12:11,2026-02-15T16:12:11.000Z,Rainbet,0x307576dd4f73f91bb8c4a2edb762938e8e067d31,0.060000,ETH,168.00
2026-02-15,16:12:11,2026-02-15T16:12:11.000Z,Rainbet,0x307576dd4f73f91bb8c4a2edb762938e8e067d31,0.008968,ETH,25.11
2026-02-15,16:12:11,2026-02-15T16:12:11.000Z,Rainbet,0x307576dd4f73f91bb8c4a2edb762938e8e067d31,0.009999,ETH,28.00
2026-02-15,16:12:23,2026-02-15T16:12:23.000Z,Rainbet,0x307576dd4f73f91bb8c4a2edb762938e8e067d31,0.010169,ETH,28.47
2026-02-15,16:12:23,2026-02-15T16:12:23.000Z,Rainbet,0x307576dd4f73f91bb8c4a2edb762938e8e067d31,0.032881,ETH,92.07
2026-02-15,16:12:23,2026-02-15T16:12:23.000Z,Rainbet,0x307576dd4f73f91bb8c4a2edb762938e8e067d31,0.041897,ETH,117.31
2026-02-15,16:12:23,2026-02-15T16:12:23.000Z,Rainbet,0x307576dd4f73f91bb8c4a2edb762938e8e067d31,0.032459,ETH,90.89
2026-02-15,16:12:35,2026-02-15T16:12:35.000Z,Rollbit,0xcbd6832ebc203e49e2b771897067fce3c58575ac,0.016257,ETH,45.52
2026-02-15,16:13:23,2026-02-15T16:13:23.000Z,Rollbit,0xcbd6832ebc203e49e2b771897067fce3c58575ac,0.019894,ETH,55.70
2026-02-15,16:13:47,2026-02-15T16:13:47.000Z,Rollbit,0xcbd6832ebc203e49e2b771897067fce3c58575ac,0.499871,ETH,1399.64
2026-02-15,16:13:47,2026-02-15T16:13:47.000Z,Rainbet,0x307576dd4f73f91bb8c4a2edb762938e8e067d31,0.035092,ETH,98.26
2026-02-15,16:13:47,2026-02-15T16:13:47.000Z,Rainbet,0x307576dd4f73f91bb8c4a2edb762938e8e067d31,0.045724,ETH,128.03
2026-02-15,16:13:47,2026-02-15T16:13:47.000Z,Rainbet,0x307576dd4f73f91bb8c4a2edb762938e8e067d31,0.012381,ETH,34.67
2026-02-15,16:13:47,2026-02-15T16:13:47.000Z,Rainbet,0x307576dd4f73f91bb8c4a2edb762938e8e067d31,0.014459,ETH,40.49
2026-02-15,16:13:47,2026-02-15T16:13:47.000Z,Rainbet,0x307576dd4f73f91bb8c4a2edb762938e8e067d31,0.011721,ETH,32.82
2026-02-15,16:13:47,2026-02-15T16:13:47.000Z,Rainbet,0x307576dd4f73f91bb8c4a2edb762938e8e067d31,0.023696,ETH,66.35
2026-02-15,16:13:59,2026-02-15T16:13:59.000Z,Rainbet,0x307576dd4f73f91bb8c4a2edb762938e8e067d31,0.040986,ETH,114.76
2026-02-15,16:14:47,2026-02-15T16:14:47.000Z,Rainbet,0x307576dd4f73f91bb8c4a2edb762938e8e067d31,0.012119,ETH,33.93
2026-02-15,16:15:11,2026-02-15T16:15:11.000Z,Rollbit,0xcbd6832ebc203e49e2b771897067fce3c58575ac,0.036115,ETH,101.12
2026-02-15,16:15:35,2026-02-15T16:15:35.000Z,Rollbit,0xcbd6832ebc203e49e2b771897067fce3c58575ac,0.017407,ETH,48.74
2026-02-15,16:15:35,2026-02-15T16:15:35.000Z,Rollbit,0xcbd6832ebc203e49e2b771897067fce3c58575ac,0.012168,ETH,34.07
2026-02-15,16:15:59,2026-02-15T16:15:59.000Z,Stake 11,0x787b8840100d9baadd7463f4a73b5ba73b00c6ca,0.012240,ETH,34.27
2026-02-15,16:15:59,2026-02-15T16:15:59.000Z,Stake 11,0x787b8840100d9baadd7463f4a73b5ba73b00c6ca,0.046297,ETH,129.63
2026-02-15,16:17:23,2026-02-15T16:17:23.000Z,Rollbit,0xcbd6832ebc203e49e2b771897067fce3c58575ac,0.031064,ETH,86.98
2026-02-15,16:17:47,2026-02-15T16:17:47.000Z,Stake 11,0x787b8840100d9baadd7463f4a73b5ba73b00c6ca,0.009560,ETH,26.77
2026-02-15,16:17:47,2026-02-15T16:17:47.000Z,Stake 11,0x787b8840100d9baadd7463f4a73b5ba73b00c6ca,0.091577,ETH,256.42
2026-02-15,16:18:35,2026-02-15T16:18:35.000Z,Rollbit,0xcbd6832ebc203e49e2b771897067fce3c58575ac,0.000172,ETH,0.48
2026-02-15,16:18:47,2026-02-15T16:18:47.000Z,Rollbit,0xcbd6832ebc203e49e2b771897067fce3c58575ac,0.176807,ETH,495.06
2026-02-15,16:19:35,2026-02-15T16:19:35.000Z,Rollbit,0xcbd6832ebc203e49e2b771897067fce3c58575ac,0.236176,ETH,661.29
2026-02-15,16:19:47,2026-02-15T16:19:47.000Z,Stake 11,0x787b8840100d9baadd7463f4a73b5ba73b00c6ca,0.022488,ETH,62.97
2026-02-15,16:21:35,2026-02-15T16:21:35.000Z,Stake 11,0x787b8840100d9baadd7463f4a73b5ba73b00c6ca,0.050003,ETH,140.01
2026-02-15,16:23:47,2026-02-15T16:23:47.000Z,Stake 11,0x787b8840100d9baadd7463f4a73b5ba73b00c6ca,0.209115,ETH,585.52
2026-02-15,16:24:35,2026-02-15T16:24:35.000Z,Stake 11,0x787b8840100d9baadd7463f4a73b5ba73b00c6ca,0.019131,ETH,53.57
2026-02-15,16:25:23,2026-02-15T16:25:23.000Z,Stake 11,0x787b8840100d9baadd7463f4a73b5ba73b00c6ca,0.001931,ETH,5.41
2026-02-15,16:25:23,2026-02-15T16:25:23.000Z,Stake 11,0x787b8840100d9baadd7463f4a73b5ba73b00c6ca,0.374862,ETH,1049.61
2026-02-15,16:26:11,2026-02-15T16:26:11.000Z,Rollbit,0xcbd6832ebc203e49e2b771897067fce3c58575ac,0.000172,ETH,0.48
2026-02-15,16:26:35,2026-02-15T16:26:35.000Z,Stake 11,0x787b8840100d9baadd7463f4a73b5ba73b00c6ca,0.007537,ETH,21.10
2026-02-15,16:26:35,2026-02-15T16:26:35.000Z,Stake 11,0x787b8840100d9baadd7463f4a73b5ba73b00c6ca,0.194718,ETH,545.21
2026-02-15,16:26:35,2026-02-15T16:26:35.000Z,Stake 11,0x787b8840100d9baadd7463f4a73b5ba73b00c6ca,0.001894,ETH,5.30
2026-02-15,16:26:35,2026-02-15T16:26:35.000Z,Stake 11,0x787b8840100d9baadd7463f4a73b5ba73b00c6ca,0.195679,ETH,547.90
2026-02-15,16:26:35,2026-02-15T16:26:35.000Z,Rollbit,0xcbd6832ebc203e49e2b771897067fce3c58575ac,0.161699,ETH,452.76
2026-02-15,16:26:47,2026-02-15T16:26:47.000Z,Rollbit,0xcbd6832ebc203e49e2b771897067fce3c58575ac,0.424134,ETH,1187.57
2026-02-15,16:26:47,2026-02-15T16:26:47.000Z,Roobet,0xc94ebb328ac25b95db0e0aa968371885fa516215,24.167455,ETH,67668.87
2026-02-15,16:28:59,2026-02-15T16:28:59.000Z,Stake 11,0x787b8840100d9baadd7463f4a73b5ba73b00c6ca,0.011325,ETH,31.71
2026-02-15,16:28:59,2026-02-15T16:28:59.000Z,Stake 11,0x787b8840100d9baadd7463f4a73b5ba73b00c6ca,0.071122,ETH,199.14
2026-02-15,16:28:59,2026-02-15T16:28:59.000Z,Rollbit,0xcbd6832ebc203e49e2b771897067fce3c58575ac,0.499400,ETH,1398.32
2026-02-15,16:30:23,2026-02-15T16:30:23.000Z,Rollbit,0xcbd6832ebc203e49e2b771897067fce3c58575ac,0.770999,ETH,2158.80
2026-02-15,16:30:23,2026-02-15T16:30:23.000Z,Bitcasino,0x5bcbdfb6cc624b959c39a2d16110d1f2d9204f72,0.101036,ETH,282.90
2026-02-15,16:31:11,2026-02-15T16:31:11.000Z,Stake 11,0x787b8840100d9baadd7463f4a73b5ba73b00c6ca,0.160778,ETH,450.18
2026-02-15,16:31:23,2026-02-15T16:31:23.000Z,Bitcasino,0x5bcbdfb6cc624b959c39a2d16110d1f2d9204f72,0.057665,ETH,161.46
2026-02-15,16:33:11,2026-02-15T16:33:11.000Z,Stake 11,0x787b8840100d9baadd7463f4a73b5ba73b00c6ca,0.288080,ETH,806.62
2026-02-15,16:33:11,2026-02-15T16:33:11.000Z,Stake 11,0x787b8840100d9baadd7463f4a73b5ba73b00c6ca,0.098384,ETH,275.48
2026-02-15,16:33:11,2026-02-15T16:33:11.000Z,Rollbit,0xcbd6832ebc203e49e2b771897067fce3c58575ac,0.020999,ETH,58.80
2026-02-15,16:33:23,2026-02-15T16:33:23.000Z,Rollbit,0xcbd6832ebc203e49e2b771897067fce3c58575ac,0.000171,ETH,0.48
2026-02-15,16:34:47,2026-02-15T16:34:47.000Z,Rollbit,0xcbd6832ebc203e49e2b771897067fce3c58575ac,0.033319,ETH,93.29
2026-02-15,16:36:59,2026-02-15T16:36:59.000Z,Rollbit,0xcbd6832ebc203e49e2b771897067fce3c58575ac,0.014999,ETH,42.00
2026-02-15,16:37:59,2026-02-15T16:37:59.000Z,Rollbit,0xcbd6832ebc203e49e2b771897067fce3c58575ac,0.014140,ETH,39.59
2026-02-15,16:40:35,2026-02-15T16:40:35.000Z,Stake 11,0x787b8840100d9baadd7463f4a73b5ba73b00c6ca,0.068074,ETH,190.61
2026-02-15,16:41:35,2026-02-15T16:41:35.000Z,Stake 11,0x787b8840100d9baadd7463f4a73b5ba73b00c6ca,0.008368,ETH,23.43
2026-02-15,16:41:59,2026-02-15T16:41:59.000Z,Stake 11,0x787b8840100d9baadd7463f4a73b5ba73b00c6ca,0.047815,ETH,133.88
2026-02-15,16:42:11,2026-02-15T16:42:11.000Z,Rollbit,0xcbd6832ebc203e49e2b771897067fce3c58575ac,0.000191,ETH,0.53
2026-02-15,16:42:47,2026-02-15T16:42:47.000Z,Stake 11,0x787b8840100d9baadd7463f4a73b5ba73b00c6ca,0.045698,ETH,127.96
2026-02-15,16:42:47,2026-02-15T16:42:47.000Z,Rollbit,0xcbd6832ebc203e49e2b771897067fce3c58575ac,0.049930,ETH,139.80
2026-02-15,16:42:47,2026-02-15T16:42:47.000Z,Rollbit,0xcbd6832ebc203e49e2b771897067fce3c58575ac,0.259074,ETH,725.41
2026-02-15,16:43:47,2026-02-15T16:43:47.000Z,Stake 11,0x787b8840100d9baadd7463f4a73b5ba73b00c6ca,0.000076,ETH,0.21
2026-02-15,16:43:47,2026-02-15T16:43:47.000Z,Stake 11,0x787b8840100d9baadd7463f4a73b5ba73b00c6ca,0.000076,ETH,0.21
2026-02-15,16:43:47,2026-02-15T16:43:47.000Z,Stake 11,0x787b8840100d9baadd7463f4a73b5ba73b00c6ca,0.000076,ETH,0.21
2026-02-15,16:43:47,2026-02-15T16:43:47.000Z,Stake 11,0x787b8840100d9baadd7463f4a73b5ba73b00c6ca,0.000076,ETH,0.21
2026-02-15,16:43:47,2026-02-15T16:43:47.000Z,Stake 11,0x787b8840100d9baadd7463f4a73b5ba73b00c6ca,0.000076,ETH,0.21
2026-02-15,16:43:47,2026-02-15T16:43:47.000Z,Stake 11,0x787b8840100d9baadd7463f4a73b5ba73b00c6ca,0.000076,ETH,0.21
2026-02-15,16:43:47,2026-02-15T16:43:47.000Z,Stake 11,0x787b8840100d9baadd7463f4a73b5ba73b00c6ca,0.033911,ETH,94.95
2026-02-15,16:43:47,2026-02-15T16:43:47.000Z,Rollbit,0xcbd6832ebc203e49e2b771897067fce3c58575ac,0.011459,ETH,32.09
2026-02-15,16:44:11,2026-02-15T16:44:11.000Z,Stake 11,0x787b8840100d9baadd7463f4a73b5ba73b00c6ca,0.004514,ETH,12.64
2026-02-15,16:44:11,2026-02-15T16:44:11.000Z,Stake 11,0x787b8840100d9baadd7463f4a73b5ba73b00c6ca,0.096224,ETH,269.43
2026-02-15,16:44:23,2026-02-15T16:44:23.000Z,Rollbit,0xcbd6832ebc203e49e2b771897067fce3c58575ac,0.000427,ETH,1.20
2026-02-15,16:46:59,2026-02-15T16:46:59.000Z,Stake 11,0x787b8840100d9baadd7463f4a73b5ba73b00c6ca,0.071002,ETH,198.81
2026-02-15,16:46:59,2026-02-15T16:46:59.000Z,Stake 11,0x787b8840100d9baadd7463f4a73b5ba73b00c6ca,0.637147,ETH,1784.01
2026-02-15,16:48:11,2026-02-15T16:48:11.000Z,Rollbit,0xcbd6832ebc203e49e2b771897067fce3c58575ac,0.000174,ETH,0.49
2026-02-15,16:48:23,2026-02-15T16:48:23.000Z,Rollbit,0xcbd6832ebc203e49e2b771897067fce3c58575ac,0.999655,ETH,2799.04
2026-02-15,16:49:11,2026-02-15T16:49:11.000Z,Rollbit,0xcbd6832ebc203e49e2b771897067fce3c58575ac,0.015710,ETH,43.99
2026-02-15,16:51:23,2026-02-15T16:51:23.000Z,Rollbit,0xcbd6832ebc203e49e2b771897067fce3c58575ac,0.000166,ETH,0.46
2026-02-15,16:51:23,2026-02-15T16:51:23.000Z,Rollbit,0xcbd6832ebc203e49e2b771897067fce3c58575ac,0.012849,ETH,35.98
2026-02-15,16:52:23,2026-02-15T16:52:23.000Z,Rollbit,0xcbd6832ebc203e49e2b771897067fce3c58575ac,0.000184,ETH,0.51
2026-02-15,16:56:11,2026-02-15T16:56:11.000Z,Rollbit,0xcbd6832ebc203e49e2b771897067fce3c58575ac,0.000220,ETH,0.62
2026-02-15,16:56:47,2026-02-15T16:56:47.000Z,Rollbit,0xcbd6832ebc203e49e2b771897067fce3c58575ac,0.031032,ETH,86.89
2026-02-15,16:56:59,2026-02-15T16:56:59.000Z,Roobet,0xc94ebb328ac25b95db0e0aa968371885fa516215,23.671118,ETH,66279.13
2026-02-15,16:57:11,2026-02-15T16:57:11.000Z,Stake 11,0x787b8840100d9baadd7463f4a73b5ba73b00c6ca,0.000066,ETH,0.19
2026-02-15,16:57:11,2026-02-15T16:57:11.000Z,Stake 11,0x787b8840100d9baadd7463f4a73b5ba73b00c6ca,0.000066,ETH,0.19
2026-02-15,16:57:11,2026-02-15T16:57:11.000Z,Stake 11,0x787b8840100d9baadd7463f4a73b5ba73b00c6ca,0.009576,ETH,26.81
2026-02-15,16:57:11,2026-02-15T16:57:11.000Z,Stake 11,0x787b8840100d9baadd7463f4a73b5ba73b00c6ca,0.000066,ETH,0.18
2026-02-15,16:57:11,2026-02-15T16:57:11.000Z,Stake 11,0x787b8840100d9baadd7463f4a73b5ba73b00c6ca,0.000066,ETH,0.18
2026-02-15,16:57:11,2026-02-15T16:57:11.000Z,Stake 11,0x787b8840100d9baadd7463f4a73b5ba73b00c6ca,0.000066,ETH,0.18
2026-02-15,16:57:11,2026-02-15T16:57:11.000Z,Stake 11,0x787b8840100d9baadd7463f4a73b5ba73b00c6ca,0.000066,ETH,0.18
2026-02-15,16:57:11,2026-02-15T16:57:11.000Z,Stake 11,0x787b8840100d9baadd7463f4a73b5ba73b00c6ca,0.000066,ETH,0.18
2026-02-15,16:57:11,2026-02-15T16:57:11.000Z,Stake 11,0x787b8840100d9baadd7463f4a73b5ba73b00c6ca,0.000066,ETH,0.18
2026-02-15,16:57:11,2026-02-15T16:57:11.000Z,Stake 11,0x787b8840100d9baadd7463f4a73b5ba73b00c6ca,0.000066,ETH,0.18
2026-02-15,16:57:11,2026-02-15T16:57:11.000Z,Stake 11,0x787b8840100d9baadd7463f4a73b5ba73b00c6ca,0.000066,ETH,0.18
2026-02-15,16:57:11,2026-02-15T16:57:11.000Z,Stake 11,0x787b8840100d9baadd7463f4a73b5ba73b00c6ca,0.000071,ETH,0.20
2026-02-15,16:57:11,2026-02-15T16:57:11.000Z,Stake 11,0x787b8840100d9baadd7463f4a73b5ba73b00c6ca,0.000071,ETH,0.20
2026-02-15,16:57:47,2026-02-15T16:57:47.000Z,Stake 11,0x787b8840100d9baadd7463f4a73b5ba73b00c6ca,0.000071,ETH,0.20
2026-02-15,16:57:47,2026-02-15T16:57:47.000Z,Stake 11,0x787b8840100d9baadd7463f4a73b5ba73b00c6ca,0.000071,ETH,0.20
2026-02-15,16:57:47,2026-02-15T16:57:47.000Z,Stake 11,0x787b8840100d9baadd7463f4a73b5ba73b00c6ca,0.000071,ETH,0.20
2026-02-15,16:57:47,2026-02-15T16:57:47.000Z,Stake 11,0x787b8840100d9baadd7463f4a73b5ba73b00c6ca,0.000071,ETH,0.20
2026-02-15,16:57:47,2026-02-15T16:57:47.000Z,Stake 11,0x787b8840100d9baadd7463f4a73b5ba73b00c6ca,0.047829,ETH,133.92
2026-02-15,16:57:47,2026-02-15T16:57:47.000Z,Stake 11,0x787b8840100d9baadd7463f4a73b5ba73b00c6ca,0.018012,ETH,50.43
2026-02-15,16:57:47,2026-02-15T16:57:47.000Z,Stake 11,0x787b8840100d9baadd7463f4a73b5ba73b00c6ca,0.000064,ETH,0.18
2026-02-15,16:57:47,2026-02-15T16:57:47.000Z,Stake 11,0x787b8840100d9baadd7463f4a73b5ba73b00c6ca,0.000064,ETH,0.18
2026-02-15,16:57:47,2026-02-15T16:57:47.000Z,Stake 11,0x787b8840100d9baadd7463f4a73b5ba73b00c6ca,0.022715,ETH,63.60
2026-02-15,16:57:47,2026-02-15T16:57:47.000Z,Stake 11,0x787b8840100d9baadd7463f4a73b5ba73b00c6ca,0.096283,ETH,269.59
2026-02-15,16:57:59,2026-02-15T16:57:59.000Z,Stake 11,0x787b8840100d9baadd7463f4a73b5ba73b00c6ca,0.000066,ETH,0.19
2026-02-15,16:57:59,2026-02-15T16:57:59.000Z,Stake 11,0x787b8840100d9baadd7463f4a73b5ba73b00c6ca,0.000066,ETH,0.19
2026-02-15,16:58:23,2026-02-15T16:58:23.000Z,Rollbit,0xcbd6832ebc203e49e2b771897067fce3c58575ac,0.026377,ETH,73.86
2026-02-15,16:58:59,2026-02-15T16:58:59.000Z,Rollbit,0xcbd6832ebc203e49e2b771897067fce3c58575ac,0.011453,ETH,32.07
2026-02-15,16:59:11,2026-02-15T16:59:11.000Z,Stake 11,0x787b8840100d9baadd7463f4a73b5ba73b00c6ca,0.028287,ETH,79.20
2026-02-15,16:59:11,2026-02-15T16:59:11.000Z,Stake 11,0x787b8840100d9baadd7463f4a73b5ba73b00c6ca,0.039563,ETH,110.78
2026-02-15,16:59:11,2026-02-15T16:59:11.000Z,Stake 11,0x787b8840100d9baadd7463f4a73b5ba73b00c6ca,0.038612,ETH,108.11
2026-02-15,16:59:47,2026-02-15T16:59:47.000Z,Rollbit,0xcbd6832ebc203e49e2b771897067fce3c58575ac,0.049359,ETH,138.21
2026-02-15,17:00:11,2026-02-15T17:00:11.000Z,Stake 11,0x787b8840100d9baadd7463f4a73b5ba73b00c6ca,0.000069,ETH,0.19
2026-02-15,17:00:11,2026-02-15T17:00:11.000Z,Stake 11,0x787b8840100d9baadd7463f4a73b5ba73b00c6ca,0.021614,ETH,60.52
2026-02-15,17:00:11,2026-02-15T17:00:11.000Z,Stake 11,0x787b8840100d9baadd7463f4a73b5ba73b00c6ca,0.204534,ETH,572.70
2026-02-15,17:00:11,2026-02-15T17:00:11.000Z,Stake 11,0x787b8840100d9baadd7463f4a73b5ba73b00c6ca,0.009985,ETH,27.96
2026-02-15,17:00:59,2026-02-15T17:00:59.000Z,Rollbit,0xcbd6832ebc203e49e2b771897067fce3c58575ac,0.000220,ETH,0.62
2026-02-15,17:01:59,2026-02-15T17:01:59.000Z,Rollbit,0xcbd6832ebc203e49e2b771897067fce3c58575ac,0.004665,ETH,13.06
2026-02-15,17:02:23,2026-02-15T17:02:23.000Z,Bitcasino,0x5bcbdfb6cc624b959c39a2d16110d1f2d9204f72,0.999999,ETH,2800.00
2026-02-15,17:02:59,2026-02-15T17:02:59.000Z,Bitcasino,0x5bcbdfb6cc624b959c39a2d16110d1f2d9204f72,0.129621,ETH,362.94
2026-02-15,17:05:11,2026-02-15T17:05:11.000Z,Rollbit,0xcbd6832ebc203e49e2b771897067fce3c58575ac,0.013361,ETH,37.41
2026-02-15,17:06:23,2026-02-15T17:06:23.000Z,Rollbit,0xcbd6832ebc203e49e2b771897067fce3c58575ac,0.000222,ETH,0.62
2026-02-15,17:07:11,2026-02-15T17:07:11.000Z,Stake 11,0x787b8840100d9baadd7463f4a73b5ba73b00c6ca,0.023909,ETH,66.95
2026-02-15,17:07:11,2026-02-15T17:07:11.000Z,Stake 11,0x787b8840100d9baadd7463f4a73b5ba73b00c6ca,0.069702,ETH,195.17
2026-02-15,17:07:11,2026-02-15T17:07:11.000Z,Stake 11,0x787b8840100d9baadd7463f4a73b5ba73b00c6ca,0.041985,ETH,117.56
2026-02-15,17:07:11,2026-02-15T17:07:11.000Z,Stake 11,0x787b8840100d9baadd7463f4a73b5ba73b00c6ca,0.153789,ETH,430.61
2026-02-15,17:07:11,2026-02-15T17:07:11.000Z,Stake 11,0x787b8840100d9baadd7463f4a73b5ba73b00c6ca,0.076193,ETH,213.34
2026-02-15,17:07:11,2026-02-15T17:07:11.000Z,Stake 11,0x787b8840100d9baadd7463f4a73b5ba73b00c6ca,0.022698,ETH,63.55
2026-02-15,17:07:11,2026-02-15T17:07:11.000Z,Stake 11,0x787b8840100d9baadd7463f4a73b5ba73b00c6ca,0.031344,ETH,87.76
2026-02-15,17:07:11,2026-02-15T17:07:11.000Z,Roobet,0xc94ebb328ac25b95db0e0aa968371885fa516215,145.145586,ETH,406407.64
2026-02-15,17:07:59,2026-02-15T17:07:59.000Z,Stake 11,0x787b8840100d9baadd7463f4a73b5ba73b00c6ca,0.035528,ETH,99.48
2026-02-15,17:07:59,2026-02-15T17:07:59.000Z,Stake 11,0x787b8840100d9baadd7463f4a73b5ba73b00c6ca,0.009055,ETH,25.35
2026-02-15,17:07:59,2026-02-15T17:07:59.000Z,Stake 11,0x787b8840100d9baadd7463f4a73b5ba73b00c6ca,0.058999,ETH,165.20
2026-02-15,17:08:35,2026-02-15T17:08:35.000Z,Stake 11,0x787b8840100d9baadd7463f4a73b5ba73b00c6ca,0.231793,ETH,649.02
2026-02-15,17:09:35,2026-02-15T17:09:35.000Z,Stake 11,0x787b8840100d9baadd7463f4a73b5ba73b00c6ca,0.040839,ETH,114.35
2026-02-15,17:09:35,2026-02-15T17:09:35.000Z,Stake 11,0x787b8840100d9baadd7463f4a73b5ba73b00c6ca,1.488999,ETH,4169.20
2026-02-15,17:09:35,2026-02-15T17:09:35.000Z,Stake 11,0x787b8840100d9baadd7463f4a73b5ba73b00c6ca,0.014892,ETH,41.70
2026-02-15,17:09:59,2026-02-15T17:09:59.000Z,Rollbit,0xcbd6832ebc203e49e2b771897067fce3c58575ac,0.059163,ETH,165.66
2026-02-15,17:09:59,2026-02-15T17:09:59.000Z,Rollbit,0xcbd6832ebc203e49e2b771897067fce3c58575ac,0.000134,ETH,0.38
2026-02-15,17:09:59,2026-02-15T17:09:59.000Z,Rollbit,0xcbd6832ebc203e49e2b771897067fce3c58575ac,0.029582,ETH,82.83
2026-02-15,17:11:47,2026-02-15T17:11:47.000Z,Rollbit,0xcbd6832ebc203e49e2b771897067fce3c58575ac,0.031018,ETH,86.85
2026-02-15,17:13:35,2026-02-15T17:13:35.000Z,Rollbit,0xcbd6832ebc203e49e2b771897067fce3c58575ac,0.299179,ETH,837.70
2026-02-15,17:13:59,2026-02-15T17:13:59.000Z,Rollbit,0xcbd6832ebc203e49e2b771897067fce3c58575ac,0.008666,ETH,24.27
2026-02-15,17:14:35,2026-02-15T17:14:35.000Z,Rollbit,0xcbd6832ebc203e49e2b771897067fce3c58575ac,0.015581,ETH,43.63
2026-02-15,17:14:47,2026-02-15T17:14:47.000Z,Rollbit,0xcbd6832ebc203e49e2b771897067fce3c58575ac,0.049338,ETH,138.15
2026-02-15,17:16:11,2026-02-15T17:16:11.000Z,Rollbit,0xcbd6832ebc203e49e2b771897067fce3c58575ac,0.001371,ETH,3.84
2026-02-15,17:16:11,2026-02-15T17:16:11.000Z,Rollbit,0xcbd6832ebc203e49e2b771897067fce3c58575ac,0.099723,ETH,279.22
2026-02-15,17:17:11,2026-02-15T17:17:11.000Z,Rollbit,0xcbd6832ebc203e49e2b771897067fce3c58575ac,0.051669,ETH,144.67
2026-02-15,17:17:35,2026-02-15T17:17:35.000Z,Stake 11,0x787b8840100d9baadd7463f4a73b5ba73b00c6ca,0.005262,ETH,14.73
2026-02-15,17:17:35,2026-02-15T17:17:35.000Z,Stake 11,0x787b8840100d9baadd7463f4a73b5ba73b00c6ca,0.022644,ETH,63.40
2026-02-15,17:17:35,2026-02-15T17:17:35.000Z,Stake 11,0x787b8840100d9baadd7463f4a73b5ba73b00c6ca,0.090644,ETH,253.80
2026-02-15,17:17:35,2026-02-15T17:17:35.000Z,Rollbit,0xcbd6832ebc203e49e2b771897067fce3c58575ac,0.092833,ETH,259.93
2026-02-15,17:19:35,2026-02-15T17:19:35.000Z,Stake 11,0x787b8840100d9baadd7463f4a73b5ba73b00c6ca,0.378806,ETH,1060.66
2026-02-15,17:19:59,2026-02-15T17:19:59.000Z,Rollbit,0xcbd6832ebc203e49e2b771897067fce3c58575ac,0.030513,ETH,85.44
2026-02-15,17:20:23,2026-02-15T17:20:23.000Z,Rollbit,0xcbd6832ebc203e49e2b771897067fce3c58575ac,0.000230,ETH,0.65
2026-02-15,17:21:59,2026-02-15T17:21:59.000Z,Stake 11,0x787b8840100d9baadd7463f4a73b5ba73b00c6ca,0.433729,ETH,1214.44
2026-02-15,17:24:23,2026-02-15T17:24:23.000Z,Rollbit,0xcbd6832ebc203e49e2b771897067fce3c58575ac,0.202535,ETH,567.10
2026-02-15,17:24:23,2026-02-15T17:24:23.000Z,Rollbit,0xcbd6832ebc203e49e2b771897067fce3c58575ac,0.000205,ETH,0.57
2026-02-15,17:24:59,2026-02-15T17:24:59.000Z,Rollbit,0xcbd6832ebc203e49e2b771897067fce3c58575ac,0.000205,ETH,0.57
2026-02-15,17:24:59,2026-02-15T17:24:59.000Z,Rollbit,0xcbd6832ebc203e49e2b771897067fce3c58575ac,0.029648,ETH,83.02
2026-02-15,17:25:11,2026-02-15T17:25:11.000Z,Rollbit,0xcbd6832ebc203e49e2b771897067fce3c58575ac,0.118386,ETH,331.48
2026-02-15,17:25:11,2026-02-15T17:25:11.000Z,Rollbit,0xcbd6832ebc203e49e2b771897067fce3c58575ac,0.004238,ETH,11.87
2026-02-15,17:25:35,2026-02-15T17:25:35.000Z,Rollbit,0xcbd6832ebc203e49e2b771897067fce3c58575ac,0.000206,ETH,0.58
2026-02-15,17:25:47,2026-02-15T17:25:47.000Z,Roobet,0xc94ebb328ac25b95db0e0aa968371885fa516215,0.000000,ETH,0.00
2026-02-15,17:25:47,2026-02-15T17:25:47.000Z,Roobet,0xc94ebb328ac25b95db0e0aa968371885fa516215,0.000001,ETH,0.00
2026-02-15,17:26:23,2026-02-15T17:26:23.000Z,Rollbit,0xcbd6832ebc203e49e2b771897067fce3c58575ac,0.036184,ETH,101.32
2026-02-15,17:26:59,2026-02-15T17:26:59.000Z,Rollbit,0xcbd6832ebc203e49e2b771897067fce3c58575ac,0.057911,ETH,162.15
2026-02-15,17:27:35,2026-02-15T17:27:35.000Z,Rollbit,0xcbd6832ebc203e49e2b771897067fce3c58575ac,0.010240,ETH,28.67
2026-02-15,17:28:47,2026-02-15T17:28:47.000Z,Rollbit,0xcbd6832ebc203e49e2b771897067fce3c58575ac,0.849475,ETH,2378.53
2026-02-15,17:29:11,2026-02-15T17:29:11.000Z,Stake 11,0x787b8840100d9baadd7463f4a73b5ba73b00c6ca,0.005566,ETH,15.59
2026-02-15,17:29:11,2026-02-15T17:29:11.000Z,Stake 11,0x787b8840100d9baadd7463f4a73b5ba73b00c6ca,0.021271,ETH,59.56
2026-02-15,17:29:11,2026-02-15T17:29:11.000Z,Stake 11,0x787b8840100d9baadd7463f4a73b5ba73b00c6ca,0.086138,ETH,241.19
2026-02-15,17:29:11,2026-02-15T17:29:11.000Z,Stake 11,0x787b8840100d9baadd7463f4a73b5ba73b00c6ca,0.167837,ETH,469.94
2026-02-15,17:29:11,2026-02-15T17:29:11.000Z,Stake 11,0x787b8840100d9baadd7463f4a73b5ba73b00c6ca,0.016829,ETH,47.12
2026-02-15,17:30:11,2026-02-15T17:30:11.000Z,Rollbit,0xcbd6832ebc203e49e2b771897067fce3c58575ac,0.012299,ETH,34.44
2026-02-15,17:31:11,2026-02-15T17:31:11.000Z,Rollbit,0xcbd6832ebc203e49e2b771897067fce3c58575ac,0.004089,ETH,11.45
2026-02-15,17:31:35,2026-02-15T17:31:35.000Z,Stake 11,0x787b8840100d9baadd7463f4a73b5ba73b00c6ca,0.403439,ETH,1129.63
2026-02-15,17:31:35,2026-02-15T17:31:35.000Z,Rollbit,0xcbd6832ebc203e49e2b771897067fce3c58575ac,0.284364,ETH,796.22
2026-02-15,17:32:11,2026-02-15T17:32:11.000Z,Rollbit,0xcbd6832ebc203e49e2b771897067fce3c58575ac,0.027672,ETH,77.48
2026-02-15,17:32:59,2026-02-15T17:32:59.000Z,Rollbit,0xcbd6832ebc203e49e2b771897067fce3c58575ac,0.064065,ETH,179.38
2026-02-15,17:33:23,2026-02-15T17:33:23.000Z,Rollbit,0xcbd6832ebc203e49e2b771897067fce3c58575ac,0.010909,ETH,30.55
2026-02-15,17:33:47,2026-02-15T17:33:47.000Z,Rollbit,0xcbd6832ebc203e49e2b771897067fce3c58575ac,0.063191,ETH,176.94
2026-02-15,17:34:47,2026-02-15T17:34:47.000Z,Rollbit,0xcbd6832ebc203e49e2b771897067fce3c58575ac,0.092354,ETH,258.59
2026-02-15,17:34:47,2026-02-15T17:34:47.000Z,Bitcasino,0x5bcbdfb6cc624b959c39a2d16110d1f2d9204f72,0.075015,ETH,210.04
2026-02-15,17:35:11,2026-02-15T17:35:11.000Z,Stake 11,0x787b8840100d9baadd7463f4a73b5ba73b00c6ca,0.011590,ETH,32.45
2026-02-15,17:35:11,2026-02-15T17:35:11.000Z,Stake 11,0x787b8840100d9baadd7463f4a73b5ba73b00c6ca,0.006620,ETH,18.54
2026-02-15,17:35:35,2026-02-15T17:35:35.000Z,Rollbit,0xcbd6832ebc203e49e2b771897067fce3c58575ac,0.016448,ETH,46.05
2026-02-15,17:36:23,2026-02-15T17:36:23.000Z,Stake 11,0x787b8840100d9baadd7463f4a73b5ba73b00c6ca,0.143588,ETH,402.05
2026-02-15,17:37:47,2026-02-15T17:37:47.000Z,Rollbit,0xcbd6832ebc203e49e2b771897067fce3c58575ac,0.135302,ETH,378.85
2026-02-15,17:38:23,2026-02-15T17:38:23.000Z,Rollbit,0xcbd6832ebc203e49e2b771897067fce3c58575ac,0.023045,ETH,64.53
2026-02-15,17:38:35,2026-02-15T17:38:35.000Z,Stake 11,0x787b8840100d9baadd7463f4a73b5ba73b00c6ca,0.016115,ETH,45.12
2026-02-15,17:38:35,2026-02-15T17:38:35.000Z,Stake 11,0x787b8840100d9baadd7463f4a73b5ba73b00c6ca,0.027856,ETH,78.00
2026-02-15,17:38:35,2026-02-15T17:38:35.000Z,Stake 11,0x787b8840100d9baadd7463f4a73b5ba73b00c6ca,0.119240,ETH,333.87
2026-02-15,17:39:47,2026-02-15T17:39:47.000Z,Stake 11,0x787b8840100d9baadd7463f4a73b5ba73b00c6ca,0.049776,ETH,139.37
2026-02-15,17:39:47,2026-02-15T17:39:47.000Z,Stake 11,0x787b8840100d9baadd7463f4a73b5ba73b00c6ca,0.019203,ETH,53.77
2026-02-15,17:39:47,2026-02-15T17:39:47.000Z,Stake 11,0x787b8840100d9baadd7463f4a73b5ba73b00c6ca,0.015045,ETH,42.13
2026-02-15,17:39:47,2026-02-15T17:39:47.000Z,Stake 11,0x787b8840100d9baadd7463f4a73b5ba73b00c6ca,0.009968,ETH,27.91
2026-02-15,17:39:47,2026-02-15T17:39:47.000Z,Stake 11,0x787b8840100d9baadd7463f4a73b5ba73b00c6ca,0.004734,ETH,13.26
2026-02-15,17:40:11,2026-02-15T17:40:11.000Z,Rollbit,0xcbd6832ebc203e49e2b771897067fce3c58575ac,0.000213,ETH,0.60
2026-02-15,17:40:35,2026-02-15T17:40:35.000Z,Stake 11,0x787b8840100d9baadd7463f4a73b5ba73b00c6ca,0.051020,ETH,142.86
2026-02-15,17:40:35,2026-02-15T17:40:35.000Z,Stake 11,0x787b8840100d9baadd7463f4a73b5ba73b00c6ca,0.000731,ETH,2.05
2026-02-15,17:40:35,2026-02-15T17:40:35.000Z,Stake 11,0x787b8840100d9baadd7463f4a73b5ba73b00c6ca,0.003348,ETH,9.38
2026-02-15,17:41:47,2026-02-15T17:41:47.000Z,Stake 11,0x787b8840100d9baadd7463f4a73b5ba73b00c6ca,0.868732,ETH,2432.45
2026-02-15,17:43:59,2026-02-15T17:43:59.000Z,Rollbit,0xcbd6832ebc203e49e2b771897067fce3c58575ac,0.008899,ETH,24.92
2026-02-15,17:47:23,2026-02-15T17:47:23.000Z,Stake 11,0x787b8840100d9baadd7463f4a73b5ba73b00c6ca,0.259897,ETH,727.71
2026-02-15,17:47:23,2026-02-15T17:47:23.000Z,Stake 11,0x787b8840100d9baadd7463f4a73b5ba73b00c6ca,0.036043,ETH,100.92
2026-02-15,17:47:23,2026-02-15T17:47:23.000Z,Stake 11,0x787b8840100d9baadd7463f4a73b5ba73b00c6ca,0.033470,ETH,93.72
2026-02-15,17:47:23,2026-02-15T17:47:23.000Z,Stake 11,0x787b8840100d9baadd7463f4a73b5ba73b00c6ca,0.047905,ETH,134.13
2026-02-15,17:47:23,2026-02-15T17:47:23.000Z,Stake 11,0x787b8840100d9baadd7463f4a73b5ba73b00c6ca,0.044941,ETH,125.83
2026-02-15,17:47:23,2026-02-15T17:47:23.000Z,Stake 11,0x787b8840100d9baadd7463f4a73b5ba73b00c6ca,0.023182,ETH,64.91
2026-02-15,17:49:47,2026-02-15T17:49:47.000Z,Stake 11,0x787b8840100d9baadd7463f4a73b5ba73b00c6ca,0.022723,ETH,63.62
2026-02-15,17:50:35,2026-02-15T17:50:35.000Z,Stake 11,0x787b8840100d9baadd7463f4a73b5ba73b00c6ca,0.016682,ETH,46.71
2026-02-15,17:50:35,2026-02-15T17:50:35.000Z,Stake 11,0x787b8840100d9baadd7463f4a73b5ba73b00c6ca,0.001928,ETH,5.40
2026-02-15,17:50:35,2026-02-15T17:50:35.000Z,Stake 11,0x787b8840100d9baadd7463f4a73b5ba73b00c6ca,0.010552,ETH,29.55
2026-02-15,17:50:35,2026-02-15T17:50:35.000Z,Stake 11,0x787b8840100d9baadd7463f4a73b5ba73b00c6ca,0.000560,ETH,1.57
2026-02-15,17:50:35,2026-02-15T17:50:35.000Z,Stake 11,0x787b8840100d9baadd7463f4a73b5ba73b00c6ca,0.653625,ETH,1830.15
2026-02-15,17:52:23,2026-02-15T17:52:23.000Z,Rollbit,0xcbd6832ebc203e49e2b771897067fce3c58575ac,0.021135,ETH,59.18
2026-02-15,17:53:11,2026-02-15T17:53:11.000Z,Rollbit,0xcbd6832ebc203e49e2b771897067fce3c58575ac,0.046992,ETH,131.58
2026-02-15,17:53:23,2026-02-15T17:53:23.000Z,Rollbit,0xcbd6832ebc203e49e2b771897067fce3c58575ac,0.050252,ETH,140.71
2026-02-15,17:55:59,2026-02-15T17:55:59.000Z,Rollbit,0xcbd6832ebc203e49e2b771897067fce3c58575ac,0.016675,ETH,46.69
2026-02-15,17:57:35,2026-02-15T17:57:35.000Z,Rollbit,0xcbd6832ebc203e49e2b771897067fce3c58575ac,0.000205,ETH,0.58
2026-02-15,17:57:35,2026-02-15T17:57:35.000Z,Roobet,0xc94ebb328ac25b95db0e0aa968371885fa516215,35.962544,ETH,100695.12
2026-02-15,17:58:11,2026-02-15T17:58:11.000Z,Stake 11,0x787b8840100d9baadd7463f4a73b5ba73b00c6ca,0.023356,ETH,65.40
2026-02-15,17:58:11,2026-02-15T17:58:11.000Z,Stake 11,0x787b8840100d9baadd7463f4a73b5ba73b00c6ca,0.020484,ETH,57.35
2026-02-15,17:58:11,2026-02-15T17:58:11.000Z,Stake 11,0x787b8840100d9baadd7463f4a73b5ba73b00c6ca,0.013628,ETH,38.16
2026-02-15,17:58:11,2026-02-15T17:58:11.000Z,Stake 11,0x787b8840100d9baadd7463f4a73b5ba73b00c6ca,0.020597,ETH,57.67
2026-02-15,17:58:11,2026-02-15T17:58:11.000Z,Rollbit,0xcbd6832ebc203e49e2b771897067fce3c58575ac,0.000202,ETH,0.57
2026-02-15,17:58:47,2026-02-15T17:58:47.000Z,Stake 11,0x787b8840100d9baadd7463f4a73b5ba73b00c6ca,0.158212,ETH,442.99
2026-02-15,17:59:35,2026-02-15T17:59:35.000Z,Rollbit,0xcbd6832ebc203e49e2b771897067fce3c58575ac,0.067450,ETH,188.86
2026-02-15,18:01:23,2026-02-15T18:01:23.000Z,Rollbit,0xcbd6832ebc203e49e2b771897067fce3c58575ac,0.041287,ETH,115.60
2026-02-15,18:01:47,2026-02-15T18:01:47.000Z,Stake 11,0x787b8840100d9baadd7463f4a73b5ba73b00c6ca,0.010913,ETH,30.56
2026-02-15,18:01:47,2026-02-15T18:01:47.000Z,Stake 11,0x787b8840100d9baadd7463f4a73b5ba73b00c6ca,0.097046,ETH,271.73
2026-02-15,18:01:47,2026-02-15T18:01:47.000Z,Stake 11,0x787b8840100d9baadd7463f4a73b5ba73b00c6ca,0.313262,ETH,877.13
2026-02-15,18:01:47,2026-02-15T18:01:47.000Z,Stake 11,0x787b8840100d9baadd7463f4a73b5ba73b00c6ca,0.022577,ETH,63.22
2026-02-15,18:01:47,2026-02-15T18:01:47.000Z,Rollbit,0xcbd6832ebc203e49e2b771897067fce3c58575ac,0.028818,ETH,80.69
2026-02-15,18:03:11,2026-02-15T18:03:11.000Z,Rollbit,0xcbd6832ebc203e49e2b771897067fce3c58575ac,0.114449,ETH,320.46
2026-02-15,18:03:47,2026-02-15T18:03:47.000Z,Stake 11,0x787b8840100d9baadd7463f4a73b5ba73b00c6ca,0.014102,ETH,39.49
2026-02-15,18:03:47,2026-02-15T18:03:47.000Z,Rollbit,0xcbd6832ebc203e49e2b771897067fce3c58575ac,0.032657,ETH,91.44
2026-02-15,18:03:47,2026-02-15T18:03:47.000Z,Rollbit,0xcbd6832ebc203e49e2b771897067fce3c58575ac,0.044273,ETH,123.97
2026-02-15,18:03:59,2026-02-15T18:03:59.000Z,Rollbit,0xcbd6832ebc203e49e2b771897067fce3c58575ac,0.137267,ETH,384.35
2026-02-15,18:05:11,2026-02-15T18:05:11.000Z,Rollbit,0xcbd6832ebc203e49e2b771897067fce3c58575ac,0.000191,ETH,0.53
2026-02-15,18:06:35,2026-02-15T18:06:35.000Z,Stake 11,0x787b8840100d9baadd7463f4a73b5ba73b00c6ca,0.978597,ETH,2740.07
2026-02-15,18:06:59,2026-02-15T18:06:59.000Z,Bitcasino,0x5bcbdfb6cc624b959c39a2d16110d1f2d9204f72,0.025448,ETH,71.25
2026-02-15,18:07:59,2026-02-15T18:07:59.000Z,Rollbit,0xcbd6832ebc203e49e2b771897067fce3c58575ac,0.184032,ETH,515.29
2026-02-15,18:07:59,2026-02-15T18:07:59.000Z,Rollbit,0xcbd6832ebc203e49e2b771897067fce3c58575ac,0.001846,ETH,5.17
2026-02-15,18:09:11,2026-02-15T18:09:11.000Z,Rollbit,0xcbd6832ebc203e49e2b771897067fce3c58575ac,0.023980,ETH,67.14
2026-02-15,18:09:11,2026-02-15T18:09:11.000Z,Rollbit,0xcbd6832ebc203e49e2b771897067fce3c58575ac,0.017413,ETH,48.76
2026-02-15,18:09:11,2026-02-15T18:09:11.000Z,Rollbit,0xcbd6832ebc203e49e2b771897067fce3c58575ac,0.124539,ETH,348.71
2026-02-15,18:10:23,2026-02-15T18:10:23.000Z,Rollbit,0xcbd6832ebc203e49e2b771897067fce3c58575ac,0.012357,ETH,34.60
2026-02-15,18:12:47,2026-02-15T18:12:47.000Z,Stake 11,0x787b8840100d9baadd7463f4a73b5ba73b00c6ca,0.922561,ETH,2583.17
2026-02-15,18:14:35,2026-02-15T18:14:35.000Z,Rollbit,0xcbd6832ebc203e49e2b771897067fce3c58575ac,0.072180,ETH,202.10
2026-02-15,18:15:47,2026-02-15T18:15:47.000Z,Rollbit,0xcbd6832ebc203e49e2b771897067fce3c58575ac,0.143207,ETH,400.98
2026-02-15,18:16:11,2026-02-15T18:16:11.000Z,Rollbit,0xcbd6832ebc203e49e2b771897067fce3c58575ac,0.000184,ETH,0.51
2026-02-15,18:17:23,2026-02-15T18:17:23.000Z,Stake 11,0x787b8840100d9baadd7463f4a73b5ba73b00c6ca,0.135214,ETH,378.60
2026-02-15,18:19:35,2026-02-15T18:19:35.000Z,Stake 11,0x787b8840100d9baadd7463f4a73b5ba73b00c6ca,0.009986,ETH,27.96
2026-02-15,18:19:35,2026-02-15T18:19:35.000Z,Stake 11,0x787b8840100d9baadd7463f4a73b5ba73b00c6ca,0.048595,ETH,136.06
2026-02-15,18:19:35,2026-02-15T18:19:35.000Z,Stake 11,0x787b8840100d9baadd7463f4a73b5ba73b00c6ca,0.023216,ETH,65.01
2026-02-15,18:19:35,2026-02-15T18:19:35.000Z,Stake 11,0x787b8840100d9baadd7463f4a73b5ba73b00c6ca,0.050589,ETH,141.65
2026-02-15,18:19:35,2026-02-15T18:19:35.000Z,Stake 11,0x787b8840100d9baadd7463f4a73b5ba73b00c6ca,0.011393,ETH,31.90
2026-02-15,18:19:35,2026-02-15T18:19:35.000Z,Stake 11,0x787b8840100d9baadd7463f4a73b5ba73b00c6ca,0.013622,ETH,38.14
2026-02-15,18:20:35,2026-02-15T18:20:35.000Z,Rollbit,0xcbd6832ebc203e49e2b771897067fce3c58575ac,1.327524,ETH,3717.07
2026-02-15,18:20:35,2026-02-15T18:20:35.000Z,Rollbit,0xcbd6832ebc203e49e2b771897067fce3c58575ac,0.151554,ETH,424.35
2026-02-15,18:20:59,2026-02-15T18:20:59.000Z,Stake 11,0x787b8840100d9baadd7463f4a73b5ba73b00c6ca,0.318516,ETH,891.85
2026-02-15,18:20:59,2026-02-15T18:20:59.000Z,Stake 11,0x787b8840100d9baadd7463f4a73b5ba73b00c6ca,0.020483,ETH,57.35
2026-02-15,18:21:59,2026-02-15T18:21:59.000Z,Rollbit,0xcbd6832ebc203e49e2b771897067fce3c58575ac,0.100730,ETH,282.04
2026-02-15,18:22:47,2026-02-15T18:22:47.000Z,Stake 11,0x787b8840100d9baadd7463f4a73b5ba73b00c6ca,0.000101,ETH,0.28
2026-02-15,18:22:47,2026-02-15T18:22:47.000Z,Stake 11,0x787b8840100d9baadd7463f4a73b5ba73b00c6ca,0.000101,ETH,0.28
2026-02-15,18:22:47,2026-02-15T18:22:47.000Z,Stake 11,0x787b8840100d9baadd7463f4a73b5ba73b00c6ca,0.000101,ETH,0.28
2026-02-15,18:22:47,2026-02-15T18:22:47.000Z,Stake 11,0x787b8840100d9baadd7463f4a73b5ba73b00c6ca,0.035532,ETH,99.49
2026-02-15,18:22:47,2026-02-15T18:22:47.000Z,Stake 11,0x787b8840100d9baadd7463f4a73b5ba73b00c6ca,0.023985,ETH,67.16
2026-02-15,18:22:47,2026-02-15T18:22:47.000Z,Stake 11,0x787b8840100d9baadd7463f4a73b5ba73b00c6ca,0.095959,ETH,268.69
2026-02-15,18:22:47,2026-02-15T18:22:47.000Z,Stake 11,0x787b8840100d9baadd7463f4a73b5ba73b00c6ca,0.050222,ETH,140.62
2026-02-15,18:22:47,2026-02-15T18:22:47.000Z,Stake 11,0x787b8840100d9baadd7463f4a73b5ba73b00c6ca,0.014999,ETH,42.00
2026-02-15,18:22:47,2026-02-15T18:22:47.000Z,Stake 11,0x787b8840100d9baadd7463f4a73b5ba73b00c6ca,0.169999,ETH,476.00
2026-02-15,18:22:47,2026-02-15T18:22:47.000Z,Stake 11,0x787b8840100d9baadd7463f4a73b5ba73b00c6ca,0.045710,ETH,127.99
2026-02-15,18:22:47,2026-02-15T18:22:47.000Z,Stake 11,0x787b8840100d9baadd7463f4a73b5ba73b00c6ca,0.049514,ETH,138.64
2026-02-15,18:22:47,2026-02-15T18:22:47.000Z,Stake 11,0x787b8840100d9baadd7463f4a73b5ba73b00c6ca,0.244505,ETH,684.61
2026-02-15,18:22:47,2026-02-15T18:22:47.000Z,Rollbit,0xcbd6832ebc203e49e2b771897067fce3c58575ac,0.036319,ETH,101.69
2026-02-15,18:23:23,2026-02-15T18:23:23.000Z,Rollbit,0xcbd6832ebc203e49e2b771897067fce3c58575ac,0.188198,ETH,526.95
2026-02-15,18:23:35,2026-02-15T18:23:35.000Z,Rollbit,0xcbd6832ebc203e49e2b771897067fce3c58575ac,0.000825,ETH,2.31
2026-02-15,18:25:11,2026-02-15T18:25:11.000Z,Stake 11,0x787b8840100d9baadd7463f4a73b5ba73b00c6ca,0.000112,ETH,0.31
2026-02-15,18:25:11,2026-02-15T18:25:11.000Z,Stake 11,0x787b8840100d9baadd7463f4a73b5ba73b00c6ca,0.026855,ETH,75.19
2026-02-15,18:25:11,2026-02-15T18:25:11.000Z,Stake 11,0x787b8840100d9baadd7463f4a73b5ba73b00c6ca,0.095616,ETH,267.73
2026-02-15,18:25:11,2026-02-15T18:25:11.000Z,Stake 11,0x787b8840100d9baadd7463f4a73b5ba73b00c6ca,0.000112,ETH,0.31
2026-02-15,18:25:35,2026-02-15T18:25:35.000Z,Rollbit,0xcbd6832ebc203e49e2b771897067fce3c58575ac,0.098591,ETH,276.06
2026-02-15,18:25:47,2026-02-15T18:25:47.000Z,Rollbit,0xcbd6832ebc203e49e2b771897067fce3c58575ac,0.000493,ETH,1.38
2026-02-15,18:26:11,2026-02-15T18:26:11.000Z,Rollbit,0xcbd6832ebc203e49e2b771897067fce3c58575ac,0.249999,ETH,700.00
2026-02-15,18:26:35,2026-02-15T18:26:35.000Z,Rollbit,0xcbd6832ebc203e49e2b771897067fce3c58575ac,0.014658,ETH,41.04
2026-02-15,18:26:47,2026-02-15T18:26:47.000Z,Stake 11,0x787b8840100d9baadd7463f4a73b5ba73b00c6ca,0.000092,ETH,0.26
2026-02-15,18:26:47,2026-02-15T18:26:47.000Z,Stake 11,0x787b8840100d9baadd7463f4a73b5ba73b00c6ca,0.000101,ETH,0.28
2026-02-15,18:26:47,2026-02-15T18:26:47.000Z,Stake 11,0x787b8840100d9baadd7463f4a73b5ba73b00c6ca,0.000101,ETH,0.28
2026-02-15,18:26:47,2026-02-15T18:26:47.000Z,Stake 11,0x787b8840100d9baadd7463f4a73b5ba73b00c6ca,0.000101,ETH,0.28
2026-02-15,18:26:47,2026-02-15T18:26:47.000Z,Stake 11,0x787b8840100d9baadd7463f4a73b5ba73b00c6ca,0.000101,ETH,0.28
2026-02-15,18:26:47,2026-02-15T18:26:47.000Z,Stake 11,0x787b8840100d9baadd7463f4a73b5ba73b00c6ca,0.305658,ETH,855.84
2026-02-15,18:26:47,2026-02-15T18:26:47.000Z,Stake 11,0x787b8840100d9baadd7463f4a73b5ba73b00c6ca,0.000101,ETH,0.28
2026-02-15,18:27:47,2026-02-15T18:27:47.000Z,Rollbit,0xcbd6832ebc203e49e2b771897067fce3c58575ac,0.999999,ETH,2800.00
2026-02-15,18:30:35,2026-02-15T18:30:35.000Z,Rollbit,0xcbd6832ebc203e49e2b771897067fce3c58575ac,0.018209,ETH,50.98
2026-02-15,18:32:23,2026-02-15T18:32:23.000Z,Rollbit,0xcbd6832ebc203e49e2b771897067fce3c58575ac,0.014449,ETH,40.46
2026-02-15,18:35:35,2026-02-15T18:35:35.000Z,Rollbit,0xcbd6832ebc203e49e2b771897067fce3c58575ac,0.095485,ETH,267.36
2026-02-15,18:35:47,2026-02-15T18:35:47.000Z,Rollbit,0xcbd6832ebc203e49e2b771897067fce3c58575ac,0.277450,ETH,776.86
2026-02-15,18:36:11,2026-02-15T18:36:11.000Z,Stake 11,0x787b8840100d9baadd7463f4a73b5ba73b00c6ca,0.008986,ETH,25.16
2026-02-15,18:36:11,2026-02-15T18:36:11.000Z,Stake 11,0x787b8840100d9baadd7463f4a73b5ba73b00c6ca,0.000076,ETH,0.21
2026-02-15,18:36:11,2026-02-15T18:36:11.000Z,Stake 11,0x787b8840100d9baadd7463f4a73b5ba73b00c6ca,0.094980,ETH,265.94
2026-02-15,18:36:11,2026-02-15T18:36:11.000Z,Stake 11,0x787b8840100d9baadd7463f4a73b5ba73b00c6ca,0.009593,ETH,26.86
2026-02-15,18:36:11,2026-02-15T18:36:11.000Z,Stake 11,0x787b8840100d9baadd7463f4a73b5ba73b00c6ca,0.010527,ETH,29.48
2026-02-15,18:36:11,2026-02-15T18:36:11.000Z,Stake 11,0x787b8840100d9baadd7463f4a73b5ba73b00c6ca,0.000109,ETH,0.31
2026-02-15,18:36:11,2026-02-15T18:36:11.000Z,Rollbit,0xcbd6832ebc203e49e2b771897067fce3c58575ac,0.033886,ETH,94.88
2026-02-15,18:36:47,2026-02-15T18:36:47.000Z,Rollbit,0xcbd6832ebc203e49e2b771897067fce3c58575ac,0.009627,ETH,26.95
2026-02-15,18:37:23,2026-02-15T18:37:23.000Z,Stake 11,0x787b8840100d9baadd7463f4a73b5ba73b00c6ca,0.001337,ETH,3.74
2026-02-15,18:37:23,2026-02-15T18:37:23.000Z,Stake 11,0x787b8840100d9baadd7463f4a73b5ba73b00c6ca,0.000104,ETH,0.29
2026-02-15,18:37:23,2026-02-15T18:37:23.000Z,Stake 11,0x787b8840100d9baadd7463f4a73b5ba73b00c6ca,0.004634,ETH,12.98
2026-02-15,18:37:23,2026-02-15T18:37:23.000Z,Stake 11,0x787b8840100d9baadd7463f4a73b5ba73b00c6ca,0.293893,ETH,822.90
2026-02-15,18:37:35,2026-02-15T18:37:35.000Z,Rollbit,0xcbd6832ebc203e49e2b771897067fce3c58575ac,0.000261,ETH,0.73
2026-02-15,18:38:35,2026-02-15T18:38:35.000Z,Stake 11,0x787b8840100d9baadd7463f4a73b5ba73b00c6ca,0.010696,ETH,29.95
2026-02-15,18:38:35,2026-02-15T18:38:35.000Z,Stake 11,0x787b8840100d9baadd7463f4a73b5ba73b00c6ca,0.067144,ETH,188.00
2026-02-15,18:38:35,2026-02-15T18:38:35.000Z,Stake 11,0x787b8840100d9baadd7463f4a73b5ba73b00c6ca,0.009572,ETH,26.80
2026-02-15,18:38:35,2026-02-15T18:38:35.000Z,Rollbit,0xcbd6832ebc203e49e2b771897067fce3c58575ac,0.011059,ETH,30.96
2026-02-15,18:38:35,2026-02-15T18:38:35.000Z,Rollbit,0xcbd6832ebc203e49e2b771897067fce3c58575ac,0.021914,ETH,61.36
2026-02-15,18:38:35,2026-02-15T18:38:35.000Z,Rollbit,0xcbd6832ebc203e49e2b771897067fce3c58575ac,0.045689,ETH,127.93
2026-02-15,18:38:47,2026-02-15T18:38:47.000Z,Rollbit,0xcbd6832ebc203e49e2b771897067fce3c58575ac,0.338630,ETH,948.16
2026-02-15,18:39:23,2026-02-15T18:39:23.000Z,Rollbit,0xcbd6832ebc203e49e2b771897067fce3c58575ac,0.075794,ETH,212.22
2026-02-15,18:39:23,2026-02-15T18:39:23.000Z,Rollbit,0xcbd6832ebc203e49e2b771897067fce3c58575ac,0.000610,ETH,1.71
2026-02-15,18:39:47,2026-02-15T18:39:47.000Z,Stake 11,0x787b8840100d9baadd7463f4a73b5ba73b00c6ca,0.022999,ETH,64.40
2026-02-15,18:39:47,2026-02-15T18:39:47.000Z,Stake 11,0x787b8840100d9baadd7463f4a73b5ba73b00c6ca,0.028701,ETH,80.36
2026-02-15,18:39:47,2026-02-15T18:39:47.000Z,Stake 11,0x787b8840100d9baadd7463f4a73b5ba73b00c6ca,0.005877,ETH,16.46
2026-02-15,18:40:11,2026-02-15T18:40:11.000Z,Rollbit,0xcbd6832ebc203e49e2b771897067fce3c58575ac,0.022999,ETH,64.40
2026-02-15,18:40:47,2026-02-15T18:40:47.000Z,Stake 11,0x787b8840100d9baadd7463f4a73b5ba73b00c6ca,0.095730,ETH,268.04
2026-02-15,18:41:23,2026-02-15T18:41:23.000Z,Rollbit,0xcbd6832ebc203e49e2b771897067fce3c58575ac,2.350632,ETH,6581.77
2026-02-15,18:41:23,2026-02-15T18:41:23.000Z,Rollbit,0xcbd6832ebc203e49e2b771897067fce3c58575ac,0.087927,ETH,246.20
2026-02-15,18:41:23,2026-02-15T18:41:23.000Z,Rollbit,0xcbd6832ebc203e49e2b771897067fce3c58575ac,0.030637,ETH,85.78
2026-02-15,18:41:47,2026-02-15T18:41:47.000Z,Stake 11,0x787b8840100d9baadd7463f4a73b5ba73b00c6ca,0.000067,ETH,0.19
2026-02-15,18:41:47,2026-02-15T18:41:47.000Z,Stake 11,0x787b8840100d9baadd7463f4a73b5ba73b00c6ca,0.128719,ETH,360.41
2026-02-15,18:41:47,2026-02-15T18:41:47.000Z,Stake 11,0x787b8840100d9baadd7463f4a73b5ba73b00c6ca,0.000067,ETH,0.19
2026-02-15,18:41:47,2026-02-15T18:41:47.000Z,Stake 11,0x787b8840100d9baadd7463f4a73b5ba73b00c6ca,0.019295,ETH,54.03
2026-02-15,18:41:47,2026-02-15T18:41:47.000Z,Stake 11,0x787b8840100d9baadd7463f4a73b5ba73b00c6ca,0.000067,ETH,0.19
2026-02-15,18:41:47,2026-02-15T18:41:47.000Z,Stake 11,0x787b8840100d9baadd7463f4a73b5ba73b00c6ca,0.000079,ETH,0.22
2026-02-15,18:41:47,2026-02-15T18:41:47.000Z,Stake 11,0x787b8840100d9baadd7463f4a73b5ba73b00c6ca,0.000079,ETH,0.22
2026-02-15,18:41:47,2026-02-15T18:41:47.000Z,Stake 11,0x787b8840100d9baadd7463f4a73b5ba73b00c6ca,0.000067,ETH,0.19
2026-02-15,18:41:47,2026-02-15T18:41:47.000Z,Stake 11,0x787b8840100d9baadd7463f4a73b5ba73b00c6ca,0.000067,ETH,0.19
2026-02-15,18:41:47,2026-02-15T18:41:47.000Z,Stake 11,0x787b8840100d9baadd7463f4a73b5ba73b00c6ca,0.013589,ETH,38.05
2026-02-15,18:41:47,2026-02-15T18:41:47.000Z,Stake 11,0x787b8840100d9baadd7463f4a73b5ba73b00c6ca,0.000067,ETH,0.19
2026-02-15,18:41:47,2026-02-15T18:41:47.000Z,Stake 11,0x787b8840100d9baadd7463f4a73b5ba73b00c6ca,0.000067,ETH,0.19
2026-02-15,18:41:47,2026-02-15T18:41:47.000Z,Stake 11,0x787b8840100d9baadd7463f4a73b5ba73b00c6ca,0.000134,ETH,0.37
2026-02-15,18:41:47,2026-02-15T18:41:47.000Z,Stake 11,0x787b8840100d9baadd7463f4a73b5ba73b00c6ca,0.000067,ETH,0.19
2026-02-15,18:41:47,2026-02-15T18:41:47.000Z,Stake 11,0x787b8840100d9baadd7463f4a73b5ba73b00c6ca,0.000067,ETH,0.19
2026-02-15,18:41:47,2026-02-15T18:41:47.000Z,Stake 11,0x787b8840100d9baadd7463f4a73b5ba73b00c6ca,0.000067,ETH,0.19
2026-02-15,18:41:47,2026-02-15T18:41:47.000Z,Stake 11,0x787b8840100d9baadd7463f4a73b5ba73b00c6ca,0.000067,ETH,0.19
2026-02-15,18:41:47,2026-02-15T18:41:47.000Z,Stake 11,0x787b8840100d9baadd7463f4a73b5ba73b00c6ca,0.000067,ETH,0.19
2026-02-15,18:41:47,2026-02-15T18:41:47.000Z,Stake 11,0x787b8840100d9baadd7463f4a73b5ba73b00c6ca,0.000067,ETH,0.19
2026-02-15,18:41:47,2026-02-15T18:41:47.000Z,Stake 11,0x787b8840100d9baadd7463f4a73b5ba73b00c6ca,0.000067,ETH,0.19
2026-02-15,18:41:47,2026-02-15T18:41:47.000Z,Stake 11,0x787b8840100d9baadd7463f4a73b5ba73b00c6ca,0.000067,ETH,0.19
2026-02-15,18:41:47,2026-02-15T18:41:47.000Z,Stake 11,0x787b8840100d9baadd7463f4a73b5ba73b00c6ca,0.000067,ETH,0.19
2026-02-15,18:43:11,2026-02-15T18:43:11.000Z,Bitcasino,0x5bcbdfb6cc624b959c39a2d16110d1f2d9204f72,0.052867,ETH,148.03
2026-02-15,18:43:23,2026-02-15T18:43:23.000Z,Rollbit,0xcbd6832ebc203e49e2b771897067fce3c58575ac,0.559999,ETH,1568.00
2026-02-15,18:43:59,2026-02-15T18:43:59.000Z,Rollbit,0xcbd6832ebc203e49e2b771897067fce3c58575ac,0.042726,ETH,119.63
2026-02-15,18:44:35,2026-02-15T18:44:35.000Z,Rollbit,0xcbd6832ebc203e49e2b771897067fce3c58575ac,0.183639,ETH,514.19
2026-02-15,18:44:59,2026-02-15T18:44:59.000Z,Rollbit,0xcbd6832ebc203e49e2b771897067fce3c58575ac,0.000268,ETH,0.75
2026-02-15,18:45:23,2026-02-15T18:45:23.000Z,Stake 11,0x787b8840100d9baadd7463f4a73b5ba73b00c6ca,0.037171,ETH,104.08
2026-02-15,18:45:23,2026-02-15T18:45:23.000Z,Stake 11,0x787b8840100d9baadd7463f4a73b5ba73b00c6ca,0.053207,ETH,148.98
2026-02-15,18:45:35,2026-02-15T18:45:35.000Z,Stake 11,0x787b8840100d9baadd7463f4a73b5ba73b00c6ca,0.000065,ETH,0.18
2026-02-15,18:45:35,2026-02-15T18:45:35.000Z,Stake 11,0x787b8840100d9baadd7463f4a73b5ba73b00c6ca,0.000065,ETH,0.18
2026-02-15,18:45:35,2026-02-15T18:45:35.000Z,Stake 11,0x787b8840100d9baadd7463f4a73b5ba73b00c6ca,0.000065,ETH,0.18
2026-02-15,18:45:35,2026-02-15T18:45:35.000Z,Stake 11,0x787b8840100d9baadd7463f4a73b5ba73b00c6ca,0.000065,ETH,0.18
2026-02-15,18:45:35,2026-02-15T18:45:35.000Z,Stake 11,0x787b8840100d9baadd7463f4a73b5ba73b00c6ca,0.000065,ETH,0.18
2026-02-15,18:45:35,2026-02-15T18:45:35.000Z,Stake 11,0x787b8840100d9baadd7463f4a73b5ba73b00c6ca,0.000065,ETH,0.18
2026-02-15,18:45:35,2026-02-15T18:45:35.000Z,Stake 11,0x787b8840100d9baadd7463f4a73b5ba73b00c6ca,0.000065,ETH,0.18
2026-02-15,18:45:35,2026-02-15T18:45:35.000Z,Stake 11,0x787b8840100d9baadd7463f4a73b5ba73b00c6ca,0.000065,ETH,0.18
2026-02-15,18:45:35,2026-02-15T18:45:35.000Z,Stake 11,0x787b8840100d9baadd7463f4a73b5ba73b00c6ca,0.000065,ETH,0.18
2026-02-15,18:45:35,2026-02-15T18:45:35.000Z,Stake 11,0x787b8840100d9baadd7463f4a73b5ba73b00c6ca,0.038534,ETH,107.90
2026-02-15,18:45:35,2026-02-15T18:45:35.000Z,Stake 11,0x787b8840100d9baadd7463f4a73b5ba73b00c6ca,0.000065,ETH,0.18
2026-02-15,18:45:35,2026-02-15T18:45:35.000Z,Stake 11,0x787b8840100d9baadd7463f4a73b5ba73b00c6ca,0.000065,ETH,0.18
2026-02-15,18:45:35,2026-02-15T18:45:35.000Z,Stake 11,0x787b8840100d9baadd7463f4a73b5ba73b00c6ca,0.000065,ETH,0.18
2026-02-15,18:45:35,2026-02-15T18:45:35.000Z,Stake 11,0x787b8840100d9baadd7463f4a73b5ba73b00c6ca,0.000065,ETH,0.18
2026-02-15,18:45:35,2026-02-15T18:45:35.000Z,Stake 11,0x787b8840100d9baadd7463f4a73b5ba73b00c6ca,0.000065,ETH,0.18
2026-02-15,18:45:35,2026-02-15T18:45:35.000Z,Stake 11,0x787b8840100d9baadd7463f4a73b5ba73b00c6ca,0.000065,ETH,0.18
2026-02-15,18:45:59,2026-02-15T18:45:59.000Z,Rollbit,0xcbd6832ebc203e49e2b771897067fce3c58575ac,0.048504,ETH,135.81
2026-02-15,18:45:59,2026-02-15T18:45:59.000Z,Rollbit,0xcbd6832ebc203e49e2b771897067fce3c58575ac,0.026729,ETH,74.84
2026-02-15,18:46:23,2026-02-15T18:46:23.000Z,Rollbit,0xcbd6832ebc203e49e2b771897067fce3c58575ac,0.079339,ETH,222.15
2026-02-15,18:46:47,2026-02-15T18:46:47.000Z,Stake 11,0x787b8840100d9baadd7463f4a73b5ba73b00c6ca,1.145633,ETH,3207.77
2026-02-15,18:49:23,2026-02-15T18:49:23.000Z,Rollbit,0xcbd6832ebc203e49e2b771897067fce3c58575ac,0.184114,ETH,515.52
2026-02-15,18:49:23,2026-02-15T18:49:23.000Z,Roobet,0xc94ebb328ac25b95db0e0aa968371885fa516215,22.403555,ETH,62729.95
2026-02-15,18:49:59,2026-02-15T18:49:59.000Z,Rollbit,0xcbd6832ebc203e49e2b771897067fce3c58575ac,0.001416,ETH,3.97
2026-02-15,18:50:35,2026-02-15T18:50:35.000Z,Rollbit,0xcbd6832ebc203e49e2b771897067fce3c58575ac,0.666874,ETH,1867.25
2026-02-15,18:50:47,2026-02-15T18:50:47.000Z,Rollbit,0xcbd6832ebc203e49e2b771897067fce3c58575ac,0.000274,ETH,0.77
2026-02-15,18:51:11,2026-02-15T18:51:11.000Z,Rollbit,0xcbd6832ebc203e49e2b771897067fce3c58575ac,0.037389,ETH,104.69
2026-02-15,18:51:47,2026-02-15T18:51:47.000Z,Stake 11,0x787b8840100d9baadd7463f4a73b5ba73b00c6ca,0.266630,ETH,746.56
2026-02-15,18:52:59,2026-02-15T18:52:59.000Z,Rollbit,0xcbd6832ebc203e49e2b771897067fce3c58575ac,0.024679,ETH,69.10
2026-02-15,18:52:59,2026-02-15T18:52:59.000Z,Rollbit,0xcbd6832ebc203e49e2b771897067fce3c58575ac,0.027598,ETH,77.27
2026-02-15,18:54:23,2026-02-15T18:54:23.000Z,Rollbit,0xcbd6832ebc203e49e2b771897067fce3c58575ac,0.024836,ETH,69.54
2026-02-15,18:54:47,2026-02-15T18:54:47.000Z,Stake 11,0x787b8840100d9baadd7463f4a73b5ba73b00c6ca,0.029602,ETH,82.89
2026-02-15,18:54:47,2026-02-15T18:54:47.000Z,Stake 11,0x787b8840100d9baadd7463f4a73b5ba73b00c6ca,0.011312,ETH,31.67
2026-02-15,18:54:47,2026-02-15T18:54:47.000Z,Stake 11,0x787b8840100d9baadd7463f4a73b5ba73b00c6ca,0.241968,ETH,677.51
2026-02-15,18:54:59,2026-02-15T18:54:59.000Z,Rollbit,0xcbd6832ebc203e49e2b771897067fce3c58575ac,0.023999,ETH,67.20
2026-02-15,18:54:59,2026-02-15T18:54:59.000Z,Rollbit,0xcbd6832ebc203e49e2b771897067fce3c58575ac,0.119821,ETH,335.50
2026-02-15,18:56:23,2026-02-15T18:56:23.000Z,Rollbit,0xcbd6832ebc203e49e2b771897067fce3c58575ac,3.254166,ETH,9111.67
2026-02-15,18:56:59,2026-02-15T18:56:59.000Z,Rollbit,0xcbd6832ebc203e49e2b771897067fce3c58575ac,0.000276,ETH,0.77
2026-02-15,18:56:59,2026-02-15T18:56:59.000Z,Rollbit,0xcbd6832ebc203e49e2b771897067fce3c58575ac,0.296909,ETH,831.34
2026-02-15,18:57:23,2026-02-15T18:57:23.000Z,Stake 11,0x787b8840100d9baadd7463f4a73b5ba73b00c6ca,0.112529,ETH,315.08
2026-02-15,18:57:23,2026-02-15T18:57:23.000Z,Stake 11,0x787b8840100d9baadd7463f4a73b5ba73b00c6ca,0.535895,ETH,1500.51
2026-02-15,18:57:23,2026-02-15T18:57:23.000Z,Stake 11,0x787b8840100d9baadd7463f4a73b5ba73b00c6ca,0.009053,ETH,25.35
2026-02-15,18:57:59,2026-02-15T18:57:59.000Z,Roobet,0xc94ebb328ac25b95db0e0aa968371885fa516215,0.000000,ETH,0.00
2026-02-15,18:58:35,2026-02-15T18:58:35.000Z,Rollbit,0xcbd6832ebc203e49e2b771897067fce3c58575ac,0.049149,ETH,137.62
2026-02-15,18:59:11,2026-02-15T18:59:11.000Z,Rollbit,0xcbd6832ebc203e49e2b771897067fce3c58575ac,0.033927,ETH,95.00
2026-02-15,18:59:23,2026-02-15T18:59:23.000Z,Rollbit,0xcbd6832ebc203e49e2b771897067fce3c58575ac,0.030988,ETH,86.77
2026-02-15,19:00:59,2026-02-15T19:00:59.000Z,Rollbit,0xcbd6832ebc203e49e2b771897067fce3c58575ac,0.029240,ETH,81.87
2026-02-15,19:01:11,2026-02-15T19:01:11.000Z,Rollbit,0xcbd6832ebc203e49e2b771897067fce3c58575ac,0.008170,ETH,22.88
2026-02-15,19:02:35,2026-02-15T19:02:35.000Z,Rollbit,0xcbd6832ebc203e49e2b771897067fce3c58575ac,0.028749,ETH,80.50
2026-02-15,19:03:35,2026-02-15T19:03:35.000Z,Rollbit,0xcbd6832ebc203e49e2b771897067fce3c58575ac,0.152206,ETH,426.18
2026-02-15,19:05:35,2026-02-15T19:05:35.000Z,Stake 11,0x787b8840100d9baadd7463f4a73b5ba73b00c6ca,0.016760,ETH,46.93
2026-02-15,19:05:35,2026-02-15T19:05:35.000Z,Stake 11,0x787b8840100d9baadd7463f4a73b5ba73b00c6ca,0.009539,ETH,26.71
2026-02-15,19:05:35,2026-02-15T19:05:35.000Z,Stake 11,0x787b8840100d9baadd7463f4a73b5ba73b00c6ca,0.000077,ETH,0.22
2026-02-15,19:05:35,2026-02-15T19:05:35.000Z,Stake 11,0x787b8840100d9baadd7463f4a73b5ba73b00c6ca,0.115572,ETH,323.60
2026-02-15,19:05:35,2026-02-15T19:05:35.000Z,Stake 11,0x787b8840100d9baadd7463f4a73b5ba73b00c6ca,0.074260,ETH,207.93
2026-02-15,19:05:35,2026-02-15T19:05:35.000Z,Rollbit,0xcbd6832ebc203e49e2b771897067fce3c58575ac,0.000276,ETH,0.77
2026-02-15,19:08:35,2026-02-15T19:08:35.000Z,Stake 11,0x787b8840100d9baadd7463f4a73b5ba73b00c6ca,0.167439,ETH,468.83
2026-02-15,19:10:47,2026-02-15T19:10:47.000Z,Stake 11,0x787b8840100d9baadd7463f4a73b5ba73b00c6ca,0.028266,ETH,79.15
2026-02-15,19:11:35,2026-02-15T19:11:35.000Z,Stake 11,0x787b8840100d9baadd7463f4a73b5ba73b00c6ca,0.000575,ETH,1.61
2026-02-15,19:11:35,2026-02-15T19:11:35.000Z,Stake 11,0x787b8840100d9baadd7463f4a73b5ba73b00c6ca,0.000067,ETH,0.19
2026-02-15,19:11:35,2026-02-15T19:11:35.000Z,Stake 11,0x787b8840100d9baadd7463f4a73b5ba73b00c6ca,0.172505,ETH,483.01
2026-02-15,19:11:35,2026-02-15T19:11:35.000Z,Rollbit,0xcbd6832ebc203e49e2b771897067fce3c58575ac,0.070701,ETH,197.96
2026-02-15,19:12:47,2026-02-15T19:12:47.000Z,Stake 11,0x787b8840100d9baadd7463f4a73b5ba73b00c6ca,0.095678,ETH,267.90
2026-02-15,19:12:47,2026-02-15T19:12:47.000Z,Stake 11,0x787b8840100d9baadd7463f4a73b5ba73b00c6ca,0.046398,ETH,129.91
2026-02-15,19:12:47,2026-02-15T19:12:47.000Z,Rollbit,0xcbd6832ebc203e49e2b771897067fce3c58575ac,0.034700,ETH,97.16
2026-02-15,19:13:35,2026-02-15T19:13:35.000Z,Stake 11,0x787b8840100d9baadd7463f4a73b5ba73b00c6ca,0.680291,ETH,1904.81
2026-02-15,19:13:35,2026-02-15T19:13:35.000Z,Stake 11,0x787b8840100d9baadd7463f4a73b5ba73b00c6ca,0.008925,ETH,24.99
2026-02-15,19:13:35,2026-02-15T19:13:35.000Z,Stake 11,0x787b8840100d9baadd7463f4a73b5ba73b00c6ca,0.000888,ETH,2.49
2026-02-15,19:13:35,2026-02-15T19:13:35.000Z,Rollbit,0xcbd6832ebc203e49e2b771897067fce3c58575ac,0.002412,ETH,6.75
2026-02-15,19:13:35,2026-02-15T19:13:35.000Z,Rollbit,0xcbd6832ebc203e49e2b771897067fce3c58575ac,0.047318,ETH,132.49
2026-02-15,19:14:11,2026-02-15T19:14:11.000Z,Bitcasino,0x5bcbdfb6cc624b959c39a2d16110d1f2d9204f72,0.296339,ETH,829.75
2026-02-15,19:14:23,2026-02-15T19:14:23.000Z,Rollbit,0xcbd6832ebc203e49e2b771897067fce3c58575ac,0.035673,ETH,99.89
2026-02-15,19:15:35,2026-02-15T19:15:35.000Z,Rollbit,0xcbd6832ebc203e49e2b771897067fce3c58575ac,0.045999,ETH,128.80
2026-02-15,19:15:35,2026-02-15T19:15:35.000Z,Rollbit,0xcbd6832ebc203e49e2b771897067fce3c58575ac,0.085263,ETH,238.74
2026-02-15,19:15:35,2026-02-15T19:15:35.000Z,Rollbit,0xcbd6832ebc203e49e2b771897067fce3c58575ac,0.374629,ETH,1048.96
2026-02-15,19:15:35,2026-02-15T19:15:35.000Z,Rollbit,0xcbd6832ebc203e49e2b771897067fce3c58575ac,0.000279,ETH,0.78
2026-02-15,19:15:59,2026-02-15T19:15:59.000Z,Rollbit,0xcbd6832ebc203e49e2b771897067fce3c58575ac,0.000238,ETH,0.67
2026-02-15,19:15:59,2026-02-15T19:15:59.000Z,Rollbit,0xcbd6832ebc203e49e2b771897067fce3c58575ac,0.060708,ETH,169.98
2026-02-15,19:17:59,2026-02-15T19:17:59.000Z,Stake 11,0x787b8840100d9baadd7463f4a73b5ba73b00c6ca,0.060591,ETH,169.66
2026-02-15,19:17:59,2026-02-15T19:17:59.000Z,Stake 11,0x787b8840100d9baadd7463f4a73b5ba73b00c6ca,0.000204,ETH,0.57
2026-02-15,19:17:59,2026-02-15T19:17:59.000Z,Stake 11,0x787b8840100d9baadd7463f4a73b5ba73b00c6ca,0.009899,ETH,27.72
2026-02-15,19:17:59,2026-02-15T19:17:59.000Z,Stake 11,0x787b8840100d9baadd7463f4a73b5ba73b00c6ca,0.002269,ETH,6.35
2026-02-15,19:17:59,2026-02-15T19:17:59.000Z,Stake 11,0x787b8840100d9baadd7463f4a73b5ba73b00c6ca,0.067263,ETH,188.34
2026-02-15,19:17:59,2026-02-15T19:17:59.000Z,Stake 11,0x787b8840100d9baadd7463f4a73b5ba73b00c6ca,0.310473,ETH,869.32
2026-02-15,19:17:59,2026-02-15T19:17:59.000Z,Rollbit,0xcbd6832ebc203e49e2b771897067fce3c58575ac,0.076452,ETH,214.07
2026-02-15,19:17:59,2026-02-15T19:17:59.000Z,Rollbit,0xcbd6832ebc203e49e2b771897067fce3c58575ac,0.040703,ETH,113.97
2026-02-15,19:19:35,2026-02-15T19:19:35.000Z,Rollbit,0xcbd6832ebc203e49e2b771897067fce3c58575ac,0.004866,ETH,13.63
2026-02-15,19:20:35,2026-02-15T19:20:35.000Z,Rollbit,0xcbd6832ebc203e49e2b771897067fce3c58575ac,0.079919,ETH,223.77
2026-02-15,19:22:35,2026-02-15T19:22:35.000Z,Rollbit,0xcbd6832ebc203e49e2b771897067fce3c58575ac,0.011030,ETH,30.88
2026-02-15,19:24:35,2026-02-15T19:24:35.000Z,Stake 11,0x787b8840100d9baadd7463f4a73b5ba73b00c6ca,0.308051,ETH,862.54
2026-02-15,19:25:59,2026-02-15T19:25:59.000Z,Rollbit,0xcbd6832ebc203e49e2b771897067fce3c58575ac,0.027513,ETH,77.04
2026-02-15,19:28:59,2026-02-15T19:28:59.000Z,Stake 11,0x787b8840100d9baadd7463f4a73b5ba73b00c6ca,0.005037,ETH,14.10
2026-02-15,19:28:59,2026-02-15T19:28:59.000Z,Stake 11,0x787b8840100d9baadd7463f4a73b5ba73b00c6ca,0.005609,ETH,15.70
2026-02-15,19:28:59,2026-02-15T19:28:59.000Z,Stake 11,0x787b8840100d9baadd7463f4a73b5ba73b00c6ca,0.000065,ETH,0.18
2026-02-15,19:29:23,2026-02-15T19:29:23.000Z,Stake 11,0x787b8840100d9baadd7463f4a73b5ba73b00c6ca,0.005102,ETH,14.28
2026-02-15,19:29:23,2026-02-15T19:29:23.000Z,Stake 11,0x787b8840100d9baadd7463f4a73b5ba73b00c6ca,0.035239,ETH,98.67
2026-02-15,19:29:23,2026-02-15T19:29:23.000Z,Stake 11,0x787b8840100d9baadd7463f4a73b5ba73b00c6ca,0.342055,ETH,957.75
2026-02-15,19:29:23,2026-02-15T19:29:23.000Z,Stake 11,0x787b8840100d9baadd7463f4a73b5ba73b00c6ca,0.030015,ETH,84.04
2026-02-15,19:31:23,2026-02-15T19:31:23.000Z,Rollbit,0xcbd6832ebc203e49e2b771897067fce3c58575ac,0.118610,ETH,332.11
2026-02-15,19:32:47,2026-02-15T19:32:47.000Z,Rollbit,0xcbd6832ebc203e49e2b771897067fce3c58575ac,0.034008,ETH,95.22
2026-02-15,19:33:59,2026-02-15T19:33:59.000Z,Rollbit,0xcbd6832ebc203e49e2b771897067fce3c58575ac,0.000934,ETH,2.62
2026-02-15,19:33:59,2026-02-15T19:33:59.000Z,Rollbit,0xcbd6832ebc203e49e2b771897067fce3c58575ac,0.009487,ETH,26.56
2026-02-15,19:35:35,2026-02-15T19:35:35.000Z,Rollbit,0xcbd6832ebc203e49e2b771897067fce3c58575ac,0.011555,ETH,32.35
2026-02-15,19:35:35,2026-02-15T19:35:35.000Z,Rollbit,0xcbd6832ebc203e49e2b771897067fce3c58575ac,0.086875,ETH,243.25
2026-02-15,19:35:59,2026-02-15T19:35:59.000Z,Rollbit,0xcbd6832ebc203e49e2b771897067fce3c58575ac,0.436997,ETH,1223.59
2026-02-15,19:37:11,2026-02-15T19:37:11.000Z,Stake 11,0x787b8840100d9baadd7463f4a73b5ba73b00c6ca,0.000071,ETH,0.20
2026-02-15,19:37:11,2026-02-15T19:37:11.000Z,Stake 11,0x787b8840100d9baadd7463f4a73b5ba73b00c6ca,0.163544,ETH,457.92
2026-02-15,19:38:11,2026-02-15T19:38:11.000Z,Rollbit,0xcbd6832ebc203e49e2b771897067fce3c58575ac,0.024539,ETH,68.71
2026-02-15,19:38:23,2026-02-15T19:38:23.000Z,Rollbit,0xcbd6832ebc203e49e2b771897067fce3c58575ac,0.123249,ETH,345.10
2026-02-15,19:39:35,2026-02-15T19:39:35.000Z,Rollbit,0xcbd6832ebc203e49e2b771897067fce3c58575ac,0.249998,ETH,699.99
2026-02-15,19:39:35,2026-02-15T19:39:35.000Z,Rollbit,0xcbd6832ebc203e49e2b771897067fce3c58575ac,0.000274,ETH,0.77
2026-02-15,19:40:59,2026-02-15T19:40:59.000Z,Stake 11,0x787b8840100d9baadd7463f4a73b5ba73b00c6ca,0.023938,ETH,67.03
2026-02-15,19:40:59,2026-02-15T19:40:59.000Z,Stake 11,0x787b8840100d9baadd7463f4a73b5ba73b00c6ca,0.000055,ETH,0.15
2026-02-15,19:40:59,2026-02-15T19:40:59.000Z,Stake 11,0x787b8840100d9baadd7463f4a73b5ba73b00c6ca,0.000055,ETH,0.15
2026-02-15,19:40:59,2026-02-15T19:40:59.000Z,Stake 11,0x787b8840100d9baadd7463f4a73b5ba73b00c6ca,0.000055,ETH,0.15
2026-02-15,19:41:59,2026-02-15T19:41:59.000Z,Rollbit,0xcbd6832ebc203e49e2b771897067fce3c58575ac,0.065596,ETH,183.67
2026-02-15,19:42:23,2026-02-15T19:42:23.000Z,Stake 11,0x787b8840100d9baadd7463f4a73b5ba73b00c6ca,0.039905,ETH,111.73
2026-02-15,19:42:23,2026-02-15T19:42:23.000Z,Stake 11,0x787b8840100d9baadd7463f4a73b5ba73b00c6ca,0.090805,ETH,254.26
2026-02-15,19:42:23,2026-02-15T19:42:23.000Z,Stake 11,0x787b8840100d9baadd7463f4a73b5ba73b00c6ca,0.113142,ETH,316.80
2026-02-15,19:42:23,2026-02-15T19:42:23.000Z,Stake 11,0x787b8840100d9baadd7463f4a73b5ba73b00c6ca,0.017998,ETH,50.39
2026-02-15,19:42:23,2026-02-15T19:42:23.000Z,Rollbit,0xcbd6832ebc203e49e2b771897067fce3c58575ac,0.012608,ETH,35.30
2026-02-15,19:44:11,2026-02-15T19:44:11.000Z,Stake 11,0x787b8840100d9baadd7463f4a73b5ba73b00c6ca,0.023928,ETH,67.00
2026-02-15,19:44:11,2026-02-15T19:44:11.000Z,Stake 11,0x787b8840100d9baadd7463f4a73b5ba73b00c6ca,0.011321,ETH,31.70
2026-02-15,19:44:11,2026-02-15T19:44:11.000Z,Stake 11,0x787b8840100d9baadd7463f4a73b5ba73b00c6ca,0.000069,ETH,0.19
2026-02-15,19:44:11,2026-02-15T19:44:11.000Z,Stake 11,0x787b8840100d9baadd7463f4a73b5ba73b00c6ca,0.001423,ETH,3.98
2026-02-15,19:44:11,2026-02-15T19:44:11.000Z,Stake 11,0x787b8840100d9baadd7463f4a73b5ba73b00c6ca,0.000069,ETH,0.19
2026-02-15,19:44:11,2026-02-15T19:44:11.000Z,Stake 11,0x787b8840100d9baadd7463f4a73b5ba73b00c6ca,0.024113,ETH,67.52
2026-02-15,19:44:11,2026-02-15T19:44:11.000Z,Stake 11,0x787b8840100d9baadd7463f4a73b5ba73b00c6ca,0.250075,ETH,700.21
2026-02-15,19:44:11,2026-02-15T19:44:11.000Z,Rollbit,0xcbd6832ebc203e49e2b771897067fce3c58575ac,0.027774,ETH,77.77
2026-02-15,19:44:23,2026-02-15T19:44:23.000Z,Rollbit,0xcbd6832ebc203e49e2b771897067fce3c58575ac,0.000208,ETH,0.58
2026-02-15,19:44:59,2026-02-15T19:44:59.000Z,Stake 11,0x787b8840100d9baadd7463f4a73b5ba73b00c6ca,0.043080,ETH,120.62
2026-02-15,19:44:59,2026-02-15T19:44:59.000Z,Stake 11,0x787b8840100d9baadd7463f4a73b5ba73b00c6ca,0.009617,ETH,26.93
2026-02-15,19:44:59,2026-02-15T19:44:59.000Z,Stake 11,0x787b8840100d9baadd7463f4a73b5ba73b00c6ca,0.132507,ETH,371.02
2026-02-15,19:44:59,2026-02-15T19:44:59.000Z,Stake 11,0x787b8840100d9baadd7463f4a73b5ba73b00c6ca,0.040827,ETH,114.32
2026-02-15,19:44:59,2026-02-15T19:44:59.000Z,Rollbit,0xcbd6832ebc203e49e2b771897067fce3c58575ac,0.000219,ETH,0.61
2026-02-15,19:45:11,2026-02-15T19:45:11.000Z,Rollbit,0xcbd6832ebc203e49e2b771897067fce3c58575ac,0.000368,ETH,1.03
2026-02-15,19:45:59,2026-02-15T19:45:59.000Z,Stake 11,0x787b8840100d9baadd7463f4a73b5ba73b00c6ca,0.000072,ETH,0.20
2026-02-15,19:45:59,2026-02-15T19:45:59.000Z,Stake 11,0x787b8840100d9baadd7463f4a73b5ba73b00c6ca,0.014195,ETH,39.75
2026-02-15,19:45:59,2026-02-15T19:45:59.000Z,Stake 11,0x787b8840100d9baadd7463f4a73b5ba73b00c6ca,0.000068,ETH,0.19
2026-02-15,19:45:59,2026-02-15T19:45:59.000Z,Stake 11,0x787b8840100d9baadd7463f4a73b5ba73b00c6ca,0.000068,ETH,0.19
2026-02-15,19:45:59,2026-02-15T19:45:59.000Z,Stake 11,0x787b8840100d9baadd7463f4a73b5ba73b00c6ca,0.118767,ETH,332.55
2026-02-15,19:45:59,2026-02-15T19:45:59.000Z,Stake 11,0x787b8840100d9baadd7463f4a73b5ba73b00c6ca,0.010266,ETH,28.75
2026-02-15,19:45:59,2026-02-15T19:45:59.000Z,Stake 11,0x787b8840100d9baadd7463f4a73b5ba73b00c6ca,0.361998,ETH,1013.60
2026-02-15,19:45:59,2026-02-15T19:45:59.000Z,Rollbit,0xcbd6832ebc203e49e2b771897067fce3c58575ac,0.051276,ETH,143.57
2026-02-15,19:45:59,2026-02-15T19:45:59.000Z,Rollbit,0xcbd6832ebc203e49e2b771897067fce3c58575ac,0.038499,ETH,107.80
2026-02-15,19:46:11,2026-02-15T19:46:11.000Z,Stake 11,0x787b8840100d9baadd7463f4a73b5ba73b00c6ca,0.010029,ETH,28.08
2026-02-15,19:46:11,2026-02-15T19:46:11.000Z,Stake 11,0x787b8840100d9baadd7463f4a73b5ba73b00c6ca,0.000068,ETH,0.19
2026-02-15,19:46:11,2026-02-15T19:46:11.000Z,Bitcasino,0x5bcbdfb6cc624b959c39a2d16110d1f2d9204f72,0.760760,ETH,2130.13
2026-02-15,19:47:11,2026-02-15T19:47:11.000Z,Rollbit,0xcbd6832ebc203e49e2b771897067fce3c58575ac,0.052621,ETH,147.34
2026-02-15,19:47:59,2026-02-15T19:47:59.000Z,Rollbit,0xcbd6832ebc203e49e2b771897067fce3c58575ac,0.045375,ETH,127.05
2026-02-15,19:51:23,2026-02-15T19:51:23.000Z,Rollbit,0xcbd6832ebc203e49e2b771897067fce3c58575ac,0.284022,ETH,795.26
2026-02-15,19:51:59,2026-02-15T19:51:59.000Z,Stake 11,0x787b8840100d9baadd7463f4a73b5ba73b00c6ca,0.057989,ETH,162.37
2026-02-15,19:52:47,2026-02-15T19:52:47.000Z,Stake 11,0x787b8840100d9baadd7463f4a73b5ba73b00c6ca,0.010152,ETH,28.42
2026-02-15,19:52:47,2026-02-15T19:52:47.000Z,Stake 11,0x787b8840100d9baadd7463f4a73b5ba73b00c6ca,0.085404,ETH,239.13
2026-02-15,19:53:23,2026-02-15T19:53:23.000Z,Stake 11,0x787b8840100d9baadd7463f4a73b5ba73b00c6ca,0.038512,ETH,107.83
2026-02-15,19:53:47,2026-02-15T19:53:47.000Z,Rollbit,0xcbd6832ebc203e49e2b771897067fce3c58575ac,0.044833,ETH,125.53
2026-02-15,19:54:47,2026-02-15T19:54:47.000Z,Rollbit,0xcbd6832ebc203e49e2b771897067fce3c58575ac,0.249998,ETH,699.99
2026-02-15,19:55:23,2026-02-15T19:55:23.000Z,Stake 11,0x787b8840100d9baadd7463f4a73b5ba73b00c6ca,0.041876,ETH,117.25
2026-02-15,19:55:23,2026-02-15T19:55:23.000Z,Stake 11,0x787b8840100d9baadd7463f4a73b5ba73b00c6ca,0.000066,ETH,0.19
2026-02-15,19:55:23,2026-02-15T19:55:23.000Z,Stake 11,0x787b8840100d9baadd7463f4a73b5ba73b00c6ca,0.137217,ETH,384.21
2026-02-15,19:55:59,2026-02-15T19:55:59.000Z,Rollbit,0xcbd6832ebc203e49e2b771897067fce3c58575ac,0.050859,ETH,142.40
2026-02-15,19:56:11,2026-02-15T19:56:11.000Z,Rollbit,0xcbd6832ebc203e49e2b771897067fce3c58575ac,0.015070,ETH,42.20
2026-02-15,19:58:35,2026-02-15T19:58:35.000Z,Rollbit,0xcbd6832ebc203e49e2b771897067fce3c58575ac,1.422551,ETH,3983.14
2026-02-15,19:58:47,2026-02-15T19:58:47.000Z,Rollbit,0xcbd6832ebc203e49e2b771897067fce3c58575ac,0.102799,ETH,287.84
2026-02-15,19:58:59,2026-02-15T19:58:59.000Z,Rollbit,0xcbd6832ebc203e49e2b771897067fce3c58575ac,0.149998,ETH,419.99
2026-02-15,19:59:35,2026-02-15T19:59:35.000Z,Rollbit,0xcbd6832ebc203e49e2b771897067fce3c58575ac,0.000384,ETH,1.08
2026-02-15,19:59:47,2026-02-15T19:59:47.000Z,Stake 11,0x787b8840100d9baadd7463f4a73b5ba73b00c6ca,0.000059,ETH,0.16
2026-02-15,19:59:47,2026-02-15T19:59:47.000Z,Stake 11,0x787b8840100d9baadd7463f4a73b5ba73b00c6ca,0.000075,ETH,0.21
2026-02-15,19:59:47,2026-02-15T19:59:47.000Z,Stake 11,0x787b8840100d9baadd7463f4a73b5ba73b00c6ca,0.490093,ETH,1372.26
2026-02-15,19:59:59,2026-02-15T19:59:59.000Z,Stake 11,0x787b8840100d9baadd7463f4a73b5ba73b00c6ca,0.000059,ETH,0.16
2026-02-15,19:59:59,2026-02-15T19:59:59.000Z,Roobet,0xc94ebb328ac25b95db0e0aa968371885fa516215,22.416282,ETH,62765.59
2026-02-15,20:00:35,2026-02-15T20:00:35.000Z,Rollbit,0xcbd6832ebc203e49e2b771897067fce3c58575ac,0.000550,ETH,1.54
2026-02-15,20:00:35,2026-02-15T20:00:35.000Z,Rollbit,0xcbd6832ebc203e49e2b771897067fce3c58575ac,0.512613,ETH,1435.32
2026-02-15,20:00:35,2026-02-15T20:00:35.000Z,Rollbit,0xcbd6832ebc203e49e2b771897067fce3c58575ac,0.245668,ETH,687.87
2026-02-15,20:01:11,2026-02-15T20:01:11.000Z,Rollbit,0xcbd6832ebc203e49e2b771897067fce3c58575ac,0.016949,ETH,47.46
2026-02-15,20:01:59,2026-02-15T20:01:59.000Z,Rollbit,0xcbd6832ebc203e49e2b771897067fce3c58575ac,0.069749,ETH,195.30
2026-02-15,20:02:35,2026-02-15T20:02:35.000Z,Rollbit,0xcbd6832ebc203e49e2b771897067fce3c58575ac,0.090187,ETH,252.52
2026-02-15,20:02:47,2026-02-15T20:02:47.000Z,Rollbit,0xcbd6832ebc203e49e2b771897067fce3c58575ac,0.044998,ETH,126.00
2026-02-15,20:03:47,2026-02-15T20:03:47.000Z,Rollbit,0xcbd6832ebc203e49e2b771897067fce3c58575ac,0.021949,ETH,61.46
2026-02-15,20:04:11,2026-02-15T20:04:11.000Z,Rollbit,0xcbd6832ebc203e49e2b771897067fce3c58575ac,0.000175,ETH,0.49
2026-02-15,20:04:35,2026-02-15T20:04:35.000Z,Rollbit,0xcbd6832ebc203e49e2b771897067fce3c58575ac,0.045631,ETH,127.77
2026-02-15,20:06:23,2026-02-15T20:06:23.000Z,Rollbit,0xcbd6832ebc203e49e2b771897067fce3c58575ac,1.135741,ETH,3180.08
2026-02-15,20:08:59,2026-02-15T20:08:59.000Z,Rollbit,0xcbd6832ebc203e49e2b771897067fce3c58575ac,0.056893,ETH,159.30
2026-02-15,20:09:11,2026-02-15T20:09:11.000Z,Stake 11,0x787b8840100d9baadd7463f4a73b5ba73b00c6ca,1.638945,ETH,4589.05
2026-02-15,20:09:35,2026-02-15T20:09:35.000Z,Duelbits,0x014435b1e39945cf4f5f0c3cbb5833195a95cc9b,0.599465,ETH,1678.50
2026-02-15,20:09:35,2026-02-15T20:09:35.000Z,Duelbits,0x014435b1e39945cf4f5f0c3cbb5833195a95cc9b,0.403787,ETH,1130.60
2026-02-15,20:09:35,2026-02-15T20:09:35.000Z,Duelbits,0x014435b1e39945cf4f5f0c3cbb5833195a95cc9b,0.699057,ETH,1957.36
2026-02-15,20:09:35,2026-02-15T20:09:35.000Z,Duelbits,0x014435b1e39945cf4f5f0c3cbb5833195a95cc9b,1.108621,ETH,3104.14
2026-02-15,20:09:35,2026-02-15T20:09:35.000Z,Duelbits,0x014435b1e39945cf4f5f0c3cbb5833195a95cc9b,1.067648,ETH,2989.42
2026-02-15,20:09:35,2026-02-15T20:09:35.000Z,Duelbits,0x014435b1e39945cf4f5f0c3cbb5833195a95cc9b,2.500859,ETH,7002.41
2026-02-15,20:09:35,2026-02-15T20:09:35.000Z,Duelbits,0x014435b1e39945cf4f5f0c3cbb5833195a95cc9b,18.088456,ETH,50647.68
2026-02-15,20:09:35,2026-02-15T20:09:35.000Z,Duelbits,0x014435b1e39945cf4f5f0c3cbb5833195a95cc9b,1.427045,ETH,3995.73
2026-02-15,20:09:35,2026-02-15T20:09:35.000Z,Duelbits,0x014435b1e39945cf4f5f0c3cbb5833195a95cc9b,0.380045,ETH,1064.13
2026-02-15,20:09:35,2026-02-15T20:09:35.000Z,Duelbits,0x014435b1e39945cf4f5f0c3cbb5833195a95cc9b,0.428507,ETH,1199.82
2026-02-15,20:09:35,2026-02-15T20:09:35.000Z,Duelbits,0x014435b1e39945cf4f5f0c3cbb5833195a95cc9b,6.889999,ETH,19292.00
2026-02-15,20:09:35,2026-02-15T20:09:35.000Z,Duelbits,0x014435b1e39945cf4f5f0c3cbb5833195a95cc9b,276.990853,ETH,775574.39
2026-02-15,20:09:35,2026-02-15T20:09:35.000Z,Duelbits,0x014435b1e39945cf4f5f0c3cbb5833195a95cc9b,2.116142,ETH,5925.20
2026-02-15,20:09:35,2026-02-15T20:09:35.000Z,Duelbits,0x014435b1e39945cf4f5f0c3cbb5833195a95cc9b,0.496411,ETH,1389.95
2026-02-15,20:09:35,2026-02-15T20:09:35.000Z,Duelbits,0x014435b1e39945cf4f5f0c3cbb5833195a95cc9b,0.910445,ETH,2549.24
2026-02-15,20:09:35,2026-02-15T20:09:35.000Z,Duelbits,0x014435b1e39945cf4f5f0c3cbb5833195a95cc9b,0.382710,ETH,1071.59
2026-02-15,20:09:35,2026-02-15T20:09:35.000Z,Duelbits,0x014435b1e39945cf4f5f0c3cbb5833195a95cc9b,0.276046,ETH,772.93
2026-02-15,20:09:35,2026-02-15T20:09:35.000Z,Duelbits,0x014435b1e39945cf4f5f0c3cbb5833195a95cc9b,0.438035,ETH,1226.50
2026-02-15,20:09:35,2026-02-15T20:09:35.000Z,Duelbits,0x014435b1e39945cf4f5f0c3cbb5833195a95cc9b,1.231274,ETH,3447.57
2026-02-15,20:09:35,2026-02-15T20:09:35.000Z,Duelbits,0x014435b1e39945cf4f5f0c3cbb5833195a95cc9b,1.369914,ETH,3835.76
2026-02-15,20:09:35,2026-02-15T20:09:35.000Z,Duelbits,0x014435b1e39945cf4f5f0c3cbb5833195a95cc9b,0.509373,ETH,1426.24
2026-02-15,20:09:35,2026-02-15T20:09:35.000Z,Duelbits,0x014435b1e39945cf4f5f0c3cbb5833195a95cc9b,0.629361,ETH,1762.21
2026-02-15,20:09:35,2026-02-15T20:09:35.000Z,Duelbits,0x014435b1e39945cf4f5f0c3cbb5833195a95cc9b,1.335914,ETH,3740.56
2026-02-15,20:09:35,2026-02-15T20:09:35.000Z,Duelbits,0x014435b1e39945cf4f5f0c3cbb5833195a95cc9b,0.543600,ETH,1522.08
2026-02-15,20:09:35,2026-02-15T20:09:35.000Z,Duelbits,0x014435b1e39945cf4f5f0c3cbb5833195a95cc9b,0.411142,ETH,1151.20
2026-02-15,20:09:35,2026-02-15T20:09:35.000Z,Duelbits,0x014435b1e39945cf4f5f0c3cbb5833195a95cc9b,0.286980,ETH,803.54
2026-02-15,20:09:35,2026-02-15T20:09:35.000Z,Duelbits,0x014435b1e39945cf4f5f0c3cbb5833195a95cc9b,0.458236,ETH,1283.06
2026-02-15,20:09:35,2026-02-15T20:09:35.000Z,Duelbits,0x014435b1e39945cf4f5f0c3cbb5833195a95cc9b,0.569993,ETH,1595.98
2026-02-15,20:09:35,2026-02-15T20:09:35.000Z,Duelbits,0x014435b1e39945cf4f5f0c3cbb5833195a95cc9b,1.069772,ETH,2995.36
2026-02-15,20:09:35,2026-02-15T20:09:35.000Z,Duelbits,0x014435b1e39945cf4f5f0c3cbb5833195a95cc9b,0.451124,ETH,1263.15
2026-02-15,20:09:35,2026-02-15T20:09:35.000Z,Duelbits,0x014435b1e39945cf4f5f0c3cbb5833195a95cc9b,1.700697,ETH,4761.95
2026-02-15,20:09:35,2026-02-15T20:09:35.000Z,Duelbits,0x014435b1e39945cf4f5f0c3cbb5833195a95cc9b,0.869946,ETH,2435.85
2026-02-15,20:09:47,2026-02-15T20:09:47.000Z,Duelbits,0x014435b1e39945cf4f5f0c3cbb5833195a95cc9b,0.128375,ETH,359.45
2026-02-15,20:09:59,2026-02-15T20:09:59.000Z,Duelbits,0x014435b1e39945cf4f5f0c3cbb5833195a95cc9b,0.266979,ETH,747.54
2026-02-15,20:09:59,2026-02-15T20:09:59.000Z,Duelbits,0x014435b1e39945cf4f5f0c3cbb5833195a95cc9b,0.261032,ETH,730.89
2026-02-15,20:09:59,2026-02-15T20:09:59.000Z,Duelbits,0x014435b1e39945cf4f5f0c3cbb5833195a95cc9b,0.252771,ETH,707.76
2026-02-15,20:09:59,2026-02-15T20:09:59.000Z,Duelbits,0x014435b1e39945cf4f5f0c3cbb5833195a95cc9b,0.084361,ETH,236.21
2026-02-15,20:09:59,2026-02-15T20:09:59.000Z,Duelbits,0x014435b1e39945cf4f5f0c3cbb5833195a95cc9b,0.224312,ETH,628.07
2026-02-15,20:09:59,2026-02-15T20:09:59.000Z,Duelbits,0x014435b1e39945cf4f5f0c3cbb5833195a95cc9b,0.113007,ETH,316.42
2026-02-15,20:09:59,2026-02-15T20:09:59.000Z,Duelbits,0x014435b1e39945cf4f5f0c3cbb5833195a95cc9b,0.238094,ETH,666.66
2026-02-15,20:09:59,2026-02-15T20:09:59.000Z,Duelbits,0x014435b1e39945cf4f5f0c3cbb5833195a95cc9b,0.093412,ETH,261.55
2026-02-15,20:09:59,2026-02-15T20:09:59.000Z,Duelbits,0x014435b1e39945cf4f5f0c3cbb5833195a95cc9b,0.105345,ETH,294.97
2026-02-15,20:09:59,2026-02-15T20:09:59.000Z,Duelbits,0x014435b1e39945cf4f5f0c3cbb5833195a95cc9b,0.103419,ETH,289.57
2026-02-15,20:09:59,2026-02-15T20:09:59.000Z,Duelbits,0x014435b1e39945cf4f5f0c3cbb5833195a95cc9b,0.103497,ETH,289.79
2026-02-15,20:09:59,2026-02-15T20:09:59.000Z,Duelbits,0x014435b1e39945cf4f5f0c3cbb5833195a95cc9b,0.129554,ETH,362.75
2026-02-15,20:09:59,2026-02-15T20:09:59.000Z,Duelbits,0x014435b1e39945cf4f5f0c3cbb5833195a95cc9b,0.105288,ETH,294.81
2026-02-15,20:09:59,2026-02-15T20:09:59.000Z,Duelbits,0x014435b1e39945cf4f5f0c3cbb5833195a95cc9b,0.134299,ETH,376.04
2026-02-15,20:09:59,2026-02-15T20:09:59.000Z,Duelbits,0x014435b1e39945cf4f5f0c3cbb5833195a95cc9b,0.141505,ETH,396.21
2026-02-15,20:09:59,2026-02-15T20:09:59.000Z,Duelbits,0x014435b1e39945cf4f5f0c3cbb5833195a95cc9b,0.139654,ETH,391.03
2026-02-15,20:09:59,2026-02-15T20:09:59.000Z,Duelbits,0x014435b1e39945cf4f5f0c3cbb5833195a95cc9b,0.095801,ETH,268.24
2026-02-15,20:09:59,2026-02-15T20:09:59.000Z,Duelbits,0x014435b1e39945cf4f5f0c3cbb5833195a95cc9b,0.085355,ETH,238.99
2026-02-15,20:09:59,2026-02-15T20:09:59.000Z,Duelbits,0x014435b1e39945cf4f5f0c3cbb5833195a95cc9b,0.114330,ETH,320.12
2026-02-15,20:09:59,2026-02-15T20:09:59.000Z,Duelbits,0x014435b1e39945cf4f5f0c3cbb5833195a95cc9b,0.164813,ETH,461.48
2026-02-15,20:09:59,2026-02-15T20:09:59.000Z,Duelbits,0x014435b1e39945cf4f5f0c3cbb5833195a95cc9b,0.248572,ETH,696.00
2026-02-15,20:09:59,2026-02-15T20:09:59.000Z,Duelbits,0x014435b1e39945cf4f5f0c3cbb5833195a95cc9b,0.091522,ETH,256.26
2026-02-15,20:09:59,2026-02-15T20:09:59.000Z,Duelbits,0x014435b1e39945cf4f5f0c3cbb5833195a95cc9b,0.124304,ETH,348.05
2026-02-15,20:09:59,2026-02-15T20:09:59.000Z,Duelbits,0x014435b1e39945cf4f5f0c3cbb5833195a95cc9b,0.177714,ETH,497.60
2026-02-15,20:09:59,2026-02-15T20:09:59.000Z,Duelbits,0x014435b1e39945cf4f5f0c3cbb5833195a95cc9b,0.226355,ETH,633.79
2026-02-15,20:09:59,2026-02-15T20:09:59.000Z,Duelbits,0x014435b1e39945cf4f5f0c3cbb5833195a95cc9b,0.142030,ETH,397.68
2026-02-15,20:09:59,2026-02-15T20:09:59.000Z,Duelbits,0x014435b1e39945cf4f5f0c3cbb5833195a95cc9b,0.118421,ETH,331.58
2026-02-15,20:09:59,2026-02-15T20:09:59.000Z,Duelbits,0x014435b1e39945cf4f5f0c3cbb5833195a95cc9b,0.131186,ETH,367.32
2026-02-15,20:09:59,2026-02-15T20:09:59.000Z,Duelbits,0x014435b1e39945cf4f5f0c3cbb5833195a95cc9b,0.182872,ETH,512.04
2026-02-15,20:09:59,2026-02-15T20:09:59.000Z,Duelbits,0x014435b1e39945cf4f5f0c3cbb5833195a95cc9b,0.167254,ETH,468.31
2026-02-15,20:09:59,2026-02-15T20:09:59.000Z,Duelbits,0x014435b1e39945cf4f5f0c3cbb5833195a95cc9b,0.206089,ETH,577.05
2026-02-15,20:09:59,2026-02-15T20:09:59.000Z,Duelbits,0x014435b1e39945cf4f5f0c3cbb5833195a95cc9b,0.100228,ETH,280.64
2026-02-15,20:09:59,2026-02-15T20:09:59.000Z,Duelbits,0x014435b1e39945cf4f5f0c3cbb5833195a95cc9b,0.234747,ETH,657.29
2026-02-15,20:09:59,2026-02-15T20:09:59.000Z,Duelbits,0x014435b1e39945cf4f5f0c3cbb5833195a95cc9b,0.102813,ETH,287.88
2026-02-15,20:09:59,2026-02-15T20:09:59.000Z,Duelbits,0x014435b1e39945cf4f5f0c3cbb5833195a95cc9b,0.108992,ETH,305.18
2026-02-15,20:09:59,2026-02-15T20:09:59.000Z,Duelbits,0x014435b1e39945cf4f5f0c3cbb5833195a95cc9b,0.107271,ETH,300.36
2026-02-15,20:09:59,2026-02-15T20:09:59.000Z,Duelbits,0x014435b1e39945cf4f5f0c3cbb5833195a95cc9b,0.083988,ETH,235.17
2026-02-15,20:09:59,2026-02-15T20:09:59.000Z,Duelbits,0x014435b1e39945cf4f5f0c3cbb5833195a95cc9b,0.076722,ETH,214.82
2026-02-15,20:09:59,2026-02-15T20:09:59.000Z,Duelbits,0x014435b1e39945cf4f5f0c3cbb5833195a95cc9b,0.083757,ETH,234.52
2026-02-15,20:10:11,2026-02-15T20:10:11.000Z,Duelbits,0x014435b1e39945cf4f5f0c3cbb5833195a95cc9b,0.191145,ETH,535.21
2026-02-15,20:10:23,2026-02-15T20:10:23.000Z,Rollbit,0xcbd6832ebc203e49e2b771897067fce3c58575ac,0.000467,ETH,1.31
2026-02-15,20:10:23,2026-02-15T20:10:23.000Z,Duelbits,0x014435b1e39945cf4f5f0c3cbb5833195a95cc9b,0.076281,ETH,213.59
2026-02-15,20:10:23,2026-02-15T20:10:23.000Z,Duelbits,0x014435b1e39945cf4f5f0c3cbb5833195a95cc9b,0.070027,ETH,196.07
2026-02-15,20:10:23,2026-02-15T20:10:23.000Z,Duelbits,0x014435b1e39945cf4f5f0c3cbb5833195a95cc9b,0.072760,ETH,203.73
2026-02-15,20:10:23,2026-02-15T20:10:23.000Z,Duelbits,0x014435b1e39945cf4f5f0c3cbb5833195a95cc9b,0.049109,ETH,137.51
2026-02-15,20:10:23,2026-02-15T20:10:23.000Z,Duelbits,0x014435b1e39945cf4f5f0c3cbb5833195a95cc9b,0.062002,ETH,173.61
2026-02-15,20:10:23,2026-02-15T20:10:23.000Z,Duelbits,0x014435b1e39945cf4f5f0c3cbb5833195a95cc9b,0.027356,ETH,76.60
2026-02-15,20:10:23,2026-02-15T20:10:23.000Z,Duelbits,0x014435b1e39945cf4f5f0c3cbb5833195a95cc9b,0.033950,ETH,95.06
2026-02-15,20:10:23,2026-02-15T20:10:23.000Z,Duelbits,0x014435b1e39945cf4f5f0c3cbb5833195a95cc9b,0.036367,ETH,101.83
2026-02-15,20:10:23,2026-02-15T20:10:23.000Z,Duelbits,0x014435b1e39945cf4f5f0c3cbb5833195a95cc9b,0.023452,ETH,65.66
2026-02-15,20:10:23,2026-02-15T20:10:23.000Z,Duelbits,0x014435b1e39945cf4f5f0c3cbb5833195a95cc9b,0.055842,ETH,156.36
2026-02-15,20:10:23,2026-02-15T20:10:23.000Z,Duelbits,0x014435b1e39945cf4f5f0c3cbb5833195a95cc9b,0.029036,ETH,81.30
2026-02-15,20:10:23,2026-02-15T20:10:23.000Z,Duelbits,0x014435b1e39945cf4f5f0c3cbb5833195a95cc9b,0.056268,ETH,157.55
2026-02-15,20:10:23,2026-02-15T20:10:23.000Z,Duelbits,0x014435b1e39945cf4f5f0c3cbb5833195a95cc9b,0.030172,ETH,84.48
2026-02-15,20:10:23,2026-02-15T20:10:23.000Z,Duelbits,0x014435b1e39945cf4f5f0c3cbb5833195a95cc9b,0.034905,ETH,97.73
2026-02-15,20:10:23,2026-02-15T20:10:23.000Z,Duelbits,0x014435b1e39945cf4f5f0c3cbb5833195a95cc9b,0.036085,ETH,101.04
2026-02-15,20:10:23,2026-02-15T20:10:23.000Z,Duelbits,0x014435b1e39945cf4f5f0c3cbb5833195a95cc9b,0.047766,ETH,133.75
2026-02-15,20:10:23,2026-02-15T20:10:23.000Z,Duelbits,0x014435b1e39945cf4f5f0c3cbb5833195a95cc9b,0.032059,ETH,89.76
2026-02-15,20:10:23,2026-02-15T20:10:23.000Z,Duelbits,0x014435b1e39945cf4f5f0c3cbb5833195a95cc9b,0.049165,ETH,137.66
2026-02-15,20:10:23,2026-02-15T20:10:23.000Z,Duelbits,0x014435b1e39945cf4f5f0c3cbb5833195a95cc9b,0.061761,ETH,172.93
2026-02-15,20:10:23,2026-02-15T20:10:23.000Z,Duelbits,0x014435b1e39945cf4f5f0c3cbb5833195a95cc9b,0.024655,ETH,69.03
2026-02-15,20:10:23,2026-02-15T20:10:23.000Z,Duelbits,0x014435b1e39945cf4f5f0c3cbb5833195a95cc9b,0.023162,ETH,64.85
2026-02-15,20:10:23,2026-02-15T20:10:23.000Z,Duelbits,0x014435b1e39945cf4f5f0c3cbb5833195a95cc9b,0.029879,ETH,83.66
2026-02-15,20:10:23,2026-02-15T20:10:23.000Z,Duelbits,0x014435b1e39945cf4f5f0c3cbb5833195a95cc9b,0.033096,ETH,92.67
2026-02-15,20:10:23,2026-02-15T20:10:23.000Z,Duelbits,0x014435b1e39945cf4f5f0c3cbb5833195a95cc9b,0.024733,ETH,69.25
2026-02-15,20:10:23,2026-02-15T20:10:23.000Z,Duelbits,0x014435b1e39945cf4f5f0c3cbb5833195a95cc9b,0.033631,ETH,94.17
2026-02-15,20:10:23,2026-02-15T20:10:23.000Z,Duelbits,0x014435b1e39945cf4f5f0c3cbb5833195a95cc9b,0.034306,ETH,96.06
2026-02-15,20:10:23,2026-02-15T20:10:23.000Z,Duelbits,0x014435b1e39945cf4f5f0c3cbb5833195a95cc9b,0.067109,ETH,187.90
2026-02-15,20:10:23,2026-02-15T20:10:23.000Z,Duelbits,0x014435b1e39945cf4f5f0c3cbb5833195a95cc9b,0.053156,ETH,148.84
2026-02-15,20:10:23,2026-02-15T20:10:23.000Z,Duelbits,0x014435b1e39945cf4f5f0c3cbb5833195a95cc9b,0.047302,ETH,132.45
2026-02-15,20:10:23,2026-02-15T20:10:23.000Z,Duelbits,0x014435b1e39945cf4f5f0c3cbb5833195a95cc9b,0.034819,ETH,97.49
2026-02-15,20:10:23,2026-02-15T20:10:23.000Z,Duelbits,0x014435b1e39945cf4f5f0c3cbb5833195a95cc9b,0.032402,ETH,90.73
2026-02-15,20:10:23,2026-02-15T20:10:23.000Z,Duelbits,0x014435b1e39945cf4f5f0c3cbb5833195a95cc9b,0.047331,ETH,132.53
2026-02-15,20:10:23,2026-02-15T20:10:23.000Z,Duelbits,0x014435b1e39945cf4f5f0c3cbb5833195a95cc9b,0.051583,ETH,144.43
2026-02-15,20:10:23,2026-02-15T20:10:23.000Z,Duelbits,0x014435b1e39945cf4f5f0c3cbb5833195a95cc9b,0.051630,ETH,144.56
2026-02-15,20:10:23,2026-02-15T20:10:23.000Z,Duelbits,0x014435b1e39945cf4f5f0c3cbb5833195a95cc9b,0.023154,ETH,64.83
2026-02-15,20:10:23,2026-02-15T20:10:23.000Z,Duelbits,0x014435b1e39945cf4f5f0c3cbb5833195a95cc9b,0.047347,ETH,132.57
2026-02-15,20:10:23,2026-02-15T20:10:23.000Z,Duelbits,0x014435b1e39945cf4f5f0c3cbb5833195a95cc9b,0.028690,ETH,80.33
2026-02-15,20:10:23,2026-02-15T20:10:23.000Z,Duelbits,0x014435b1e39945cf4f5f0c3cbb5833195a95cc9b,0.056610,ETH,158.51
2026-02-15,20:10:23,2026-02-15T20:10:23.000Z,Duelbits,0x014435b1e39945cf4f5f0c3cbb5833195a95cc9b,0.045520,ETH,127.46
2026-02-15,20:10:23,2026-02-15T20:10:23.000Z,Duelbits,0x014435b1e39945cf4f5f0c3cbb5833195a95cc9b,0.051614,ETH,144.52
2026-02-15,20:10:23,2026-02-15T20:10:23.000Z,Duelbits,0x014435b1e39945cf4f5f0c3cbb5833195a95cc9b,0.046784,ETH,131.00
2026-02-15,20:10:23,2026-02-15T20:10:23.000Z,Duelbits,0x014435b1e39945cf4f5f0c3cbb5833195a95cc9b,0.049999,ETH,140.00
2026-02-15,20:10:47,2026-02-15T20:10:47.000Z,Duelbits,0x014435b1e39945cf4f5f0c3cbb5833195a95cc9b,0.000650,ETH,1.82
2026-02-15,20:10:47,2026-02-15T20:10:47.000Z,Duelbits,0x014435b1e39945cf4f5f0c3cbb5833195a95cc9b,0.000630,ETH,1.76
2026-02-15,20:10:59,2026-02-15T20:10:59.000Z,Duelbits,0x014435b1e39945cf4f5f0c3cbb5833195a95cc9b,0.010045,ETH,28.12
2026-02-15,20:10:59,2026-02-15T20:10:59.000Z,Duelbits,0x014435b1e39945cf4f5f0c3cbb5833195a95cc9b,0.022755,ETH,63.72
2026-02-15,20:10:59,2026-02-15T20:10:59.000Z,Duelbits,0x014435b1e39945cf4f5f0c3cbb5833195a95cc9b,0.009324,ETH,26.11
2026-02-15,20:10:59,2026-02-15T20:10:59.000Z,Duelbits,0x014435b1e39945cf4f5f0c3cbb5833195a95cc9b,0.021926,ETH,61.39
2026-02-15,20:10:59,2026-02-15T20:10:59.000Z,Duelbits,0x014435b1e39945cf4f5f0c3cbb5833195a95cc9b,0.022513,ETH,63.04
2026-02-15,20:10:59,2026-02-15T20:10:59.000Z,Duelbits,0x014435b1e39945cf4f5f0c3cbb5833195a95cc9b,0.014476,ETH,40.53
2026-02-15,20:10:59,2026-02-15T20:10:59.000Z,Duelbits,0x014435b1e39945cf4f5f0c3cbb5833195a95cc9b,0.009257,ETH,25.92
2026-02-15,20:10:59,2026-02-15T20:10:59.000Z,Duelbits,0x014435b1e39945cf4f5f0c3cbb5833195a95cc9b,0.012580,ETH,35.22
2026-02-15,20:10:59,2026-02-15T20:10:59.000Z,Duelbits,0x014435b1e39945cf4f5f0c3cbb5833195a95cc9b,0.013009,ETH,36.43
2026-02-15,20:10:59,2026-02-15T20:10:59.000Z,Duelbits,0x014435b1e39945cf4f5f0c3cbb5833195a95cc9b,0.014942,ETH,41.84
2026-02-15,20:10:59,2026-02-15T20:10:59.000Z,Duelbits,0x014435b1e39945cf4f5f0c3cbb5833195a95cc9b,0.011857,ETH,33.20
2026-02-15,20:10:59,2026-02-15T20:10:59.000Z,Duelbits,0x014435b1e39945cf4f5f0c3cbb5833195a95cc9b,0.009993,ETH,27.98
2026-02-15,20:10:59,2026-02-15T20:10:59.000Z,Duelbits,0x014435b1e39945cf4f5f0c3cbb5833195a95cc9b,0.020007,ETH,56.02
2026-02-15,20:10:59,2026-02-15T20:10:59.000Z,Duelbits,0x014435b1e39945cf4f5f0c3cbb5833195a95cc9b,0.021724,ETH,60.83
2026-02-15,20:10:59,2026-02-15T20:10:59.000Z,Duelbits,0x014435b1e39945cf4f5f0c3cbb5833195a95cc9b,0.008964,ETH,25.10
2026-02-15,20:10:59,2026-02-15T20:10:59.000Z,Duelbits,0x014435b1e39945cf4f5f0c3cbb5833195a95cc9b,0.021606,ETH,60.50
2026-02-15,20:10:59,2026-02-15T20:10:59.000Z,Duelbits,0x014435b1e39945cf4f5f0c3cbb5833195a95cc9b,0.009357,ETH,26.20
2026-02-15,20:10:59,2026-02-15T20:10:59.000Z,Duelbits,0x014435b1e39945cf4f5f0c3cbb5833195a95cc9b,0.022730,ETH,63.64
2026-02-15,20:10:59,2026-02-15T20:10:59.000Z,Duelbits,0x014435b1e39945cf4f5f0c3cbb5833195a95cc9b,0.009970,ETH,27.92
2026-02-15,20:10:59,2026-02-15T20:10:59.000Z,Duelbits,0x014435b1e39945cf4f5f0c3cbb5833195a95cc9b,0.014582,ETH,40.83
2026-02-15,20:10:59,2026-02-15T20:10:59.000Z,Duelbits,0x014435b1e39945cf4f5f0c3cbb5833195a95cc9b,0.008643,ETH,24.20
2026-02-15,20:10:59,2026-02-15T20:10:59.000Z,Duelbits,0x014435b1e39945cf4f5f0c3cbb5833195a95cc9b,0.014581,ETH,40.83
2026-02-15,20:10:59,2026-02-15T20:10:59.000Z,Duelbits,0x014435b1e39945cf4f5f0c3cbb5833195a95cc9b,0.004598,ETH,12.87
2026-02-15,20:10:59,2026-02-15T20:10:59.000Z,Duelbits,0x014435b1e39945cf4f5f0c3cbb5833195a95cc9b,0.005902,ETH,16.52
2026-02-15,20:10:59,2026-02-15T20:10:59.000Z,Duelbits,0x014435b1e39945cf4f5f0c3cbb5833195a95cc9b,0.008155,ETH,22.83
2026-02-15,20:10:59,2026-02-15T20:10:59.000Z,Duelbits,0x014435b1e39945cf4f5f0c3cbb5833195a95cc9b,0.000812,ETH,2.27
2026-02-15,20:10:59,2026-02-15T20:10:59.000Z,Duelbits,0x014435b1e39945cf4f5f0c3cbb5833195a95cc9b,0.004598,ETH,12.87
2026-02-15,20:10:59,2026-02-15T20:10:59.000Z,Duelbits,0x014435b1e39945cf4f5f0c3cbb5833195a95cc9b,0.001928,ETH,5.40
2026-02-15,20:10:59,2026-02-15T20:10:59.000Z,Duelbits,0x014435b1e39945cf4f5f0c3cbb5833195a95cc9b,0.000181,ETH,0.51
2026-02-15,20:10:59,2026-02-15T20:10:59.000Z,Duelbits,0x014435b1e39945cf4f5f0c3cbb5833195a95cc9b,0.000230,ETH,0.64
2026-02-15,20:10:59,2026-02-15T20:10:59.000Z,Duelbits,0x014435b1e39945cf4f5f0c3cbb5833195a95cc9b,0.006878,ETH,19.26
2026-02-15,20:10:59,2026-02-15T20:10:59.000Z,Duelbits,0x014435b1e39945cf4f5f0c3cbb5833195a95cc9b,0.005480,ETH,15.34
2026-02-15,20:10:59,2026-02-15T20:10:59.000Z,Duelbits,0x014435b1e39945cf4f5f0c3cbb5833195a95cc9b,0.001698,ETH,4.75
2026-02-15,20:10:59,2026-02-15T20:10:59.000Z,Duelbits,0x014435b1e39945cf4f5f0c3cbb5833195a95cc9b,0.001698,ETH,4.75
2026-02-15,20:10:59,2026-02-15T20:10:59.000Z,Duelbits,0x014435b1e39945cf4f5f0c3cbb5833195a95cc9b,0.004598,ETH,12.87
2026-02-15,20:10:59,2026-02-15T20:10:59.000Z,Duelbits,0x014435b1e39945cf4f5f0c3cbb5833195a95cc9b,0.005957,ETH,16.68
2026-02-15,20:10:59,2026-02-15T20:10:59.000Z,Duelbits,0x014435b1e39945cf4f5f0c3cbb5833195a95cc9b,0.004598,ETH,12.87
2026-02-15,20:10:59,2026-02-15T20:10:59.000Z,Duelbits,0x014435b1e39945cf4f5f0c3cbb5833195a95cc9b,0.001000,ETH,2.80
2026-02-15,20:10:59,2026-02-15T20:10:59.000Z,Duelbits,0x014435b1e39945cf4f5f0c3cbb5833195a95cc9b,0.002254,ETH,6.31
2026-02-15,20:10:59,2026-02-15T20:10:59.000Z,Duelbits,0x014435b1e39945cf4f5f0c3cbb5833195a95cc9b,0.001173,ETH,3.28
2026-02-15,20:10:59,2026-02-15T20:10:59.000Z,Duelbits,0x014435b1e39945cf4f5f0c3cbb5833195a95cc9b,0.000920,ETH,2.58
2026-02-15,20:10:59,2026-02-15T20:10:59.000Z,Duelbits,0x014435b1e39945cf4f5f0c3cbb5833195a95cc9b,0.004598,ETH,12.87
2026-02-15,20:10:59,2026-02-15T20:10:59.000Z,Duelbits,0x014435b1e39945cf4f5f0c3cbb5833195a95cc9b,0.002713,ETH,7.60
2026-02-15,20:10:59,2026-02-15T20:10:59.000Z,Duelbits,0x014435b1e39945cf4f5f0c3cbb5833195a95cc9b,0.000620,ETH,1.74
2026-02-15,20:10:59,2026-02-15T20:10:59.000Z,Duelbits,0x014435b1e39945cf4f5f0c3cbb5833195a95cc9b,0.007599,ETH,21.28
2026-02-15,20:10:59,2026-02-15T20:10:59.000Z,Duelbits,0x014435b1e39945cf4f5f0c3cbb5833195a95cc9b,0.000977,ETH,2.74
2026-02-15,20:10:59,2026-02-15T20:10:59.000Z,Duelbits,0x014435b1e39945cf4f5f0c3cbb5833195a95cc9b,0.000546,ETH,1.53
2026-02-15,20:12:23,2026-02-15T20:12:23.000Z,Rollbit,0xcbd6832ebc203e49e2b771897067fce3c58575ac,0.000475,ETH,1.33
2026-02-15,20:15:11,2026-02-15T20:15:11.000Z,Rollbit,0xcbd6832ebc203e49e2b771897067fce3c58575ac,0.016881,ETH,47.27
2026-02-15,20:15:23,2026-02-15T20:15:23.000Z,Rollbit,0xcbd6832ebc203e49e2b771897067fce3c58575ac,0.000436,ETH,1.22
2026-02-15,20:16:23,2026-02-15T20:16:23.000Z,Rollbit,0xcbd6832ebc203e49e2b771897067fce3c58575ac,0.043898,ETH,122.91
2026-02-15,20:17:11,2026-02-15T20:17:11.000Z,Rollbit,0xcbd6832ebc203e49e2b771897067fce3c58575ac,0.069118,ETH,193.53
2026-02-15,20:17:47,2026-02-15T20:17:47.000Z,Rollbit,0xcbd6832ebc203e49e2b771897067fce3c58575ac,0.560308,ETH,1568.86
2026-02-15,20:17:59,2026-02-15T20:17:59.000Z,Rollbit,0xcbd6832ebc203e49e2b771897067fce3c58575ac,0.111430,ETH,312.00
2026-02-15,20:17:59,2026-02-15T20:17:59.000Z,Bitcasino,0x5bcbdfb6cc624b959c39a2d16110d1f2d9204f72,0.346498,ETH,970.19
2026-02-15,20:19:23,2026-02-15T20:19:23.000Z,Rollbit,0xcbd6832ebc203e49e2b771897067fce3c58575ac,0.000344,ETH,0.96
2026-02-15,20:19:47,2026-02-15T20:19:47.000Z,Bitcasino,0x5bcbdfb6cc624b959c39a2d16110d1f2d9204f72,0.072697,ETH,203.55
2026-02-15,20:20:47,2026-02-15T20:20:47.000Z,Rollbit,0xcbd6832ebc203e49e2b771897067fce3c58575ac,0.013030,ETH,36.48
2026-02-15,20:20:59,2026-02-15T20:20:59.000Z,Rollbit,0xcbd6832ebc203e49e2b771897067fce3c58575ac,0.009158,ETH,25.64
2026-02-15,20:20:59,2026-02-15T20:20:59.000Z,Rollbit,0xcbd6832ebc203e49e2b771897067fce3c58575ac,0.000346,ETH,0.97
2026-02-15,20:20:59,2026-02-15T20:20:59.000Z,Bitcasino,0x5bcbdfb6cc624b959c39a2d16110d1f2d9204f72,0.051920,ETH,145.38
2026-02-15,20:21:11,2026-02-15T20:21:11.000Z,Rollbit,0xcbd6832ebc203e49e2b771897067fce3c58575ac,0.085527,ETH,239.48
2026-02-15,20:21:59,2026-02-15T20:21:59.000Z,Rollbit,0xcbd6832ebc203e49e2b771897067fce3c58575ac,0.049863,ETH,139.62
2026-02-15,20:22:47,2026-02-15T20:22:47.000Z,Stake 11,0x787b8840100d9baadd7463f4a73b5ba73b00c6ca,0.129249,ETH,361.90
2026-02-15,20:23:23,2026-02-15T20:23:23.000Z,Stake 11,0x787b8840100d9baadd7463f4a73b5ba73b00c6ca,0.000065,ETH,0.18
2026-02-15,20:23:23,2026-02-15T20:23:23.000Z,Stake 11,0x787b8840100d9baadd7463f4a73b5ba73b00c6ca,0.000077,ETH,0.22
2026-02-15,20:23:23,2026-02-15T20:23:23.000Z,Stake 11,0x787b8840100d9baadd7463f4a73b5ba73b00c6ca,0.018602,ETH,52.08
2026-02-15,20:23:23,2026-02-15T20:23:23.000Z,Stake 11,0x787b8840100d9baadd7463f4a73b5ba73b00c6ca,0.040487,ETH,113.36
2026-02-15,20:23:23,2026-02-15T20:23:23.000Z,Stake 11,0x787b8840100d9baadd7463f4a73b5ba73b00c6ca,0.000076,ETH,0.21
2026-02-15,20:23:23,2026-02-15T20:23:23.000Z,Stake 11,0x787b8840100d9baadd7463f4a73b5ba73b00c6ca,0.000076,ETH,0.21
2026-02-15,20:23:23,2026-02-15T20:23:23.000Z,Stake 11,0x787b8840100d9baadd7463f4a73b5ba73b00c6ca,0.313984,ETH,879.16
2026-02-15,20:23:23,2026-02-15T20:23:23.000Z,Stake 11,0x787b8840100d9baadd7463f4a73b5ba73b00c6ca,0.000076,ETH,0.21
2026-02-15,20:23:23,2026-02-15T20:23:23.000Z,Stake 11,0x787b8840100d9baadd7463f4a73b5ba73b00c6ca,0.000064,ETH,0.18
2026-02-15,20:23:23,2026-02-15T20:23:23.000Z,Stake 11,0x787b8840100d9baadd7463f4a73b5ba73b00c6ca,0.000065,ETH,0.18
2026-02-15,20:23:23,2026-02-15T20:23:23.000Z,Stake 11,0x787b8840100d9baadd7463f4a73b5ba73b00c6ca,0.000064,ETH,0.18
2026-02-15,20:23:23,2026-02-15T20:23:23.000Z,Stake 11,0x787b8840100d9baadd7463f4a73b5ba73b00c6ca,0.000065,ETH,0.18
2026-02-15,20:23:23,2026-02-15T20:23:23.000Z,Stake 11,0x787b8840100d9baadd7463f4a73b5ba73b00c6ca,0.000077,ETH,0.22
2026-02-15,20:23:23,2026-02-15T20:23:23.000Z,Stake 11,0x787b8840100d9baadd7463f4a73b5ba73b00c6ca,0.000070,ETH,0.20
2026-02-15,20:23:23,2026-02-15T20:23:23.000Z,Stake 11,0x787b8840100d9baadd7463f4a73b5ba73b00c6ca,0.000070,ETH,0.20
2026-02-15,20:23:23,2026-02-15T20:23:23.000Z,Stake 11,0x787b8840100d9baadd7463f4a73b5ba73b00c6ca,0.165166,ETH,462.47
2026-02-15,20:23:23,2026-02-15T20:23:23.000Z,Stake 11,0x787b8840100d9baadd7463f4a73b5ba73b00c6ca,0.000065,ETH,0.18
2026-02-15,20:23:23,2026-02-15T20:23:23.000Z,Stake 11,0x787b8840100d9baadd7463f4a73b5ba73b00c6ca,0.000079,ETH,0.22
2026-02-15,20:23:23,2026-02-15T20:23:23.000Z,Stake 11,0x787b8840100d9baadd7463f4a73b5ba73b00c6ca,0.000076,ETH,0.21
2026-02-15,20:23:23,2026-02-15T20:23:23.000Z,Stake 11,0x787b8840100d9baadd7463f4a73b5ba73b00c6ca,0.000079,ETH,0.22
2026-02-15,20:23:23,2026-02-15T20:23:23.000Z,Stake 11,0x787b8840100d9baadd7463f4a73b5ba73b00c6ca,0.000077,ETH,0.22
2026-02-15,20:23:23,2026-02-15T20:23:23.000Z,Stake 11,0x787b8840100d9baadd7463f4a73b5ba73b00c6ca,0.000065,ETH,0.18
2026-02-15,20:23:23,2026-02-15T20:23:23.000Z,Stake 11,0x787b8840100d9baadd7463f4a73b5ba73b00c6ca,0.000064,ETH,0.18
2026-02-15,20:23:23,2026-02-15T20:23:23.000Z,Stake 11,0x787b8840100d9baadd7463f4a73b5ba73b00c6ca,0.000076,ETH,0.21
2026-02-15,20:23:23,2026-02-15T20:23:23.000Z,Stake 11,0x787b8840100d9baadd7463f4a73b5ba73b00c6ca,0.021491,ETH,60.17
2026-02-15,20:23:23,2026-02-15T20:23:23.000Z,Stake 11,0x787b8840100d9baadd7463f4a73b5ba73b00c6ca,0.004581,ETH,12.83
2026-02-15,20:23:23,2026-02-15T20:23:23.000Z,Rollbit,0xcbd6832ebc203e49e2b771897067fce3c58575ac,0.009788,ETH,27.41
2026-02-15,20:23:35,2026-02-15T20:23:35.000Z,Stake 11,0x787b8840100d9baadd7463f4a73b5ba73b00c6ca,0.009637,ETH,26.98
2026-02-15,20:23:35,2026-02-15T20:23:35.000Z,Stake 11,0x787b8840100d9baadd7463f4a73b5ba73b00c6ca,0.094927,ETH,265.80
2026-02-15,20:23:35,2026-02-15T20:23:35.000Z,Stake 11,0x787b8840100d9baadd7463f4a73b5ba73b00c6ca,0.019398,ETH,54.31
2026-02-15,20:23:35,2026-02-15T20:23:35.000Z,Stake 11,0x787b8840100d9baadd7463f4a73b5ba73b00c6ca,0.011856,ETH,33.20
2026-02-15,20:23:35,2026-02-15T20:23:35.000Z,Stake 11,0x787b8840100d9baadd7463f4a73b5ba73b00c6ca,0.000064,ETH,0.18
2026-02-15,20:23:35,2026-02-15T20:23:35.000Z,Stake 11,0x787b8840100d9baadd7463f4a73b5ba73b00c6ca,0.000064,ETH,0.18
2026-02-15,20:23:35,2026-02-15T20:23:35.000Z,Stake 11,0x787b8840100d9baadd7463f4a73b5ba73b00c6ca,0.000064,ETH,0.18
2026-02-15,20:23:35,2026-02-15T20:23:35.000Z,Stake 11,0x787b8840100d9baadd7463f4a73b5ba73b00c6ca,0.000064,ETH,0.18
2026-02-15,20:23:35,2026-02-15T20:23:35.000Z,Stake 11,0x787b8840100d9baadd7463f4a73b5ba73b00c6ca,0.091982,ETH,257.55
2026-02-15,20:23:35,2026-02-15T20:23:35.000Z,Stake 11,0x787b8840100d9baadd7463f4a73b5ba73b00c6ca,0.000064,ETH,0.18
2026-02-15,20:23:35,2026-02-15T20:23:35.000Z,Stake 11,0x787b8840100d9baadd7463f4a73b5ba73b00c6ca,0.030972,ETH,86.72
2026-02-15,20:23:35,2026-02-15T20:23:35.000Z,Stake 11,0x787b8840100d9baadd7463f4a73b5ba73b00c6ca,0.000064,ETH,0.18
2026-02-15,20:23:35,2026-02-15T20:23:35.000Z,Stake 11,0x787b8840100d9baadd7463f4a73b5ba73b00c6ca,0.000064,ETH,0.18
2026-02-15,20:23:35,2026-02-15T20:23:35.000Z,Stake 11,0x787b8840100d9baadd7463f4a73b5ba73b00c6ca,0.071874,ETH,201.25
2026-02-15,20:23:35,2026-02-15T20:23:35.000Z,Stake 11,0x787b8840100d9baadd7463f4a73b5ba73b00c6ca,0.047225,ETH,132.23
2026-02-15,20:23:35,2026-02-15T20:23:35.000Z,Stake 11,0x787b8840100d9baadd7463f4a73b5ba73b00c6ca,0.457591,ETH,1281.26
2026-02-15,20:23:35,2026-02-15T20:23:35.000Z,Stake 11,0x787b8840100d9baadd7463f4a73b5ba73b00c6ca,0.000064,ETH,0.18
2026-02-15,20:23:35,2026-02-15T20:23:35.000Z,Stake 11,0x787b8840100d9baadd7463f4a73b5ba73b00c6ca,0.005969,ETH,16.71
2026-02-15,20:23:35,2026-02-15T20:23:35.000Z,Stake 11,0x787b8840100d9baadd7463f4a73b5ba73b00c6ca,0.000064,ETH,0.18
2026-02-15,20:23:35,2026-02-15T20:23:35.000Z,Stake 11,0x787b8840100d9baadd7463f4a73b5ba73b00c6ca,0.157637,ETH,441.38
2026-02-15,20:23:35,2026-02-15T20:23:35.000Z,Stake 11,0x787b8840100d9baadd7463f4a73b5ba73b00c6ca,0.016310,ETH,45.67
2026-02-15,20:23:35,2026-02-15T20:23:35.000Z,Stake 11,0x787b8840100d9baadd7463f4a73b5ba73b00c6ca,0.016032,ETH,44.89
2026-02-15,20:23:35,2026-02-15T20:23:35.000Z,Stake 11,0x787b8840100d9baadd7463f4a73b5ba73b00c6ca,0.000064,ETH,0.18
2026-02-15,20:23:35,2026-02-15T20:23:35.000Z,Stake 11,0x787b8840100d9baadd7463f4a73b5ba73b00c6ca,0.003459,ETH,9.68
2026-02-15,20:23:35,2026-02-15T20:23:35.000Z,Stake 11,0x787b8840100d9baadd7463f4a73b5ba73b00c6ca,0.000064,ETH,0.18
2026-02-15,20:24:23,2026-02-15T20:24:23.000Z,Rollbit,0xcbd6832ebc203e49e2b771897067fce3c58575ac,0.000354,ETH,0.99
2026-02-15,20:24:23,2026-02-15T20:24:23.000Z,Rollbit,0xcbd6832ebc203e49e2b771897067fce3c58575ac,0.016957,ETH,47.48
2026-02-15,20:24:59,2026-02-15T20:24:59.000Z,Stake 11,0x787b8840100d9baadd7463f4a73b5ba73b00c6ca,0.623419,ETH,1745.57
2026-02-15,20:25:23,2026-02-15T20:25:23.000Z,Rollbit,0xcbd6832ebc203e49e2b771897067fce3c58575ac,0.042653,ETH,119.43
2026-02-15,20:25:23,2026-02-15T20:25:23.000Z,Rollbit,0xcbd6832ebc203e49e2b771897067fce3c58575ac,0.000355,ETH,0.99
2026-02-15,20:25:59,2026-02-15T20:25:59.000Z,Rollbit,0xcbd6832ebc203e49e2b771897067fce3c58575ac,0.094449,ETH,264.46
2026-02-15,20:26:35,2026-02-15T20:26:35.000Z,Rollbit,0xcbd6832ebc203e49e2b771897067fce3c58575ac,0.510293,ETH,1428.82
2026-02-15,20:27:23,2026-02-15T20:27:23.000Z,Rollbit,0xcbd6832ebc203e49e2b771897067fce3c58575ac,0.028954,ETH,81.07
2026-02-15,20:27:35,2026-02-15T20:27:35.000Z,Stake 11,0x787b8840100d9baadd7463f4a73b5ba73b00c6ca,0.094241,ETH,263.88
2026-02-15,20:27:35,2026-02-15T20:27:35.000Z,Stake 11,0x787b8840100d9baadd7463f4a73b5ba73b00c6ca,0.086783,ETH,242.99
2026-02-15,20:27:35,2026-02-15T20:27:35.000Z,Stake 11,0x787b8840100d9baadd7463f4a73b5ba73b00c6ca,0.092197,ETH,258.15
2026-02-15,20:27:59,2026-02-15T20:27:59.000Z,Rollbit,0xcbd6832ebc203e49e2b771897067fce3c58575ac,0.608836,ETH,1704.74
2026-02-15,20:29:11,2026-02-15T20:29:11.000Z,Rollbit,0xcbd6832ebc203e49e2b771897067fce3c58575ac,0.499999,ETH,1400.00
2026-02-15,20:30:11,2026-02-15T20:30:11.000Z,Stake 11,0x787b8840100d9baadd7463f4a73b5ba73b00c6ca,0.663631,ETH,1858.17
2026-02-15,20:30:23,2026-02-15T20:30:23.000Z,Roobet,0xc94ebb328ac25b95db0e0aa968371885fa516215,20.944214,ETH,58643.80
2026-02-15,20:33:23,2026-02-15T20:33:23.000Z,Rollbit,0xcbd6832ebc203e49e2b771897067fce3c58575ac,0.004899,ETH,13.72
2026-02-15,20:34:47,2026-02-15T20:34:47.000Z,Rollbit,0xcbd6832ebc203e49e2b771897067fce3c58575ac,0.000348,ETH,0.97
2026-02-15,20:36:23,2026-02-15T20:36:23.000Z,Rollbit,0xcbd6832ebc203e49e2b771897067fce3c58575ac,0.077108,ETH,215.90
2026-02-15,20:38:35,2026-02-15T20:38:35.000Z,Rollbit,0xcbd6832ebc203e49e2b771897067fce3c58575ac,0.016436,ETH,46.02
2026-02-15,20:39:59,2026-02-15T20:39:59.000Z,Rollbit,0xcbd6832ebc203e49e2b771897067fce3c58575ac,0.017608,ETH,49.30
2026-02-15,20:40:11,2026-02-15T20:40:11.000Z,Stake 11,0x787b8840100d9baadd7463f4a73b5ba73b00c6ca,0.183328,ETH,513.32
2026-02-15,20:40:11,2026-02-15T20:40:11.000Z,Stake 11,0x787b8840100d9baadd7463f4a73b5ba73b00c6ca,0.003950,ETH,11.06
2026-02-15,20:40:11,2026-02-15T20:40:11.000Z,Stake 11,0x787b8840100d9baadd7463f4a73b5ba73b00c6ca,0.056604,ETH,158.49
2026-02-15,20:40:11,2026-02-15T20:40:11.000Z,Stake 11,0x787b8840100d9baadd7463f4a73b5ba73b00c6ca,0.776067,ETH,2172.99
2026-02-15,20:40:59,2026-02-15T20:40:59.000Z,Rollbit,0xcbd6832ebc203e49e2b771897067fce3c58575ac,4.999999,ETH,14000.00
2026-02-15,20:41:59,2026-02-15T20:41:59.000Z,Rollbit,0xcbd6832ebc203e49e2b771897067fce3c58575ac,0.000335,ETH,0.94
2026-02-15,20:43:35,2026-02-15T20:43:35.000Z,Rollbit,0xcbd6832ebc203e49e2b771897067fce3c58575ac,0.000334,ETH,0.94
2026-02-15,20:43:47,2026-02-15T20:43:47.000Z,Rollbit,0xcbd6832ebc203e49e2b771897067fce3c58575ac,0.000334,ETH,0.93
2026-02-15,20:44:11,2026-02-15T20:44:11.000Z,Rollbit,0xcbd6832ebc203e49e2b771897067fce3c58575ac,0.018330,ETH,51.32
2026-02-15,20:44:59,2026-02-15T20:44:59.000Z,Rollbit,0xcbd6832ebc203e49e2b771897067fce3c58575ac,0.499999,ETH,1400.00
2026-02-15,20:45:11,2026-02-15T20:45:11.000Z,Rollbit,0xcbd6832ebc203e49e2b771897067fce3c58575ac,0.000099,ETH,0.28
2026-02-15,20:46:23,2026-02-15T20:46:23.000Z,Rollbit,0xcbd6832ebc203e49e2b771897067fce3c58575ac,0.045867,ETH,128.43
2026-02-15,20:47:35,2026-02-15T20:47:35.000Z,Roobet,0xc94ebb328ac25b95db0e0aa968371885fa516215,0.000001,ETH,0.00
2026-02-15,20:48:11,2026-02-15T20:48:11.000Z,Rollbit,0xcbd6832ebc203e49e2b771897067fce3c58575ac,0.000330,ETH,0.92
2026-02-15,20:48:11,2026-02-15T20:48:11.000Z,Rollbit,0xcbd6832ebc203e49e2b771897067fce3c58575ac,0.000330,ETH,0.92
2026-02-15,20:48:59,2026-02-15T20:48:59.000Z,Stake 11,0x787b8840100d9baadd7463f4a73b5ba73b00c6ca,0.032684,ETH,91.51
2026-02-15,20:48:59,2026-02-15T20:48:59.000Z,Stake 11,0x787b8840100d9baadd7463f4a73b5ba73b00c6ca,0.048535,ETH,135.90
2026-02-15,20:48:59,2026-02-15T20:48:59.000Z,Stake 11,0x787b8840100d9baadd7463f4a73b5ba73b00c6ca,0.023948,ETH,67.05
2026-02-15,20:49:23,2026-02-15T20:49:23.000Z,Stake 11,0x787b8840100d9baadd7463f4a73b5ba73b00c6ca,0.118795,ETH,332.63
2026-02-15,20:49:23,2026-02-15T20:49:23.000Z,Stake 11,0x787b8840100d9baadd7463f4a73b5ba73b00c6ca,0.022869,ETH,64.03
2026-02-15,20:49:23,2026-02-15T20:49:23.000Z,Stake 11,0x787b8840100d9baadd7463f4a73b5ba73b00c6ca,0.221082,ETH,619.03
2026-02-15,20:49:35,2026-02-15T20:49:35.000Z,Rollbit,0xcbd6832ebc203e49e2b771897067fce3c58575ac,0.029015,ETH,81.24
2026-02-15,20:49:35,2026-02-15T20:49:35.000Z,Roobet,0xc94ebb328ac25b95db0e0aa968371885fa516215,0.000000,ETH,0.00
2026-02-15,20:51:35,2026-02-15T20:51:35.000Z,Stake 11,0x787b8840100d9baadd7463f4a73b5ba73b00c6ca,0.013328,ETH,37.32
2026-02-15,20:51:35,2026-02-15T20:51:35.000Z,Stake 11,0x787b8840100d9baadd7463f4a73b5ba73b00c6ca,0.021937,ETH,61.42
2026-02-15,20:51:35,2026-02-15T20:51:35.000Z,Stake 11,0x787b8840100d9baadd7463f4a73b5ba73b00c6ca,0.001999,ETH,5.60
2026-02-15,20:51:35,2026-02-15T20:51:35.000Z,Stake 11,0x787b8840100d9baadd7463f4a73b5ba73b00c6ca,0.010007,ETH,28.02
2026-02-15,20:51:35,2026-02-15T20:51:35.000Z,Stake 11,0x787b8840100d9baadd7463f4a73b5ba73b00c6ca,0.349035,ETH,977.30
2026-02-15,20:51:59,2026-02-15T20:51:59.000Z,Stake 11,0x787b8840100d9baadd7463f4a73b5ba73b00c6ca,0.000096,ETH,0.27
2026-02-15,20:51:59,2026-02-15T20:51:59.000Z,Stake 11,0x787b8840100d9baadd7463f4a73b5ba73b00c6ca,0.009197,ETH,25.75
2026-02-15,20:51:59,2026-02-15T20:51:59.000Z,Stake 11,0x787b8840100d9baadd7463f4a73b5ba73b00c6ca,0.021602,ETH,60.48
2026-02-15,20:51:59,2026-02-15T20:51:59.000Z,Stake 11,0x787b8840100d9baadd7463f4a73b5ba73b00c6ca,1.313053,ETH,3676.55
2026-02-15,20:52:11,2026-02-15T20:52:11.000Z,Rollbit,0xcbd6832ebc203e49e2b771897067fce3c58575ac,0.000324,ETH,0.91
2026-02-15,20:52:11,2026-02-15T20:52:11.000Z,Bitcasino,0x5bcbdfb6cc624b959c39a2d16110d1f2d9204f72,0.030355,ETH,84.99
2026-02-15,20:52:47,2026-02-15T20:52:47.000Z,Rollbit,0xcbd6832ebc203e49e2b771897067fce3c58575ac,0.009119,ETH,25.53
2026-02-15,20:53:11,2026-02-15T20:53:11.000Z,Rollbit,0xcbd6832ebc203e49e2b771897067fce3c58575ac,0.000302,ETH,0.85
2026-02-15,20:53:23,2026-02-15T20:53:23.000Z,Rollbit,0xcbd6832ebc203e49e2b771897067fce3c58575ac,0.140508,ETH,393.42
2026-02-15,20:53:35,2026-02-15T20:53:35.000Z,Rollbit,0xcbd6832ebc203e49e2b771897067fce3c58575ac,0.014900,ETH,41.72
2026-02-15,20:54:35,2026-02-15T20:54:35.000Z,Rollbit,0xcbd6832ebc203e49e2b771897067fce3c58575ac,0.000291,ETH,0.81
2026-02-15,20:55:23,2026-02-15T20:55:23.000Z,Rollbit,0xcbd6832ebc203e49e2b771897067fce3c58575ac,0.024350,ETH,68.18
2026-02-15,20:57:47,2026-02-15T20:57:47.000Z,Rollbit,0xcbd6832ebc203e49e2b771897067fce3c58575ac,0.124613,ETH,348.92
2026-02-15,20:58:59,2026-02-15T20:58:59.000Z,Rollbit,0xcbd6832ebc203e49e2b771897067fce3c58575ac,0.013999,ETH,39.20
2026-02-15,20:59:11,2026-02-15T20:59:11.000Z,Rollbit,0xcbd6832ebc203e49e2b771897067fce3c58575ac,0.018561,ETH,51.97
2026-02-15,21:00:11,2026-02-15T21:00:11.000Z,Rollbit,0xcbd6832ebc203e49e2b771897067fce3c58575ac,0.499999,ETH,1400.00
2026-02-15,21:00:47,2026-02-15T21:00:47.000Z,Rollbit,0xcbd6832ebc203e49e2b771897067fce3c58575ac,0.499999,ETH,1400.00
2026-02-15,21:00:47,2026-02-15T21:00:47.000Z,Rollbit,0xcbd6832ebc203e49e2b771897067fce3c58575ac,4.999999,ETH,14000.00
2026-02-15,21:02:23,2026-02-15T21:02:23.000Z,Stake 11,0x787b8840100d9baadd7463f4a73b5ba73b00c6ca,0.156565,ETH,438.38
2026-02-15,21:02:23,2026-02-15T21:02:23.000Z,Stake 11,0x787b8840100d9baadd7463f4a73b5ba73b00c6ca,0.007999,ETH,22.40
2026-02-15,21:02:23,2026-02-15T21:02:23.000Z,Stake 11,0x787b8840100d9baadd7463f4a73b5ba73b00c6ca,0.331372,ETH,927.84
2026-02-15,21:02:35,2026-02-15T21:02:35.000Z,Rollbit,0xcbd6832ebc203e49e2b771897067fce3c58575ac,0.007462,ETH,20.89
2026-02-15,21:03:11,2026-02-15T21:03:11.000Z,Stake 11,0x787b8840100d9baadd7463f4a73b5ba73b00c6ca,0.023039,ETH,64.51
2026-02-15,21:03:11,2026-02-15T21:03:11.000Z,Stake 11,0x787b8840100d9baadd7463f4a73b5ba73b00c6ca,0.460980,ETH,1290.74
2026-02-15,21:03:11,2026-02-15T21:03:11.000Z,Stake 11,0x787b8840100d9baadd7463f4a73b5ba73b00c6ca,0.009346,ETH,26.17
2026-02-15,21:03:35,2026-02-15T21:03:35.000Z,Rollbit,0xcbd6832ebc203e49e2b771897067fce3c58575ac,0.050635,ETH,141.78
2026-02-15,21:04:59,2026-02-15T21:04:59.000Z,Stake 11,0x787b8840100d9baadd7463f4a73b5ba73b00c6ca,0.039585,ETH,110.84
2026-02-15,21:04:59,2026-02-15T21:04:59.000Z,Stake 11,0x787b8840100d9baadd7463f4a73b5ba73b00c6ca,0.004883,ETH,13.67
2026-02-15,21:04:59,2026-02-15T21:04:59.000Z,Stake 11,0x787b8840100d9baadd7463f4a73b5ba73b00c6ca,0.007790,ETH,21.81
2026-02-15,21:04:59,2026-02-15T21:04:59.000Z,Stake 11,0x787b8840100d9baadd7463f4a73b5ba73b00c6ca,0.091305,ETH,255.65
2026-02-15,21:04:59,2026-02-15T21:04:59.000Z,Stake 11,0x787b8840100d9baadd7463f4a73b5ba73b00c6ca,0.004781,ETH,13.39
2026-02-15,21:04:59,2026-02-15T21:04:59.000Z,Stake 11,0x787b8840100d9baadd7463f4a73b5ba73b00c6ca,0.242663,ETH,679.46
2026-02-15,21:05:59,2026-02-15T21:05:59.000Z,Rollbit,0xcbd6832ebc203e49e2b771897067fce3c58575ac,0.028099,ETH,78.68
2026-02-15,21:06:23,2026-02-15T21:06:23.000Z,Stake 11,0x787b8840100d9baadd7463f4a73b5ba73b00c6ca,0.019399,ETH,54.32
2026-02-15,21:06:23,2026-02-15T21:06:23.000Z,Stake 11,0x787b8840100d9baadd7463f4a73b5ba73b00c6ca,0.267385,ETH,748.68
2026-02-15,21:06:23,2026-02-15T21:06:23.000Z,Rollbit,0xcbd6832ebc203e49e2b771897067fce3c58575ac,0.015359,ETH,43.01
2026-02-15,21:07:59,2026-02-15T21:07:59.000Z,Rollbit,0xcbd6832ebc203e49e2b771897067fce3c58575ac,0.016570,ETH,46.40
2026-02-15,21:08:59,2026-02-15T21:08:59.000Z,Rollbit,0xcbd6832ebc203e49e2b771897067fce3c58575ac,0.013841,ETH,38.76
2026-02-15,21:10:11,2026-02-15T21:10:11.000Z,Rollbit,0xcbd6832ebc203e49e2b771897067fce3c58575ac,0.048287,ETH,135.20
2026-02-15,21:10:35,2026-02-15T21:10:35.000Z,Stake 11,0x787b8840100d9baadd7463f4a73b5ba73b00c6ca,0.000079,ETH,0.22
2026-02-15,21:10:35,2026-02-15T21:10:35.000Z,Stake 11,0x787b8840100d9baadd7463f4a73b5ba73b00c6ca,0.000217,ETH,0.61
2026-02-15,21:10:35,2026-02-15T21:10:35.000Z,Stake 11,0x787b8840100d9baadd7463f4a73b5ba73b00c6ca,0.000079,ETH,0.22
2026-02-15,21:10:35,2026-02-15T21:10:35.000Z,Stake 11,0x787b8840100d9baadd7463f4a73b5ba73b00c6ca,0.037124,ETH,103.95
2026-02-15,21:10:35,2026-02-15T21:10:35.000Z,Stake 11,0x787b8840100d9baadd7463f4a73b5ba73b00c6ca,0.007763,ETH,21.74
2026-02-15,21:12:23,2026-02-15T21:12:23.000Z,Stake 11,0x787b8840100d9baadd7463f4a73b5ba73b00c6ca,0.005150,ETH,14.42
2026-02-15,21:12:23,2026-02-15T21:12:23.000Z,Stake 11,0x787b8840100d9baadd7463f4a73b5ba73b00c6ca,1.942469,ETH,5438.91
2026-02-15,21:12:23,2026-02-15T21:12:23.000Z,Stake 11,0x787b8840100d9baadd7463f4a73b5ba73b00c6ca,0.000192,ETH,0.54
2026-02-15,21:12:23,2026-02-15T21:12:23.000Z,Stake 11,0x787b8840100d9baadd7463f4a73b5ba73b00c6ca,0.000178,ETH,0.50
2026-02-15,21:12:23,2026-02-15T21:12:23.000Z,Stake 11,0x787b8840100d9baadd7463f4a73b5ba73b00c6ca,0.001596,ETH,4.47
2026-02-15,21:12:23,2026-02-15T21:12:23.000Z,Stake 11,0x787b8840100d9baadd7463f4a73b5ba73b00c6ca,0.019801,ETH,55.44
2026-02-15,21:13:23,2026-02-15T21:13:23.000Z,Rollbit,0xcbd6832ebc203e49e2b771897067fce3c58575ac,0.101169,ETH,283.27
2026-02-15,21:14:11,2026-02-15T21:14:11.000Z,Rollbit,0xcbd6832ebc203e49e2b771897067fce3c58575ac,0.035748,ETH,100.10
2026-02-15,21:14:11,2026-02-15T21:14:11.000Z,Rollbit,0xcbd6832ebc203e49e2b771897067fce3c58575ac,0.018513,ETH,51.84
2026-02-15,21:14:59,2026-02-15T21:14:59.000Z,Rollbit,0xcbd6832ebc203e49e2b771897067fce3c58575ac,0.000198,ETH,0.55
2026-02-15,21:16:59,2026-02-15T21:16:59.000Z,Rollbit,0xcbd6832ebc203e49e2b771897067fce3c58575ac,0.024441,ETH,68.43
2026-02-15,21:17:11,2026-02-15T21:17:11.000Z,Rollbit,0xcbd6832ebc203e49e2b771897067fce3c58575ac,0.024756,ETH,69.32
2026-02-15,21:18:23,2026-02-15T21:18:23.000Z,Rollbit,0xcbd6832ebc203e49e2b771897067fce3c58575ac,0.024204,ETH,67.77
2026-02-15,21:18:47,2026-02-15T21:18:47.000Z,Rollbit,0xcbd6832ebc203e49e2b771897067fce3c58575ac,0.299999,ETH,840.00
2026-02-15,21:20:23,2026-02-15T21:20:23.000Z,Duelbits,0x014435b1e39945cf4f5f0c3cbb5833195a95cc9b,0.000000,ETH,0.00
2026-02-15,21:21:23,2026-02-15T21:21:23.000Z,Rollbit,0xcbd6832ebc203e49e2b771897067fce3c58575ac,0.558296,ETH,1563.23
2026-02-15,21:21:47,2026-02-15T21:21:47.000Z,Stake 11,0x787b8840100d9baadd7463f4a73b5ba73b00c6ca,0.047978,ETH,134.34
2026-02-15,21:21:47,2026-02-15T21:21:47.000Z,Stake 11,0x787b8840100d9baadd7463f4a73b5ba73b00c6ca,0.049510,ETH,138.63
2026-02-15,21:21:47,2026-02-15T21:21:47.000Z,Stake 11,0x787b8840100d9baadd7463f4a73b5ba73b00c6ca,0.000100,ETH,0.28
2026-02-15,21:21:47,2026-02-15T21:21:47.000Z,Rollbit,0xcbd6832ebc203e49e2b771897067fce3c58575ac,0.063911,ETH,178.95
2026-02-15,21:21:47,2026-02-15T21:21:47.000Z,Rollbit,0xcbd6832ebc203e49e2b771897067fce3c58575ac,0.201973,ETH,565.52
2026-02-15,21:21:59,2026-02-15T21:21:59.000Z,Rollbit,0xcbd6832ebc203e49e2b771897067fce3c58575ac,0.007528,ETH,21.08
2026-02-15,21:23:11,2026-02-15T21:23:11.000Z,Stake 11,0x787b8840100d9baadd7463f4a73b5ba73b00c6ca,1.253398,ETH,3509.51
2026-02-15,21:23:11,2026-02-15T21:23:11.000Z,Rollbit,0xcbd6832ebc203e49e2b771897067fce3c58575ac,0.000215,ETH,0.60
2026-02-15,21:23:35,2026-02-15T21:23:35.000Z,Bitcasino,0x5bcbdfb6cc624b959c39a2d16110d1f2d9204f72,0.053447,ETH,149.65
2026-02-15,21:23:59,2026-02-15T21:23:59.000Z,Rollbit,0xcbd6832ebc203e49e2b771897067fce3c58575ac,0.012970,ETH,36.32
2026-02-15,21:24:11,2026-02-15T21:24:11.000Z,Bitcasino,0x5bcbdfb6cc624b959c39a2d16110d1f2d9204f72,0.139956,ETH,391.88
2026-02-15,21:24:35,2026-02-15T21:24:35.000Z,Rollbit,0xcbd6832ebc203e49e2b771897067fce3c58575ac,0.510667,ETH,1429.87
2026-02-15,21:24:35,2026-02-15T21:24:35.000Z,Rollbit,0xcbd6832ebc203e49e2b771897067fce3c58575ac,0.102098,ETH,285.87
2026-02-15,21:24:35,2026-02-15T21:24:35.000Z,Bitcasino,0x5bcbdfb6cc624b959c39a2d16110d1f2d9204f72,0.037013,ETH,103.64
2026-02-15,21:28:59,2026-02-15T21:28:59.000Z,Rollbit,0xcbd6832ebc203e49e2b771897067fce3c58575ac,0.000187,ETH,0.52
2026-02-15,21:29:59,2026-02-15T21:29:59.000Z,Stake 11,0x787b8840100d9baadd7463f4a73b5ba73b00c6ca,0.035523,ETH,99.46
2026-02-15,21:29:59,2026-02-15T21:29:59.000Z,Stake 11,0x787b8840100d9baadd7463f4a73b5ba73b00c6ca,0.001113,ETH,3.12
2026-02-15,21:29:59,2026-02-15T21:29:59.000Z,Stake 11,0x787b8840100d9baadd7463f4a73b5ba73b00c6ca,0.029721,ETH,83.22
2026-02-15,21:29:59,2026-02-15T21:29:59.000Z,Stake 11,0x787b8840100d9baadd7463f4a73b5ba73b00c6ca,0.009999,ETH,28.00
2026-02-15,21:29:59,2026-02-15T21:29:59.000Z,Stake 11,0x787b8840100d9baadd7463f4a73b5ba73b00c6ca,0.004999,ETH,14.00
2026-02-15,21:30:35,2026-02-15T21:30:35.000Z,Stake 11,0x787b8840100d9baadd7463f4a73b5ba73b00c6ca,0.049791,ETH,139.41
2026-02-15,21:30:47,2026-02-15T21:30:47.000Z,Stake 11,0x787b8840100d9baadd7463f4a73b5ba73b00c6ca,0.000064,ETH,0.18
2026-02-15,21:30:47,2026-02-15T21:30:47.000Z,Stake 11,0x787b8840100d9baadd7463f4a73b5ba73b00c6ca,0.062629,ETH,175.36
2026-02-15,21:30:47,2026-02-15T21:30:47.000Z,Stake 11,0x787b8840100d9baadd7463f4a73b5ba73b00c6ca,0.487263,ETH,1364.34
2026-02-15,21:30:47,2026-02-15T21:30:47.000Z,Stake 11,0x787b8840100d9baadd7463f4a73b5ba73b00c6ca,0.717136,ETH,2007.98
2026-02-15,21:30:47,2026-02-15T21:30:47.000Z,Stake 11,0x787b8840100d9baadd7463f4a73b5ba73b00c6ca,0.000070,ETH,0.20
2026-02-15,21:32:35,2026-02-15T21:32:35.000Z,Stake 11,0x787b8840100d9baadd7463f4a73b5ba73b00c6ca,0.029487,ETH,82.56
2026-02-15,21:32:35,2026-02-15T21:32:35.000Z,Stake 11,0x787b8840100d9baadd7463f4a73b5ba73b00c6ca,0.150399,ETH,421.12
2026-02-15,21:32:35,2026-02-15T21:32:35.000Z,Stake 11,0x787b8840100d9baadd7463f4a73b5ba73b00c6ca,0.000075,ETH,0.21
2026-02-15,21:32:35,2026-02-15T21:32:35.000Z,Stake 11,0x787b8840100d9baadd7463f4a73b5ba73b00c6ca,0.000075,ETH,0.21
2026-02-15,21:32:35,2026-02-15T21:32:35.000Z,Stake 11,0x787b8840100d9baadd7463f4a73b5ba73b00c6ca,0.007230,ETH,20.24
2026-02-15,21:32:35,2026-02-15T21:32:35.000Z,Stake 11,0x787b8840100d9baadd7463f4a73b5ba73b00c6ca,0.022362,ETH,62.61
2026-02-15,21:32:35,2026-02-15T21:32:35.000Z,Stake 11,0x787b8840100d9baadd7463f4a73b5ba73b00c6ca,0.000066,ETH,0.18
2026-02-15,21:32:35,2026-02-15T21:32:35.000Z,Stake 11,0x787b8840100d9baadd7463f4a73b5ba73b00c6ca,0.000066,ETH,0.18
2026-02-15,21:32:35,2026-02-15T21:32:35.000Z,Stake 11,0x787b8840100d9baadd7463f4a73b5ba73b00c6ca,0.000133,ETH,0.37
2026-02-15,21:32:35,2026-02-15T21:32:35.000Z,Stake 11,0x787b8840100d9baadd7463f4a73b5ba73b00c6ca,0.000066,ETH,0.18
2026-02-15,21:32:35,2026-02-15T21:32:35.000Z,Stake 11,0x787b8840100d9baadd7463f4a73b5ba73b00c6ca,0.000066,ETH,0.18
2026-02-15,21:32:35,2026-02-15T21:32:35.000Z,Stake 11,0x787b8840100d9baadd7463f4a73b5ba73b00c6ca,0.000066,ETH,0.18
2026-02-15,21:32:35,2026-02-15T21:32:35.000Z,Stake 11,0x787b8840100d9baadd7463f4a73b5ba73b00c6ca,0.050749,ETH,142.10
2026-02-15,21:32:35,2026-02-15T21:32:35.000Z,Stake 11,0x787b8840100d9baadd7463f4a73b5ba73b00c6ca,0.000085,ETH,0.24
2026-02-15,21:32:35,2026-02-15T21:32:35.000Z,Stake 11,0x787b8840100d9baadd7463f4a73b5ba73b00c6ca,0.005192,ETH,14.54
2026-02-15,21:32:35,2026-02-15T21:32:35.000Z,Stake 11,0x787b8840100d9baadd7463f4a73b5ba73b00c6ca,0.023367,ETH,65.43
2026-02-15,21:32:35,2026-02-15T21:32:35.000Z,Stake 11,0x787b8840100d9baadd7463f4a73b5ba73b00c6ca,0.000070,ETH,0.20
2026-02-15,21:32:35,2026-02-15T21:32:35.000Z,Stake 11,0x787b8840100d9baadd7463f4a73b5ba73b00c6ca,1.561773,ETH,4372.96
2026-02-15,21:32:35,2026-02-15T21:32:35.000Z,Stake 11,0x787b8840100d9baadd7463f4a73b5ba73b00c6ca,0.000070,ETH,0.20
2026-02-15,21:32:35,2026-02-15T21:32:35.000Z,Stake 11,0x787b8840100d9baadd7463f4a73b5ba73b00c6ca,0.000073,ETH,0.20
2026-02-15,21:32:35,2026-02-15T21:32:35.000Z,Stake 11,0x787b8840100d9baadd7463f4a73b5ba73b00c6ca,0.000058,ETH,0.16
2026-02-15,21:32:35,2026-02-15T21:32:35.000Z,Roobet,0xc94ebb328ac25b95db0e0aa968371885fa516215,22.176900,ETH,62095.32
2026-02-15,21:33:47,2026-02-15T21:33:47.000Z,Rollbit,0xcbd6832ebc203e49e2b771897067fce3c58575ac,0.199999,ETH,560.00
2026-02-15,21:33:47,2026-02-15T21:33:47.000Z,Rollbit,0xcbd6832ebc203e49e2b771897067fce3c58575ac,0.044612,ETH,124.91
2026-02-15,21:33:59,2026-02-15T21:33:59.000Z,Roobet,0xc94ebb328ac25b95db0e0aa968371885fa516215,0.000000,ETH,0.00
2026-02-15,21:35:11,2026-02-15T21:35:11.000Z,Rollbit,0xcbd6832ebc203e49e2b771897067fce3c58575ac,0.021302,ETH,59.65
2026-02-15,21:36:23,2026-02-15T21:36:23.000Z,Rollbit,0xcbd6832ebc203e49e2b771897067fce3c58575ac,0.049999,ETH,140.00
2026-02-15,21:36:59,2026-02-15T21:36:59.000Z,Rollbit,0xcbd6832ebc203e49e2b771897067fce3c58575ac,0.392467,ETH,1098.91
2026-02-15,21:38:11,2026-02-15T21:38:11.000Z,Rollbit,0xcbd6832ebc203e49e2b771897067fce3c58575ac,0.051076,ETH,143.01
2026-02-15,21:38:35,2026-02-15T21:38:35.000Z,Rollbit,0xcbd6832ebc203e49e2b771897067fce3c58575ac,0.000180,ETH,0.50
2026-02-15,21:38:59,2026-02-15T21:38:59.000Z,Rollbit,0xcbd6832ebc203e49e2b771897067fce3c58575ac,0.062752,ETH,175.71
2026-02-15,21:39:11,2026-02-15T21:39:11.000Z,Rollbit,0xcbd6832ebc203e49e2b771897067fce3c58575ac,0.042870,ETH,120.04
2026-02-15,21:40:11,2026-02-15T21:40:11.000Z,Rollbit,0xcbd6832ebc203e49e2b771897067fce3c58575ac,0.003681,ETH,10.31
2026-02-15,21:40:23,2026-02-15T21:40:23.000Z,Rollbit,0xcbd6832ebc203e49e2b771897067fce3c58575ac,0.000180,ETH,0.50
2026-02-15,21:40:35,2026-02-15T21:40:35.000Z,Stake 11,0x787b8840100d9baadd7463f4a73b5ba73b00c6ca,0.056633,ETH,158.57
2026-02-15,21:40:35,2026-02-15T21:40:35.000Z,Stake 11,0x787b8840100d9baadd7463f4a73b5ba73b00c6ca,0.023722,ETH,66.42
2026-02-15,21:40:35,2026-02-15T21:40:35.000Z,Stake 11,0x787b8840100d9baadd7463f4a73b5ba73b00c6ca,0.037293,ETH,104.42
2026-02-15,21:40:35,2026-02-15T21:40:35.000Z,Stake 11,0x787b8840100d9baadd7463f4a73b5ba73b00c6ca,0.008680,ETH,24.30
2026-02-15,21:40:35,2026-02-15T21:40:35.000Z,Stake 11,0x787b8840100d9baadd7463f4a73b5ba73b00c6ca,0.047125,ETH,131.95
2026-02-15,21:40:35,2026-02-15T21:40:35.000Z,Stake 11,0x787b8840100d9baadd7463f4a73b5ba73b00c6ca,0.049469,ETH,138.51
2026-02-15,21:40:35,2026-02-15T21:40:35.000Z,Stake 11,0x787b8840100d9baadd7463f4a73b5ba73b00c6ca,0.356116,ETH,997.13
2026-02-15,21:40:47,2026-02-15T21:40:47.000Z,Stake 11,0x787b8840100d9baadd7463f4a73b5ba73b00c6ca,0.024209,ETH,67.78
2026-02-15,21:41:11,2026-02-15T21:41:11.000Z,Rollbit,0xcbd6832ebc203e49e2b771897067fce3c58575ac,0.016255,ETH,45.51
2026-02-15,21:41:23,2026-02-15T21:41:23.000Z,Stake 11,0x787b8840100d9baadd7463f4a73b5ba73b00c6ca,0.004700,ETH,13.16
2026-02-15,21:41:23,2026-02-15T21:41:23.000Z,Stake 11,0x787b8840100d9baadd7463f4a73b5ba73b00c6ca,0.002153,ETH,6.03
2026-02-15,21:41:23,2026-02-15T21:41:23.000Z,Stake 11,0x787b8840100d9baadd7463f4a73b5ba73b00c6ca,0.000073,ETH,0.20
2026-02-15,21:41:23,2026-02-15T21:41:23.000Z,Stake 11,0x787b8840100d9baadd7463f4a73b5ba73b00c6ca,0.004468,ETH,12.51
2026-02-15,21:41:23,2026-02-15T21:41:23.000Z,Stake 11,0x787b8840100d9baadd7463f4a73b5ba73b00c6ca,0.022405,ETH,62.73
2026-02-15,21:41:23,2026-02-15T21:41:23.000Z,Stake 11,0x787b8840100d9baadd7463f4a73b5ba73b00c6ca,0.049767,ETH,139.35
2026-02-15,21:41:23,2026-02-15T21:41:23.000Z,Stake 11,0x787b8840100d9baadd7463f4a73b5ba73b00c6ca,0.049752,ETH,139.31
2026-02-15,21:41:47,2026-02-15T21:41:47.000Z,Stake 11,0x787b8840100d9baadd7463f4a73b5ba73b00c6ca,0.009660,ETH,27.05
2026-02-15,21:41:47,2026-02-15T21:41:47.000Z,Stake 11,0x787b8840100d9baadd7463f4a73b5ba73b00c6ca,0.049769,ETH,139.35
2026-02-15,21:42:35,2026-02-15T21:42:35.000Z,Stake 11,0x787b8840100d9baadd7463f4a73b5ba73b00c6ca,0.023542,ETH,65.92
2026-02-15,21:42:47,2026-02-15T21:42:47.000Z,Stake 11,0x787b8840100d9baadd7463f4a73b5ba73b00c6ca,0.254096,ETH,711.47
2026-02-15,21:42:47,2026-02-15T21:42:47.000Z,Stake 11,0x787b8840100d9baadd7463f4a73b5ba73b00c6ca,0.004690,ETH,13.13
2026-02-15,21:42:47,2026-02-15T21:42:47.000Z,Stake 11,0x787b8840100d9baadd7463f4a73b5ba73b00c6ca,0.095753,ETH,268.11
2026-02-15,21:42:47,2026-02-15T21:42:47.000Z,Stake 11,0x787b8840100d9baadd7463f4a73b5ba73b00c6ca,0.009403,ETH,26.33
2026-02-15,21:44:11,2026-02-15T21:44:11.000Z,Stake 11,0x787b8840100d9baadd7463f4a73b5ba73b00c6ca,0.007045,ETH,19.73
2026-02-15,21:44:11,2026-02-15T21:44:11.000Z,Stake 11,0x787b8840100d9baadd7463f4a73b5ba73b00c6ca,0.493522,ETH,1381.86
2026-02-15,21:44:11,2026-02-15T21:44:11.000Z,Rollbit,0xcbd6832ebc203e49e2b771897067fce3c58575ac,0.007248,ETH,20.29
2026-02-15,21:44:35,2026-02-15T21:44:35.000Z,Rollbit,0xcbd6832ebc203e49e2b771897067fce3c58575ac,0.019533,ETH,54.69
2026-02-15,21:46:23,2026-02-15T21:46:23.000Z,Rollbit,0xcbd6832ebc203e49e2b771897067fce3c58575ac,0.005142,ETH,14.40
2026-02-15,21:46:35,2026-02-15T21:46:35.000Z,Rollbit,0xcbd6832ebc203e49e2b771897067fce3c58575ac,0.011622,ETH,32.54
2026-02-15,21:46:35,2026-02-15T21:46:35.000Z,Rollbit,0xcbd6832ebc203e49e2b771897067fce3c58575ac,0.000177,ETH,0.50
2026-02-15,21:46:47,2026-02-15T21:46:47.000Z,Stake 11,0x787b8840100d9baadd7463f4a73b5ba73b00c6ca,0.025979,ETH,72.74
2026-02-15,21:46:47,2026-02-15T21:46:47.000Z,Stake 11,0x787b8840100d9baadd7463f4a73b5ba73b00c6ca,0.031848,ETH,89.17
2026-02-15,21:46:47,2026-02-15T21:46:47.000Z,Stake 11,0x787b8840100d9baadd7463f4a73b5ba73b00c6ca,0.002464,ETH,6.90
2026-02-15,21:47:23,2026-02-15T21:47:23.000Z,Stake 11,0x787b8840100d9baadd7463f4a73b5ba73b00c6ca,0.242671,ETH,679.48
2026-02-15,21:48:11,2026-02-15T21:48:11.000Z,Rollbit,0xcbd6832ebc203e49e2b771897067fce3c58575ac,0.000177,ETH,0.49
2026-02-15,21:48:35,2026-02-15T21:48:35.000Z,Stake 11,0x787b8840100d9baadd7463f4a73b5ba73b00c6ca,0.006937,ETH,19.42
2026-02-15,21:48:35,2026-02-15T21:48:35.000Z,Stake 11,0x787b8840100d9baadd7463f4a73b5ba73b00c6ca,0.044921,ETH,125.78
2026-02-15,21:48:35,2026-02-15T21:48:35.000Z,Rollbit,0xcbd6832ebc203e49e2b771897067fce3c58575ac,0.253229,ETH,709.04
2026-02-15,21:48:47,2026-02-15T21:48:47.000Z,Stake 11,0x787b8840100d9baadd7463f4a73b5ba73b00c6ca,0.000063,ETH,0.18
2026-02-15,21:48:47,2026-02-15T21:48:47.000Z,Stake 11,0x787b8840100d9baadd7463f4a73b5ba73b00c6ca,0.011802,ETH,33.05
2026-02-15,21:48:47,2026-02-15T21:48:47.000Z,Stake 11,0x787b8840100d9baadd7463f4a73b5ba73b00c6ca,0.009422,ETH,26.38
2026-02-15,21:48:47,2026-02-15T21:48:47.000Z,Stake 11,0x787b8840100d9baadd7463f4a73b5ba73b00c6ca,0.024784,ETH,69.40
2026-02-15,21:48:47,2026-02-15T21:48:47.000Z,Stake 11,0x787b8840100d9baadd7463f4a73b5ba73b00c6ca,0.046819,ETH,131.09
2026-02-15,21:49:11,2026-02-15T21:49:11.000Z,Rollbit,0xcbd6832ebc203e49e2b771897067fce3c58575ac,0.000177,ETH,0.49
2026-02-15,21:49:23,2026-02-15T21:49:23.000Z,Rollbit,0xcbd6832ebc203e49e2b771897067fce3c58575ac,0.000177,ETH,0.49
2026-02-15,21:49:35,2026-02-15T21:49:35.000Z,Stake 11,0x787b8840100d9baadd7463f4a73b5ba73b00c6ca,0.082545,ETH,231.13
2026-02-15,21:49:35,2026-02-15T21:49:35.000Z,Rollbit,0xcbd6832ebc203e49e2b771897067fce3c58575ac,0.010469,ETH,29.31
2026-02-15,21:51:11,2026-02-15T21:51:11.000Z,Rollbit,0xcbd6832ebc203e49e2b771897067fce3c58575ac,0.028146,ETH,78.81
2026-02-15,21:51:35,2026-02-15T21:51:35.000Z,Rollbit,0xcbd6832ebc203e49e2b771897067fce3c58575ac,0.005079,ETH,14.22
2026-02-15,21:51:35,2026-02-15T21:51:35.000Z,Rollbit,0xcbd6832ebc203e49e2b771897067fce3c58575ac,0.116995,ETH,327.59
2026-02-15,21:51:47,2026-02-15T21:51:47.000Z,Rollbit,0xcbd6832ebc203e49e2b771897067fce3c58575ac,0.025658,ETH,71.84
2026-02-15,21:51:59,2026-02-15T21:51:59.000Z,Rollbit,0xcbd6832ebc203e49e2b771897067fce3c58575ac,0.738144,ETH,2066.80
2026-02-15,21:52:35,2026-02-15T21:52:35.000Z,Rollbit,0xcbd6832ebc203e49e2b771897067fce3c58575ac,0.027109,ETH,75.91
2026-02-15,21:52:47,2026-02-15T21:52:47.000Z,Stake 11,0x787b8840100d9baadd7463f4a73b5ba73b00c6ca,0.988182,ETH,2766.91
2026-02-15,21:53:35,2026-02-15T21:53:35.000Z,Rollbit,0xcbd6832ebc203e49e2b771897067fce3c58575ac,0.506378,ETH,1417.86
2026-02-15,21:53:59,2026-02-15T21:53:59.000Z,Rollbit,0xcbd6832ebc203e49e2b771897067fce3c58575ac,0.055602,ETH,155.69
2026-02-15,21:54:59,2026-02-15T21:54:59.000Z,Bitcasino,0x5bcbdfb6cc624b959c39a2d16110d1f2d9204f72,0.039243,ETH,109.88
2026-02-15,21:55:47,2026-02-15T21:55:47.000Z,Bitcasino,0x5bcbdfb6cc624b959c39a2d16110d1f2d9204f72,0.030230,ETH,84.64
2026-02-15,21:56:35,2026-02-15T21:56:35.000Z,Bitcasino,0x5bcbdfb6cc624b959c39a2d16110d1f2d9204f72,0.056177,ETH,157.30
2026-02-15,21:57:23,2026-02-15T21:57:23.000Z,Rollbit,0xcbd6832ebc203e49e2b771897067fce3c58575ac,1.209426,ETH,3386.39
2026-02-15,21:57:35,2026-02-15T21:57:35.000Z,Stake 11,0x787b8840100d9baadd7463f4a73b5ba73b00c6ca,0.388020,ETH,1086.45
2026-02-15,21:57:47,2026-02-15T21:57:47.000Z,Rollbit,0xcbd6832ebc203e49e2b771897067fce3c58575ac,0.000173,ETH,0.48
2026-02-15,21:59:23,2026-02-15T21:59:23.000Z,Rollbit,0xcbd6832ebc203e49e2b771897067fce3c58575ac,0.115020,ETH,322.06
2026-02-15,22:00:23,2026-02-15T22:00:23.000Z,Stake 11,0x787b8840100d9baadd7463f4a73b5ba73b00c6ca,0.249047,ETH,697.33
2026-02-15,22:00:59,2026-02-15T22:00:59.000Z,Rollbit,0xcbd6832ebc203e49e2b771897067fce3c58575ac,0.000187,ETH,0.52
2026-02-15,22:00:59,2026-02-15T22:00:59.000Z,Rollbit,0xcbd6832ebc203e49e2b771897067fce3c58575ac,0.060655,ETH,169.83
2026-02-15,22:00:59,2026-02-15T22:00:59.000Z,Rollbit,0xcbd6832ebc203e49e2b771897067fce3c58575ac,0.033090,ETH,92.65
2026-02-15,22:01:47,2026-02-15T22:01:47.000Z,Rollbit,0xcbd6832ebc203e49e2b771897067fce3c58575ac,0.018749,ETH,52.50
2026-02-15,22:03:35,2026-02-15T22:03:35.000Z,Stake 11,0x787b8840100d9baadd7463f4a73b5ba73b00c6ca,0.104030,ETH,291.29
2026-02-15,22:03:35,2026-02-15T22:03:35.000Z,Stake 11,0x787b8840100d9baadd7463f4a73b5ba73b00c6ca,0.045823,ETH,128.31
2026-02-15,22:03:35,2026-02-15T22:03:35.000Z,Stake 11,0x787b8840100d9baadd7463f4a73b5ba73b00c6ca,0.010929,ETH,30.60
2026-02-15,22:03:47,2026-02-15T22:03:47.000Z,Stake 11,0x787b8840100d9baadd7463f4a73b5ba73b00c6ca,0.002987,ETH,8.36
2026-02-15,22:03:47,2026-02-15T22:03:47.000Z,Stake 11,0x787b8840100d9baadd7463f4a73b5ba73b00c6ca,0.101318,ETH,283.69
2026-02-15,22:05:11,2026-02-15T22:05:11.000Z,Stake 11,0x787b8840100d9baadd7463f4a73b5ba73b00c6ca,0.077699,ETH,217.56
2026-02-15,22:05:11,2026-02-15T22:05:11.000Z,Stake 11,0x787b8840100d9baadd7463f4a73b5ba73b00c6ca,0.030854,ETH,86.39
2026-02-15,22:05:11,2026-02-15T22:05:11.000Z,Stake 11,0x787b8840100d9baadd7463f4a73b5ba73b00c6ca,0.189011,ETH,529.23
2026-02-15,22:05:11,2026-02-15T22:05:11.000Z,Stake 11,0x787b8840100d9baadd7463f4a73b5ba73b00c6ca,0.099637,ETH,278.98
2026-02-15,22:05:11,2026-02-15T22:05:11.000Z,Rollbit,0xcbd6832ebc203e49e2b771897067fce3c58575ac,0.010449,ETH,29.26
2026-02-15,22:05:11,2026-02-15T22:05:11.000Z,Rollbit,0xcbd6832ebc203e49e2b771897067fce3c58575ac,0.017209,ETH,48.18
2026-02-15,22:06:47,2026-02-15T22:06:47.000Z,Rollbit,0xcbd6832ebc203e49e2b771897067fce3c58575ac,0.004921,ETH,13.78
2026-02-15,22:06:47,2026-02-15T22:06:47.000Z,Rollbit,0xcbd6832ebc203e49e2b771897067fce3c58575ac,0.005079,ETH,14.22
2026-02-15,22:08:59,2026-02-15T22:08:59.000Z,Rollbit,0xcbd6832ebc203e49e2b771897067fce3c58575ac,0.011871,ETH,33.24
2026-02-15,22:09:47,2026-02-15T22:09:47.000Z,Rollbit,0xcbd6832ebc203e49e2b771897067fce3c58575ac,0.075797,ETH,212.23
2026-02-15,22:13:23,2026-02-15T22:13:23.000Z,Duelbits,0x014435b1e39945cf4f5f0c3cbb5833195a95cc9b,0.000000,ETH,0.00
2026-02-15,22:18:35,2026-02-15T22:18:35.000Z,Rollbit,0xcbd6832ebc203e49e2b771897067fce3c58575ac,0.000179,ETH,0.50
2026-02-15,22:21:23,2026-02-15T22:21:23.000Z,Rollbit,0xcbd6832ebc203e49e2b771897067fce3c58575ac,0.000171,ETH,0.48
2026-02-15,22:21:47,2026-02-15T22:21:47.000Z,Rollbit,0xcbd6832ebc203e49e2b771897067fce3c58575ac,0.006189,ETH,17.33
2026-02-15,22:22:47,2026-02-15T22:22:47.000Z,Rollbit,0xcbd6832ebc203e49e2b771897067fce3c58575ac,0.002309,ETH,6.46
2026-02-15,22:23:23,2026-02-15T22:23:23.000Z,Rollbit,0xcbd6832ebc203e49e2b771897067fce3c58575ac,0.008659,ETH,24.25
2026-02-15,22:27:47,2026-02-15T22:27:47.000Z,Rollbit,0xcbd6832ebc203e49e2b771897067fce3c58575ac,0.059408,ETH,166.34
2026-02-15,22:28:11,2026-02-15T22:28:11.000Z,Bitcasino,0x5bcbdfb6cc624b959c39a2d16110d1f2d9204f72,0.027770,ETH,77.76
2026-02-15,22:28:59,2026-02-15T22:28:59.000Z,Rollbit,0xcbd6832ebc203e49e2b771897067fce3c58575ac,0.000170,ETH,0.48
2026-02-15,22:29:23,2026-02-15T22:29:23.000Z,Rollbit,0xcbd6832ebc203e49e2b771897067fce3c58575ac,0.050189,ETH,140.53
2026-02-15,22:29:59,2026-02-15T22:29:59.000Z,Rollbit,0xcbd6832ebc203e49e2b771897067fce3c58575ac,0.063458,ETH,177.68
2026-02-15,22:30:47,2026-02-15T22:30:47.000Z,Rollbit,0xcbd6832ebc203e49e2b771897067fce3c58575ac,0.008892,ETH,24.90
2026-02-15,22:33:11,2026-02-15T22:33:11.000Z,Rollbit,0xcbd6832ebc203e49e2b771897067fce3c58575ac,0.000169,ETH,0.47
2026-02-15,22:34:35,2026-02-15T22:34:35.000Z,Rollbit,0xcbd6832ebc203e49e2b771897067fce3c58575ac,0.087003,ETH,243.61
2026-02-15,22:35:23,2026-02-15T22:35:23.000Z,Rollbit,0xcbd6832ebc203e49e2b771897067fce3c58575ac,0.559999,ETH,1568.00
2026-02-15,22:35:23,2026-02-15T22:35:23.000Z,Rollbit,0xcbd6832ebc203e49e2b771897067fce3c58575ac,1.583455,ETH,4433.67
2026-02-15,22:37:23,2026-02-15T22:37:23.000Z,Rollbit,0xcbd6832ebc203e49e2b771897067fce3c58575ac,0.042292,ETH,118.42
2026-02-15,22:37:23,2026-02-15T22:37:23.000Z,Rollbit,0xcbd6832ebc203e49e2b771897067fce3c58575ac,0.329999,ETH,924.00
2026-02-15,22:37:47,2026-02-15T22:37:47.000Z,Rollbit,0xcbd6832ebc203e49e2b771897067fce3c58575ac,0.016892,ETH,47.30
2026-02-15,22:38:11,2026-02-15T22:38:11.000Z,Rollbit,0xcbd6832ebc203e49e2b771897067fce3c58575ac,0.000181,ETH,0.51
2026-02-15,22:39:47,2026-02-15T22:39:47.000Z,Rollbit,0xcbd6832ebc203e49e2b771897067fce3c58575ac,0.025638,ETH,71.79
2026-02-15,22:39:47,2026-02-15T22:39:47.000Z,Rollbit,0xcbd6832ebc203e49e2b771897067fce3c58575ac,0.016388,ETH,45.89
2026-02-15,22:39:59,2026-02-15T22:39:59.000Z,Rollbit,0xcbd6832ebc203e49e2b771897067fce3c58575ac,0.169041,ETH,473.32
2026-02-15,22:40:23,2026-02-15T22:40:23.000Z,Rollbit,0xcbd6832ebc203e49e2b771897067fce3c58575ac,0.000221,ETH,0.62
2026-02-15,22:43:11,2026-02-15T22:43:11.000Z,Rollbit,0xcbd6832ebc203e49e2b771897067fce3c58575ac,0.014473,ETH,40.52
2026-02-15,22:45:11,2026-02-15T22:45:11.000Z,Rollbit,0xcbd6832ebc203e49e2b771897067fce3c58575ac,0.011999,ETH,33.60
2026-02-15,22:46:11,2026-02-15T22:46:11.000Z,Rollbit,0xcbd6832ebc203e49e2b771897067fce3c58575ac,0.003901,ETH,10.92
2026-02-15,22:48:11,2026-02-15T22:48:11.000Z,Rollbit,0xcbd6832ebc203e49e2b771897067fce3c58575ac,0.029999,ETH,84.00
2026-02-15,22:48:11,2026-02-15T22:48:11.000Z,Rollbit,0xcbd6832ebc203e49e2b771897067fce3c58575ac,0.193125,ETH,540.75
2026-02-15,22:48:35,2026-02-15T22:48:35.000Z,Rollbit,0xcbd6832ebc203e49e2b771897067fce3c58575ac,0.047850,ETH,133.98
2026-02-15,22:49:23,2026-02-15T22:49:23.000Z,Rollbit,0xcbd6832ebc203e49e2b771897067fce3c58575ac,0.018503,ETH,51.81
2026-02-15,22:50:59,2026-02-15T22:50:59.000Z,Rollbit,0xcbd6832ebc203e49e2b771897067fce3c58575ac,0.012628,ETH,35.36
2026-02-15,22:54:35,2026-02-15T22:54:35.000Z,Rollbit,0xcbd6832ebc203e49e2b771897067fce3c58575ac,0.005049,ETH,14.14
2026-02-15,22:54:59,2026-02-15T22:54:59.000Z,Rollbit,0xcbd6832ebc203e49e2b771897067fce3c58575ac,0.025551,ETH,71.54
2026-02-15,22:55:35,2026-02-15T22:55:35.000Z,Rollbit,0xcbd6832ebc203e49e2b771897067fce3c58575ac,0.009999,ETH,28.00
2026-02-15,22:56:47,2026-02-15T22:56:47.000Z,Rollbit,0xcbd6832ebc203e49e2b771897067fce3c58575ac,0.054873,ETH,153.64
2026-02-15,22:58:23,2026-02-15T22:58:23.000Z,Rollbit,0xcbd6832ebc203e49e2b771897067fce3c58575ac,0.007124,ETH,19.95
2026-02-15,22:59:47,2026-02-15T22:59:47.000Z,Rollbit,0xcbd6832ebc203e49e2b771897067fce3c58575ac,0.137872,ETH,386.04
2026-02-15,22:59:59,2026-02-15T22:59:59.000Z,Rollbit,0xcbd6832ebc203e49e2b771897067fce3c58575ac,0.499999,ETH,1400.00
2026-02-15,23:03:47,2026-02-15T23:03:47.000Z,Rollbit,0xcbd6832ebc203e49e2b771897067fce3c58575ac,0.251415,ETH,703.96
2026-02-15,23:03:47,2026-02-15T23:03:47.000Z,Rollbit,0xcbd6832ebc203e49e2b771897067fce3c58575ac,0.047700,ETH,133.56
2026-02-15,23:05:47,2026-02-15T23:05:47.000Z,Rollbit,0xcbd6832ebc203e49e2b771897067fce3c58575ac,0.008999,ETH,25.20
2026-02-15,23:05:47,2026-02-15T23:05:47.000Z,Rollbit,0xcbd6832ebc203e49e2b771897067fce3c58575ac,0.329999,ETH,924.00
2026-02-15,23:06:11,2026-02-15T23:06:11.000Z,Rollbit,0xcbd6832ebc203e49e2b771897067fce3c58575ac,0.000177,ETH,0.50
2026-02-15,23:06:11,2026-02-15T23:06:11.000Z,Rollbit,0xcbd6832ebc203e49e2b771897067fce3c58575ac,0.020021,ETH,56.06
2026-02-15,23:06:47,2026-02-15T23:06:47.000Z,Duelbits,0x014435b1e39945cf4f5f0c3cbb5833195a95cc9b,0.000000,ETH,0.00
2026-02-15,23:07:23,2026-02-15T23:07:23.000Z,Rollbit,0xcbd6832ebc203e49e2b771897067fce3c58575ac,0.000177,ETH,0.50
2026-02-15,23:08:59,2026-02-15T23:08:59.000Z,Rollbit,0xcbd6832ebc203e49e2b771897067fce3c58575ac,0.001375,ETH,3.85
2026-02-15,23:08:59,2026-02-15T23:08:59.000Z,Rollbit,0xcbd6832ebc203e49e2b771897067fce3c58575ac,0.093263,ETH,261.14
2026-02-15,23:10:35,2026-02-15T23:10:35.000Z,Rollbit,0xcbd6832ebc203e49e2b771897067fce3c58575ac,0.005722,ETH,16.02
2026-02-15,23:14:23,2026-02-15T23:14:23.000Z,Rollbit,0xcbd6832ebc203e49e2b771897067fce3c58575ac,0.000177,ETH,0.49
2026-02-15,23:15:11,2026-02-15T23:15:11.000Z,Rollbit,0xcbd6832ebc203e49e2b771897067fce3c58575ac,0.499999,ETH,1400.00
2026-02-15,23:15:59,2026-02-15T23:15:59.000Z,Rollbit,0xcbd6832ebc203e49e2b771897067fce3c58575ac,0.000177,ETH,0.49
2026-02-15,23:17:11,2026-02-15T23:17:11.000Z,Rollbit,0xcbd6832ebc203e49e2b771897067fce3c58575ac,0.013979,ETH,39.14
2026-02-15,23:17:11,2026-02-15T23:17:11.000Z,Rollbit,0xcbd6832ebc203e49e2b771897067fce3c58575ac,0.092307,ETH,258.46
2026-02-15,23:17:35,2026-02-15T23:17:35.000Z,Rollbit,0xcbd6832ebc203e49e2b771897067fce3c58575ac,0.899999,ETH,2520.00
2026-02-15,23:17:35,2026-02-15T23:17:35.000Z,Rollbit,0xcbd6832ebc203e49e2b771897067fce3c58575ac,0.025669,ETH,71.87
2026-02-15,23:19:47,2026-02-15T23:19:47.000Z,Rollbit,0xcbd6832ebc203e49e2b771897067fce3c58575ac,0.058019,ETH,162.45
2026-02-15,23:20:23,2026-02-15T23:20:23.000Z,Duelbits,0x014435b1e39945cf4f5f0c3cbb5833195a95cc9b,0.123255,ETH,345.11
2026-02-15,23:20:23,2026-02-15T23:20:23.000Z,Duelbits,0x014435b1e39945cf4f5f0c3cbb5833195a95cc9b,13.672577,ETH,38283.22
2026-02-15,23:20:23,2026-02-15T23:20:23.000Z,Duelbits,0x014435b1e39945cf4f5f0c3cbb5833195a95cc9b,0.124911,ETH,349.75
2026-02-15,23:20:23,2026-02-15T23:20:23.000Z,Duelbits,0x014435b1e39945cf4f5f0c3cbb5833195a95cc9b,0.118556,ETH,331.96
2026-02-15,23:20:23,2026-02-15T23:20:23.000Z,Duelbits,0x014435b1e39945cf4f5f0c3cbb5833195a95cc9b,0.115016,ETH,322.05
2026-02-15,23:20:23,2026-02-15T23:20:23.000Z,Duelbits,0x014435b1e39945cf4f5f0c3cbb5833195a95cc9b,0.117573,ETH,329.21
2026-02-15,23:20:23,2026-02-15T23:20:23.000Z,Duelbits,0x014435b1e39945cf4f5f0c3cbb5833195a95cc9b,0.155283,ETH,434.79
2026-02-15,23:20:23,2026-02-15T23:20:23.000Z,Duelbits,0x014435b1e39945cf4f5f0c3cbb5833195a95cc9b,0.358487,ETH,1003.76
2026-02-15,23:20:23,2026-02-15T23:20:23.000Z,Duelbits,0x014435b1e39945cf4f5f0c3cbb5833195a95cc9b,0.987982,ETH,2766.35
2026-02-15,23:20:23,2026-02-15T23:20:23.000Z,Duelbits,0x014435b1e39945cf4f5f0c3cbb5833195a95cc9b,0.119999,ETH,336.00
2026-02-15,23:20:23,2026-02-15T23:20:23.000Z,Duelbits,0x014435b1e39945cf4f5f0c3cbb5833195a95cc9b,0.451726,ETH,1264.83
2026-02-15,23:20:23,2026-02-15T23:20:23.000Z,Duelbits,0x014435b1e39945cf4f5f0c3cbb5833195a95cc9b,0.603999,ETH,1691.20
2026-02-15,23:20:23,2026-02-15T23:20:23.000Z,Duelbits,0x014435b1e39945cf4f5f0c3cbb5833195a95cc9b,0.214119,ETH,599.53
2026-02-15,23:20:23,2026-02-15T23:20:23.000Z,Duelbits,0x014435b1e39945cf4f5f0c3cbb5833195a95cc9b,0.451938,ETH,1265.43
2026-02-15,23:20:23,2026-02-15T23:20:23.000Z,Duelbits,0x014435b1e39945cf4f5f0c3cbb5833195a95cc9b,13.700009,ETH,38360.03
2026-02-15,23:20:23,2026-02-15T23:20:23.000Z,Duelbits,0x014435b1e39945cf4f5f0c3cbb5833195a95cc9b,0.407696,ETH,1141.55
2026-02-15,23:20:23,2026-02-15T23:20:23.000Z,Duelbits,0x014435b1e39945cf4f5f0c3cbb5833195a95cc9b,507.600434,ETH,1421281.22
2026-02-15,23:20:23,2026-02-15T23:20:23.000Z,Duelbits,0x014435b1e39945cf4f5f0c3cbb5833195a95cc9b,0.604425,ETH,1692.39
2026-02-15,23:20:23,2026-02-15T23:20:23.000Z,Duelbits,0x014435b1e39945cf4f5f0c3cbb5833195a95cc9b,0.334004,ETH,935.21
2026-02-15,23:20:23,2026-02-15T23:20:23.000Z,Duelbits,0x014435b1e39945cf4f5f0c3cbb5833195a95cc9b,0.465673,ETH,1303.89
2026-02-15,23:20:23,2026-02-15T23:20:23.000Z,Duelbits,0x014435b1e39945cf4f5f0c3cbb5833195a95cc9b,0.765771,ETH,2144.16
2026-02-15,23:20:23,2026-02-15T23:20:23.000Z,Duelbits,0x014435b1e39945cf4f5f0c3cbb5833195a95cc9b,0.267089,ETH,747.85
2026-02-15,23:20:23,2026-02-15T23:20:23.000Z,Duelbits,0x014435b1e39945cf4f5f0c3cbb5833195a95cc9b,0.125841,ETH,352.36
2026-02-15,23:20:35,2026-02-15T23:20:35.000Z,Duelbits,0x014435b1e39945cf4f5f0c3cbb5833195a95cc9b,0.085279,ETH,238.78
2026-02-15,23:20:35,2026-02-15T23:20:35.000Z,Duelbits,0x014435b1e39945cf4f5f0c3cbb5833195a95cc9b,0.095736,ETH,268.06
2026-02-15,23:20:35,2026-02-15T23:20:35.000Z,Duelbits,0x014435b1e39945cf4f5f0c3cbb5833195a95cc9b,0.051600,ETH,144.48
2026-02-15,23:20:35,2026-02-15T23:20:35.000Z,Duelbits,0x014435b1e39945cf4f5f0c3cbb5833195a95cc9b,0.062517,ETH,175.05
2026-02-15,23:20:35,2026-02-15T23:20:35.000Z,Duelbits,0x014435b1e39945cf4f5f0c3cbb5833195a95cc9b,0.114821,ETH,321.50
2026-02-15,23:20:35,2026-02-15T23:20:35.000Z,Duelbits,0x014435b1e39945cf4f5f0c3cbb5833195a95cc9b,0.051269,ETH,143.55
2026-02-15,23:20:35,2026-02-15T23:20:35.000Z,Duelbits,0x014435b1e39945cf4f5f0c3cbb5833195a95cc9b,0.041789,ETH,117.01
2026-02-15,23:20:35,2026-02-15T23:20:35.000Z,Duelbits,0x014435b1e39945cf4f5f0c3cbb5833195a95cc9b,0.057775,ETH,161.77
2026-02-15,23:20:35,2026-02-15T23:20:35.000Z,Duelbits,0x014435b1e39945cf4f5f0c3cbb5833195a95cc9b,0.077315,ETH,216.48
2026-02-15,23:20:35,2026-02-15T23:20:35.000Z,Duelbits,0x014435b1e39945cf4f5f0c3cbb5833195a95cc9b,0.057936,ETH,162.22
2026-02-15,23:20:35,2026-02-15T23:20:35.000Z,Duelbits,0x014435b1e39945cf4f5f0c3cbb5833195a95cc9b,0.099999,ETH,280.00
2026-02-15,23:20:35,2026-02-15T23:20:35.000Z,Duelbits,0x014435b1e39945cf4f5f0c3cbb5833195a95cc9b,0.053878,ETH,150.86
2026-02-15,23:20:35,2026-02-15T23:20:35.000Z,Duelbits,0x014435b1e39945cf4f5f0c3cbb5833195a95cc9b,0.069078,ETH,193.42
2026-02-15,23:20:35,2026-02-15T23:20:35.000Z,Duelbits,0x014435b1e39945cf4f5f0c3cbb5833195a95cc9b,0.089243,ETH,249.88
2026-02-15,23:20:35,2026-02-15T23:20:35.000Z,Duelbits,0x014435b1e39945cf4f5f0c3cbb5833195a95cc9b,0.080963,ETH,226.70
2026-02-15,23:20:35,2026-02-15T23:20:35.000Z,Duelbits,0x014435b1e39945cf4f5f0c3cbb5833195a95cc9b,0.043446,ETH,121.65
2026-02-15,23:20:35,2026-02-15T23:20:35.000Z,Duelbits,0x014435b1e39945cf4f5f0c3cbb5833195a95cc9b,0.099261,ETH,277.93
2026-02-15,23:20:35,2026-02-15T23:20:35.000Z,Duelbits,0x014435b1e39945cf4f5f0c3cbb5833195a95cc9b,0.058216,ETH,163.01
2026-02-15,23:20:47,2026-02-15T23:20:47.000Z,Duelbits,0x014435b1e39945cf4f5f0c3cbb5833195a95cc9b,0.026206,ETH,73.38
2026-02-15,23:20:47,2026-02-15T23:20:47.000Z,Duelbits,0x014435b1e39945cf4f5f0c3cbb5833195a95cc9b,0.029442,ETH,82.44
2026-02-15,23:20:47,2026-02-15T23:20:47.000Z,Duelbits,0x014435b1e39945cf4f5f0c3cbb5833195a95cc9b,0.032600,ETH,91.28
2026-02-15,23:20:47,2026-02-15T23:20:47.000Z,Duelbits,0x014435b1e39945cf4f5f0c3cbb5833195a95cc9b,0.009597,ETH,26.87
2026-02-15,23:20:47,2026-02-15T23:20:47.000Z,Duelbits,0x014435b1e39945cf4f5f0c3cbb5833195a95cc9b,0.024297,ETH,68.03
2026-02-15,23:20:47,2026-02-15T23:20:47.000Z,Duelbits,0x014435b1e39945cf4f5f0c3cbb5833195a95cc9b,0.000099,ETH,0.28
2026-02-15,23:20:47,2026-02-15T23:20:47.000Z,Duelbits,0x014435b1e39945cf4f5f0c3cbb5833195a95cc9b,0.006898,ETH,19.32
2026-02-15,23:20:47,2026-02-15T23:20:47.000Z,Duelbits,0x014435b1e39945cf4f5f0c3cbb5833195a95cc9b,0.019733,ETH,55.25
2026-02-15,23:20:47,2026-02-15T23:20:47.000Z,Duelbits,0x014435b1e39945cf4f5f0c3cbb5833195a95cc9b,0.000099,ETH,0.28
2026-02-15,23:20:47,2026-02-15T23:20:47.000Z,Duelbits,0x014435b1e39945cf4f5f0c3cbb5833195a95cc9b,0.006904,ETH,19.33
2026-02-15,23:20:47,2026-02-15T23:20:47.000Z,Duelbits,0x014435b1e39945cf4f5f0c3cbb5833195a95cc9b,0.026615,ETH,74.52
2026-02-15,23:20:47,2026-02-15T23:20:47.000Z,Duelbits,0x014435b1e39945cf4f5f0c3cbb5833195a95cc9b,0.034454,ETH,96.47
2026-02-15,23:20:47,2026-02-15T23:20:47.000Z,Duelbits,0x014435b1e39945cf4f5f0c3cbb5833195a95cc9b,0.012146,ETH,34.01
2026-02-15,23:20:47,2026-02-15T23:20:47.000Z,Duelbits,0x014435b1e39945cf4f5f0c3cbb5833195a95cc9b,0.024480,ETH,68.55
2026-02-15,23:20:47,2026-02-15T23:20:47.000Z,Duelbits,0x014435b1e39945cf4f5f0c3cbb5833195a95cc9b,0.000099,ETH,0.28
2026-02-15,23:20:47,2026-02-15T23:20:47.000Z,Duelbits,0x014435b1e39945cf4f5f0c3cbb5833195a95cc9b,0.012306,ETH,34.46
2026-02-15,23:20:47,2026-02-15T23:20:47.000Z,Duelbits,0x014435b1e39945cf4f5f0c3cbb5833195a95cc9b,0.030503,ETH,85.41
2026-02-15,23:20:47,2026-02-15T23:20:47.000Z,Duelbits,0x014435b1e39945cf4f5f0c3cbb5833195a95cc9b,0.028205,ETH,78.97
2026-02-15,23:20:47,2026-02-15T23:20:47.000Z,Duelbits,0x014435b1e39945cf4f5f0c3cbb5833195a95cc9b,0.028109,ETH,78.70
2026-02-15,23:20:59,2026-02-15T23:20:59.000Z,Rollbit,0xcbd6832ebc203e49e2b771897067fce3c58575ac,0.000270,ETH,0.75
2026-02-15,23:20:59,2026-02-15T23:20:59.000Z,Duelbits,0x014435b1e39945cf4f5f0c3cbb5833195a95cc9b,0.000089,ETH,0.25
2026-02-15,23:20:59,2026-02-15T23:20:59.000Z,Duelbits,0x014435b1e39945cf4f5f0c3cbb5833195a95cc9b,0.000085,ETH,0.24
2026-02-15,23:20:59,2026-02-15T23:20:59.000Z,Duelbits,0x014435b1e39945cf4f5f0c3cbb5833195a95cc9b,0.000091,ETH,0.25
2026-02-15,23:20:59,2026-02-15T23:20:59.000Z,Duelbits,0x014435b1e39945cf4f5f0c3cbb5833195a95cc9b,0.000092,ETH,0.26
2026-02-15,23:20:59,2026-02-15T23:20:59.000Z,Duelbits,0x014435b1e39945cf4f5f0c3cbb5833195a95cc9b,0.000090,ETH,0.25
2026-02-15,23:20:59,2026-02-15T23:20:59.000Z,Duelbits,0x014435b1e39945cf4f5f0c3cbb5833195a95cc9b,0.000088,ETH,0.25
2026-02-15,23:20:59,2026-02-15T23:20:59.000Z,Duelbits,0x014435b1e39945cf4f5f0c3cbb5833195a95cc9b,0.000085,ETH,0.24
2026-02-15,23:20:59,2026-02-15T23:20:59.000Z,Duelbits,0x014435b1e39945cf4f5f0c3cbb5833195a95cc9b,0.000094,ETH,0.26
2026-02-15,23:20:59,2026-02-15T23:20:59.000Z,Duelbits,0x014435b1e39945cf4f5f0c3cbb5833195a95cc9b,0.000094,ETH,0.26
2026-02-15,23:20:59,2026-02-15T23:20:59.000Z,Duelbits,0x014435b1e39945cf4f5f0c3cbb5833195a95cc9b,0.000085,ETH,0.24
2026-02-15,23:20:59,2026-02-15T23:20:59.000Z,Duelbits,0x014435b1e39945cf4f5f0c3cbb5833195a95cc9b,0.000090,ETH,0.25
2026-02-15,23:20:59,2026-02-15T23:20:59.000Z,Duelbits,0x014435b1e39945cf4f5f0c3cbb5833195a95cc9b,0.000085,ETH,0.24
2026-02-15,23:20:59,2026-02-15T23:20:59.000Z,Duelbits,0x014435b1e39945cf4f5f0c3cbb5833195a95cc9b,0.000098,ETH,0.27
2026-02-15,23:20:59,2026-02-15T23:20:59.000Z,Duelbits,0x014435b1e39945cf4f5f0c3cbb5833195a95cc9b,0.000090,ETH,0.25
2026-02-15,23:20:59,2026-02-15T23:20:59.000Z,Duelbits,0x014435b1e39945cf4f5f0c3cbb5833195a95cc9b,0.000085,ETH,0.24
2026-02-15,23:20:59,2026-02-15T23:20:59.000Z,Duelbits,0x014435b1e39945cf4f5f0c3cbb5833195a95cc9b,0.000098,ETH,0.27
2026-02-15,23:20:59,2026-02-15T23:20:59.000Z,Duelbits,0x014435b1e39945cf4f5f0c3cbb5833195a95cc9b,0.000098,ETH,0.27
2026-02-15,23:20:59,2026-02-15T23:20:59.000Z,Duelbits,0x014435b1e39945cf4f5f0c3cbb5833195a95cc9b,0.000097,ETH,0.27
2026-02-15,23:20:59,2026-02-15T23:20:59.000Z,Duelbits,0x014435b1e39945cf4f5f0c3cbb5833195a95cc9b,0.000094,ETH,0.26
2026-02-15,23:20:59,2026-02-15T23:20:59.000Z,Duelbits,0x014435b1e39945cf4f5f0c3cbb5833195a95cc9b,0.000093,ETH,0.26
2026-02-15,23:20:59,2026-02-15T23:20:59.000Z,Duelbits,0x014435b1e39945cf4f5f0c3cbb5833195a95cc9b,0.000098,ETH,0.27
2026-02-15,23:20:59,2026-02-15T23:20:59.000Z,Duelbits,0x014435b1e39945cf4f5f0c3cbb5833195a95cc9b,0.000085,ETH,0.24
2026-02-15,23:21:11,2026-02-15T23:21:11.000Z,Duelbits,0x014435b1e39945cf4f5f0c3cbb5833195a95cc9b,0.000085,ETH,0.24
2026-02-15,23:21:11,2026-02-15T23:21:11.000Z,Duelbits,0x014435b1e39945cf4f5f0c3cbb5833195a95cc9b,0.000084,ETH,0.24
2026-02-15,23:21:11,2026-02-15T23:21:11.000Z,Duelbits,0x014435b1e39945cf4f5f0c3cbb5833195a95cc9b,0.000084,ETH,0.24
2026-02-15,23:21:11,2026-02-15T23:21:11.000Z,Duelbits,0x014435b1e39945cf4f5f0c3cbb5833195a95cc9b,0.000083,ETH,0.23
2026-02-15,23:21:59,2026-02-15T23:21:59.000Z,Rollbit,0xcbd6832ebc203e49e2b771897067fce3c58575ac,0.253601,ETH,710.08
2026-02-15,23:23:35,2026-02-15T23:23:35.000Z,Rollbit,0xcbd6832ebc203e49e2b771897067fce3c58575ac,0.170403,ETH,477.13
2026-02-15,23:24:11,2026-02-15T23:24:11.000Z,Rollbit,0xcbd6832ebc203e49e2b771897067fce3c58575ac,0.299999,ETH,840.00
2026-02-15,23:25:23,2026-02-15T23:25:23.000Z,Rollbit,0xcbd6832ebc203e49e2b771897067fce3c58575ac,0.087088,ETH,243.85
2026-02-15,23:26:23,2026-02-15T23:26:23.000Z,Rollbit,0xcbd6832ebc203e49e2b771897067fce3c58575ac,0.008646,ETH,24.21
2026-02-15,23:29:59,2026-02-15T23:29:59.000Z,Rollbit,0xcbd6832ebc203e49e2b771897067fce3c58575ac,0.221609,ETH,620.50
2026-02-15,23:32:23,2026-02-15T23:32:23.000Z,Rollbit,0xcbd6832ebc203e49e2b771897067fce3c58575ac,0.038509,ETH,107.83
2026-02-15,23:32:23,2026-02-15T23:32:23.000Z,Rollbit,0xcbd6832ebc203e49e2b771897067fce3c58575ac,0.758621,ETH,2124.14
2026-02-15,23:34:23,2026-02-15T23:34:23.000Z,Rollbit,0xcbd6832ebc203e49e2b771897067fce3c58575ac,0.599999,ETH,1680.00
2026-02-15,23:34:59,2026-02-15T23:34:59.000Z,Rollbit,0xcbd6832ebc203e49e2b771897067fce3c58575ac,0.281410,ETH,787.95
2026-02-15,23:37:23,2026-02-15T23:37:23.000Z,Rollbit,0xcbd6832ebc203e49e2b771897067fce3c58575ac,0.048323,ETH,135.30
2026-02-15,23:37:59,2026-02-15T23:37:59.000Z,Rollbit,0xcbd6832ebc203e49e2b771897067fce3c58575ac,0.027158,ETH,76.04
2026-02-15,23:38:47,2026-02-15T23:38:47.000Z,Rollbit,0xcbd6832ebc203e49e2b771897067fce3c58575ac,0.017054,ETH,47.75
2026-02-15,23:40:23,2026-02-15T23:40:23.000Z,Rollbit,0xcbd6832ebc203e49e2b771897067fce3c58575ac,0.005373,ETH,15.04
2026-02-15,23:40:47,2026-02-15T23:40:47.000Z,Rollbit,0xcbd6832ebc203e49e2b771897067fce3c58575ac,0.999999,ETH,2800.00
2026-02-15,23:41:23,2026-02-15T23:41:23.000Z,Rollbit,0xcbd6832ebc203e49e2b771897067fce3c58575ac,0.027295,ETH,76.43
2026-02-15,23:42:35,2026-02-15T23:42:35.000Z,Rollbit,0xcbd6832ebc203e49e2b771897067fce3c58575ac,0.000083,ETH,0.23
2026-02-15,23:46:11,2026-02-15T23:46:11.000Z,Rollbit,0xcbd6832ebc203e49e2b771897067fce3c58575ac,0.092122,ETH,257.94
2026-02-15,23:49:35,2026-02-15T23:49:35.000Z,Rollbit,0xcbd6832ebc203e49e2b771897067fce3c58575ac,0.699999,ETH,1960.00
2026-02-15,23:51:23,2026-02-15T23:51:23.000Z,Rollbit,0xcbd6832ebc203e49e2b771897067fce3c58575ac,0.048414,ETH,135.56
2026-02-15,23:51:23,2026-02-15T23:51:23.000Z,Rollbit,0xcbd6832ebc203e49e2b771897067fce3c58575ac,0.000168,ETH,0.47
2026-02-15,23:53:11,2026-02-15T23:53:11.000Z,Rollbit,0xcbd6832ebc203e49e2b771897067fce3c58575ac,0.020474,ETH,57.33
2026-02-15,23:54:35,2026-02-15T23:54:35.000Z,Rollbit,0xcbd6832ebc203e49e2b771897067fce3c58575ac,0.000169,ETH,0.47
2026-02-15,23:59:35,2026-02-15T23:59:35.000Z,Rollbit,0xcbd6832ebc203e49e2b771897067fce3c58575ac,0.007669,ETH,21.47
2026-02-16,00:00:35,2026-02-16T00:00:35.000Z,Rollbit,0xcbd6832ebc203e49e2b771897067fce3c58575ac,0.170856,ETH,478.40
2026-02-16,00:00:35,2026-02-16T00:00:35.000Z,Rollbit,0xcbd6832ebc203e49e2b771897067fce3c58575ac,0.147230,ETH,412.24
2026-02-16,00:01:47,2026-02-16T00:01:47.000Z,Rollbit,0xcbd6832ebc203e49e2b771897067fce3c58575ac,0.000187,ETH,0.52
2026-02-16,00:02:35,2026-02-16T00:02:35.000Z,Rollbit,0xcbd6832ebc203e49e2b771897067fce3c58575ac,0.035619,ETH,99.73
2026-02-16,00:04:47,2026-02-16T00:04:47.000Z,Rollbit,0xcbd6832ebc203e49e2b771897067fce3c58575ac,0.899999,ETH,2520.00
2026-02-16,00:07:11,2026-02-16T00:07:11.000Z,Bitcasino,0x5bcbdfb6cc624b959c39a2d16110d1f2d9204f72,0.025409,ETH,71.15
2026-02-16,00:11:35,2026-02-16T00:11:35.000Z,Rollbit,0xcbd6832ebc203e49e2b771897067fce3c58575ac,0.025006,ETH,70.02
2026-02-16,00:12:35,2026-02-16T00:12:35.000Z,Rollbit,0xcbd6832ebc203e49e2b771897067fce3c58575ac,0.000165,ETH,0.46
2026-02-16,00:14:47,2026-02-16T00:14:47.000Z,Rollbit,0xcbd6832ebc203e49e2b771897067fce3c58575ac,0.117177,ETH,328.09
2026-02-16,00:15:59,2026-02-16T00:15:59.000Z,Rollbit,0xcbd6832ebc203e49e2b771897067fce3c58575ac,0.000165,ETH,0.46
2026-02-16,00:16:47,2026-02-16T00:16:47.000Z,Rollbit,0xcbd6832ebc203e49e2b771897067fce3c58575ac,0.170103,ETH,476.29
2026-02-16,00:16:47,2026-02-16T00:16:47.000Z,Rollbit,0xcbd6832ebc203e49e2b771897067fce3c58575ac,0.070071,ETH,196.20
2026-02-16,00:17:35,2026-02-16T00:17:35.000Z,Rollbit,0xcbd6832ebc203e49e2b771897067fce3c58575ac,0.044949,ETH,125.86
2026-02-16,00:20:47,2026-02-16T00:20:47.000Z,Rollbit,0xcbd6832ebc203e49e2b771897067fce3c58575ac,0.499999,ETH,1400.00
2026-02-16,00:20:47,2026-02-16T00:20:47.000Z,Rollbit,0xcbd6832ebc203e49e2b771897067fce3c58575ac,0.089853,ETH,251.59
2026-02-16,00:24:23,2026-02-16T00:24:23.000Z,Rollbit,0xcbd6832ebc203e49e2b771897067fce3c58575ac,0.046419,ETH,129.97
2026-02-16,00:25:59,2026-02-16T00:25:59.000Z,Rollbit,0xcbd6832ebc203e49e2b771897067fce3c58575ac,0.072417,ETH,202.77
2026-02-16,00:28:11,2026-02-16T00:28:11.000Z,Rollbit,0xcbd6832ebc203e49e2b771897067fce3c58575ac,0.999999,ETH,2800.00
2026-02-16,00:29:35,2026-02-16T00:29:35.000Z,Rollbit,0xcbd6832ebc203e49e2b771897067fce3c58575ac,0.169999,ETH,476.00
2026-02-16,00:31:35,2026-02-16T00:31:35.000Z,Rollbit,0xcbd6832ebc203e49e2b771897067fce3c58575ac,0.015264,ETH,42.74
2026-02-16,00:32:11,2026-02-16T00:32:11.000Z,Rollbit,0xcbd6832ebc203e49e2b771897067fce3c58575ac,0.162200,ETH,454.16
2026-02-16,00:32:47,2026-02-16T00:32:47.000Z,Rollbit,0xcbd6832ebc203e49e2b771897067fce3c58575ac,0.005925,ETH,16.59
2026-02-16,00:34:47,2026-02-16T00:34:47.000Z,Rollbit,0xcbd6832ebc203e49e2b771897067fce3c58575ac,0.000166,ETH,0.47
2026-02-16,00:36:47,2026-02-16T00:36:47.000Z,Rollbit,0xcbd6832ebc203e49e2b771897067fce3c58575ac,0.009322,ETH,26.10
2026-02-16,00:37:59,2026-02-16T00:37:59.000Z,Rollbit,0xcbd6832ebc203e49e2b771897067fce3c58575ac,0.017249,ETH,48.30
2026-02-16,00:38:35,2026-02-16T00:38:35.000Z,Duelbits,0x014435b1e39945cf4f5f0c3cbb5833195a95cc9b,45.000006,ETH,126000.02
2026-02-16,00:38:35,2026-02-16T00:38:35.000Z,Duelbits,0x014435b1e39945cf4f5f0c3cbb5833195a95cc9b,0.999999,ETH,2800.00
2026-02-16,00:38:59,2026-02-16T00:38:59.000Z,Rollbit,0xcbd6832ebc203e49e2b771897067fce3c58575ac,0.000175,ETH,0.49
2026-02-16,00:38:59,2026-02-16T00:38:59.000Z,Duelbits,0x014435b1e39945cf4f5f0c3cbb5833195a95cc9b,0.041279,ETH,115.58
2026-02-16,00:38:59,2026-02-16T00:38:59.000Z,Duelbits,0x014435b1e39945cf4f5f0c3cbb5833195a95cc9b,0.240899,ETH,674.52
2026-02-16,00:38:59,2026-02-16T00:38:59.000Z,Duelbits,0x014435b1e39945cf4f5f0c3cbb5833195a95cc9b,0.057209,ETH,160.18
2026-02-16,00:38:59,2026-02-16T00:38:59.000Z,Duelbits,0x014435b1e39945cf4f5f0c3cbb5833195a95cc9b,0.014800,ETH,41.44
2026-02-16,00:38:59,2026-02-16T00:38:59.000Z,Duelbits,0x014435b1e39945cf4f5f0c3cbb5833195a95cc9b,0.096572,ETH,270.40
2026-02-16,00:38:59,2026-02-16T00:38:59.000Z,Duelbits,0x014435b1e39945cf4f5f0c3cbb5833195a95cc9b,0.048250,ETH,135.10
2026-02-16,00:38:59,2026-02-16T00:38:59.000Z,Duelbits,0x014435b1e39945cf4f5f0c3cbb5833195a95cc9b,0.205028,ETH,574.08
2026-02-16,00:38:59,2026-02-16T00:38:59.000Z,Duelbits,0x014435b1e39945cf4f5f0c3cbb5833195a95cc9b,0.133895,ETH,374.91
2026-02-16,00:38:59,2026-02-16T00:38:59.000Z,Duelbits,0x014435b1e39945cf4f5f0c3cbb5833195a95cc9b,0.038461,ETH,107.69
2026-02-16,00:38:59,2026-02-16T00:38:59.000Z,Duelbits,0x014435b1e39945cf4f5f0c3cbb5833195a95cc9b,0.360655,ETH,1009.83
2026-02-16,00:38:59,2026-02-16T00:38:59.000Z,Duelbits,0x014435b1e39945cf4f5f0c3cbb5833195a95cc9b,0.050876,ETH,142.45
2026-02-16,00:38:59,2026-02-16T00:38:59.000Z,Duelbits,0x014435b1e39945cf4f5f0c3cbb5833195a95cc9b,0.024206,ETH,67.78
2026-02-16,00:38:59,2026-02-16T00:38:59.000Z,Duelbits,0x014435b1e39945cf4f5f0c3cbb5833195a95cc9b,0.092171,ETH,258.08
2026-02-16,00:38:59,2026-02-16T00:38:59.000Z,Duelbits,0x014435b1e39945cf4f5f0c3cbb5833195a95cc9b,0.457767,ETH,1281.75
2026-02-16,00:38:59,2026-02-16T00:38:59.000Z,Duelbits,0x014435b1e39945cf4f5f0c3cbb5833195a95cc9b,0.050669,ETH,141.87
2026-02-16,00:38:59,2026-02-16T00:38:59.000Z,Duelbits,0x014435b1e39945cf4f5f0c3cbb5833195a95cc9b,0.067570,ETH,189.20
2026-02-16,00:38:59,2026-02-16T00:38:59.000Z,Duelbits,0x014435b1e39945cf4f5f0c3cbb5833195a95cc9b,0.096566,ETH,270.39
2026-02-16,00:38:59,2026-02-16T00:38:59.000Z,Duelbits,0x014435b1e39945cf4f5f0c3cbb5833195a95cc9b,0.028959,ETH,81.08
2026-02-16,00:38:59,2026-02-16T00:38:59.000Z,Duelbits,0x014435b1e39945cf4f5f0c3cbb5833195a95cc9b,0.284440,ETH,796.43
2026-02-16,00:39:11,2026-02-16T00:39:11.000Z,Rollbit,0xcbd6832ebc203e49e2b771897067fce3c58575ac,0.366819,ETH,1027.09
2026-02-16,00:39:59,2026-02-16T00:39:59.000Z,Rollbit,0xcbd6832ebc203e49e2b771897067fce3c58575ac,0.241569,ETH,676.39
2026-02-16,00:39:59,2026-02-16T00:39:59.000Z,Rollbit,0xcbd6832ebc203e49e2b771897067fce3c58575ac,0.136056,ETH,380.96
2026-02-16,00:40:59,2026-02-16T00:40:59.000Z,Rollbit,0xcbd6832ebc203e49e2b771897067fce3c58575ac,0.011185,ETH,31.32
2026-02-16,00:40:59,2026-02-16T00:40:59.000Z,Rollbit,0xcbd6832ebc203e49e2b771897067fce3c58575ac,0.014351,ETH,40.18
2026-02-16,00:40:59,2026-02-16T00:40:59.000Z,Rollbit,0xcbd6832ebc203e49e2b771897067fce3c58575ac,0.050718,ETH,142.01
2026-02-16,00:43:59,2026-02-16T00:43:59.000Z,Rollbit,0xcbd6832ebc203e49e2b771897067fce3c58575ac,0.024625,ETH,68.95
2026-02-16,00:44:11,2026-02-16T00:44:11.000Z,Bitcasino,0x5bcbdfb6cc624b959c39a2d16110d1f2d9204f72,0.033258,ETH,93.12
2026-02-16,00:44:47,2026-02-16T00:44:47.000Z,Rollbit,0xcbd6832ebc203e49e2b771897067fce3c58575ac,0.000169,ETH,0.47
2026-02-16,00:44:59,2026-02-16T00:44:59.000Z,Bitcasino,0x5bcbdfb6cc624b959c39a2d16110d1f2d9204f72,0.118199,ETH,330.96
2026-02-16,00:45:11,2026-02-16T00:45:11.000Z,Rollbit,0xcbd6832ebc203e49e2b771897067fce3c58575ac,0.000178,ETH,0.50
2026-02-16,00:45:59,2026-02-16T00:45:59.000Z,Bitcasino,0x5bcbdfb6cc624b959c39a2d16110d1f2d9204f72,0.199999,ETH,560.00
2026-02-16,00:47:35,2026-02-16T00:47:35.000Z,Bitcasino,0x5bcbdfb6cc624b959c39a2d16110d1f2d9204f72,0.032678,ETH,91.50
2026-02-16,00:48:47,2026-02-16T00:48:47.000Z,Duelbits,0x014435b1e39945cf4f5f0c3cbb5833195a95cc9b,0.000000,ETH,0.00
2026-02-16,00:50:11,2026-02-16T00:50:11.000Z,Rollbit,0xcbd6832ebc203e49e2b771897067fce3c58575ac,0.050875,ETH,142.45
2026-02-16,00:51:47,2026-02-16T00:51:47.000Z,Rollbit,0xcbd6832ebc203e49e2b771897067fce3c58575ac,0.036709,ETH,102.79
2026-02-16,00:52:11,2026-02-16T00:52:11.000Z,Rollbit,0xcbd6832ebc203e49e2b771897067fce3c58575ac,0.075088,ETH,210.25
2026-02-16,00:53:23,2026-02-16T00:53:23.000Z,Rollbit,0xcbd6832ebc203e49e2b771897067fce3c58575ac,0.024108,ETH,67.50
2026-02-16,00:53:47,2026-02-16T00:53:47.000Z,Rollbit,0xcbd6832ebc203e49e2b771897067fce3c58575ac,0.023408,ETH,65.54
2026-02-16,00:55:35,2026-02-16T00:55:35.000Z,Rollbit,0xcbd6832ebc203e49e2b771897067fce3c58575ac,0.000169,ETH,0.47
2026-02-16,00:56:35,2026-02-16T00:56:35.000Z,Rollbit,0xcbd6832ebc203e49e2b771897067fce3c58575ac,0.038898,ETH,108.91
2026-02-16,00:59:35,2026-02-16T00:59:35.000Z,Rollbit,0xcbd6832ebc203e49e2b771897067fce3c58575ac,0.000185,ETH,0.52
2026-02-16,00:59:47,2026-02-16T00:59:47.000Z,Rollbit,0xcbd6832ebc203e49e2b771897067fce3c58575ac,0.023806,ETH,66.66
2026-02-16,01:01:23,2026-02-16T01:01:23.000Z,Rollbit,0xcbd6832ebc203e49e2b771897067fce3c58575ac,0.022112,ETH,61.91
2026-02-16,01:01:47,2026-02-16T01:01:47.000Z,Rollbit,0xcbd6832ebc203e49e2b771897067fce3c58575ac,0.042752,ETH,119.70
2026-02-16,01:02:23,2026-02-16T01:02:23.000Z,Rollbit,0xcbd6832ebc203e49e2b771897067fce3c58575ac,0.056582,ETH,158.43
2026-02-16,01:04:11,2026-02-16T01:04:11.000Z,Rollbit,0xcbd6832ebc203e49e2b771897067fce3c58575ac,0.013712,ETH,38.39
2026-02-16,01:04:35,2026-02-16T01:04:35.000Z,Rollbit,0xcbd6832ebc203e49e2b771897067fce3c58575ac,0.006348,ETH,17.77
2026-02-16,01:05:23,2026-02-16T01:05:23.000Z,Rollbit,0xcbd6832ebc203e49e2b771897067fce3c58575ac,0.047213,ETH,132.20
2026-02-16,01:06:59,2026-02-16T01:06:59.000Z,Rollbit,0xcbd6832ebc203e49e2b771897067fce3c58575ac,0.000169,ETH,0.47
2026-02-16,01:08:35,2026-02-16T01:08:35.000Z,Rollbit,0xcbd6832ebc203e49e2b771897067fce3c58575ac,0.192737,ETH,539.66
2026-02-16,01:08:59,2026-02-16T01:08:59.000Z,Rollbit,0xcbd6832ebc203e49e2b771897067fce3c58575ac,0.035548,ETH,99.53
2026-02-16,01:10:23,2026-02-16T01:10:23.000Z,Rollbit,0xcbd6832ebc203e49e2b771897067fce3c58575ac,0.062504,ETH,175.01
2026-02-16,01:11:47,2026-02-16T01:11:47.000Z,Rollbit,0xcbd6832ebc203e49e2b771897067fce3c58575ac,0.050879,ETH,142.46
2026-02-16,01:11:47,2026-02-16T01:11:47.000Z,Rollbit,0xcbd6832ebc203e49e2b771897067fce3c58575ac,0.239639,ETH,670.99
2026-02-16,01:11:47,2026-02-16T01:11:47.000Z,Rollbit,0xcbd6832ebc203e49e2b771897067fce3c58575ac,0.024016,ETH,67.25
2026-02-16,01:13:35,2026-02-16T01:13:35.000Z,Rollbit,0xcbd6832ebc203e49e2b771897067fce3c58575ac,0.014659,ETH,41.05
2026-02-16,01:16:47,2026-02-16T01:16:47.000Z,Rollbit,0xcbd6832ebc203e49e2b771897067fce3c58575ac,0.016204,ETH,45.37
2026-02-16,01:17:11,2026-02-16T01:17:11.000Z,Rollbit,0xcbd6832ebc203e49e2b771897067fce3c58575ac,0.014999,ETH,42.00
2026-02-16,01:18:11,2026-02-16T01:18:11.000Z,Rollbit,0xcbd6832ebc203e49e2b771897067fce3c58575ac,0.550039,ETH,1540.11
2026-02-16,01:19:35,2026-02-16T01:19:35.000Z,Rollbit,0xcbd6832ebc203e49e2b771897067fce3c58575ac,0.010789,ETH,30.21
2026-02-16,01:19:47,2026-02-16T01:19:47.000Z,Rollbit,0xcbd6832ebc203e49e2b771897067fce3c58575ac,0.011184,ETH,31.32
2026-02-16,01:19:47,2026-02-16T01:19:47.000Z,Rollbit,0xcbd6832ebc203e49e2b771897067fce3c58575ac,0.125406,ETH,351.14
2026-02-16,01:23:35,2026-02-16T01:23:35.000Z,Rollbit,0xcbd6832ebc203e49e2b771897067fce3c58575ac,0.087809,ETH,245.87
2026-02-16,01:24:35,2026-02-16T01:24:35.000Z,Rollbit,0xcbd6832ebc203e49e2b771897067fce3c58575ac,0.209756,ETH,587.32
2026-02-16,01:25:35,2026-02-16T01:25:35.000Z,Rollbit,0xcbd6832ebc203e49e2b771897067fce3c58575ac,0.005749,ETH,16.10
2026-02-16,01:28:23,2026-02-16T01:28:23.000Z,Rollbit,0xcbd6832ebc203e49e2b771897067fce3c58575ac,0.114039,ETH,319.31
2026-02-16,01:28:23,2026-02-16T01:28:23.000Z,Rollbit,0xcbd6832ebc203e49e2b771897067fce3c58575ac,0.000092,ETH,0.26
2026-02-16,01:29:59,2026-02-16T01:29:59.000Z,Rollbit,0xcbd6832ebc203e49e2b771897067fce3c58575ac,0.073493,ETH,205.78
2026-02-16,01:31:35,2026-02-16T01:31:35.000Z,Rollbit,0xcbd6832ebc203e49e2b771897067fce3c58575ac,0.000174,ETH,0.49
2026-02-16,01:33:23,2026-02-16T01:33:23.000Z,Rollbit,0xcbd6832ebc203e49e2b771897067fce3c58575ac,0.428185,ETH,1198.92
2026-02-16,01:34:47,2026-02-16T01:34:47.000Z,Rollbit,0xcbd6832ebc203e49e2b771897067fce3c58575ac,0.005040,ETH,14.11
2026-02-16,01:35:23,2026-02-16T01:35:23.000Z,Rollbit,0xcbd6832ebc203e49e2b771897067fce3c58575ac,0.000165,ETH,0.46
2026-02-16,01:36:23,2026-02-16T01:36:23.000Z,Rollbit,0xcbd6832ebc203e49e2b771897067fce3c58575ac,0.014444,ETH,40.44
2026-02-16,01:36:23,2026-02-16T01:36:23.000Z,Rollbit,0xcbd6832ebc203e49e2b771897067fce3c58575ac,0.125855,ETH,352.39
2026-02-16,01:37:35,2026-02-16T01:37:35.000Z,Rollbit,0xcbd6832ebc203e49e2b771897067fce3c58575ac,0.482519,ETH,1351.05
2026-02-16,01:37:35,2026-02-16T01:37:35.000Z,Rollbit,0xcbd6832ebc203e49e2b771897067fce3c58575ac,0.159999,ETH,448.00
2026-02-16,01:39:11,2026-02-16T01:39:11.000Z,Rollbit,0xcbd6832ebc203e49e2b771897067fce3c58575ac,0.368361,ETH,1031.41
2026-02-16,01:41:23,2026-02-16T01:41:23.000Z,Rollbit,0xcbd6832ebc203e49e2b771897067fce3c58575ac,0.060649,ETH,169.82
2026-02-16,01:43:35,2026-02-16T01:43:35.000Z,Rollbit,0xcbd6832ebc203e49e2b771897067fce3c58575ac,0.024141,ETH,67.59
2026-02-16,01:44:11,2026-02-16T01:44:11.000Z,Rollbit,0xcbd6832ebc203e49e2b771897067fce3c58575ac,0.088289,ETH,247.21
2026-02-16,01:44:11,2026-02-16T01:44:11.000Z,Rollbit,0xcbd6832ebc203e49e2b771897067fce3c58575ac,0.015738,ETH,44.07
2026-02-16,01:46:11,2026-02-16T01:46:11.000Z,Rollbit,0xcbd6832ebc203e49e2b771897067fce3c58575ac,0.091549,ETH,256.34
2026-02-16,01:47:23,2026-02-16T01:47:23.000Z,Rollbit,0xcbd6832ebc203e49e2b771897067fce3c58575ac,0.024164,ETH,67.66
2026-02-16,01:49:11,2026-02-16T01:49:11.000Z,Bitcasino,0x5bcbdfb6cc624b959c39a2d16110d1f2d9204f72,0.068327,ETH,191.31
2026-02-16,01:49:35,2026-02-16T01:49:35.000Z,Rollbit,0xcbd6832ebc203e49e2b771897067fce3c58575ac,0.000162,ETH,0.45
2026-02-16,01:53:11,2026-02-16T01:53:11.000Z,Rollbit,0xcbd6832ebc203e49e2b771897067fce3c58575ac,0.009468,ETH,26.51
2026-02-16,01:55:59,2026-02-16T01:55:59.000Z,Rollbit,0xcbd6832ebc203e49e2b771897067fce3c58575ac,0.182969,ETH,512.31
2026-02-16,01:55:59,2026-02-16T01:55:59.000Z,Rollbit,0xcbd6832ebc203e49e2b771897067fce3c58575ac,0.000163,ETH,0.46
2026-02-16,01:55:59,2026-02-16T01:55:59.000Z,Rollbit,0xcbd6832ebc203e49e2b771897067fce3c58575ac,0.026568,ETH,74.39
2026-02-16,01:56:11,2026-02-16T01:56:11.000Z,Rollbit,0xcbd6832ebc203e49e2b771897067fce3c58575ac,0.016081,ETH,45.03
2026-02-16,01:56:23,2026-02-16T01:56:23.000Z,Rollbit,0xcbd6832ebc203e49e2b771897067fce3c58575ac,0.060762,ETH,170.13
2026-02-16,01:56:59,2026-02-16T01:56:59.000Z,Rollbit,0xcbd6832ebc203e49e2b771897067fce3c58575ac,0.499999,ETH,1400.00
2026-02-16,01:57:23,2026-02-16T01:57:23.000Z,Rollbit,0xcbd6832ebc203e49e2b771897067fce3c58575ac,0.035753,ETH,100.11
2026-02-16,01:57:23,2026-02-16T01:57:23.000Z,Rollbit,0xcbd6832ebc203e49e2b771897067fce3c58575ac,0.005722,ETH,16.02
2026-02-16,01:59:23,2026-02-16T01:59:23.000Z,Rollbit,0xcbd6832ebc203e49e2b771897067fce3c58575ac,0.356929,ETH,999.40
2026-02-16,02:00:47,2026-02-16T02:00:47.000Z,Rollbit,0xcbd6832ebc203e49e2b771897067fce3c58575ac,0.062408,ETH,174.74
2026-02-16,02:00:59,2026-02-16T02:00:59.000Z,Rollbit,0xcbd6832ebc203e49e2b771897067fce3c58575ac,0.249839,ETH,699.55
2026-02-16,02:02:11,2026-02-16T02:02:11.000Z,Rollbit,0xcbd6832ebc203e49e2b771897067fce3c58575ac,0.038651,ETH,108.22
2026-02-16,02:03:59,2026-02-16T02:03:59.000Z,Rollbit,0xcbd6832ebc203e49e2b771897067fce3c58575ac,0.013206,ETH,36.98
2026-02-16,02:08:11,2026-02-16T02:08:11.000Z,Rollbit,0xcbd6832ebc203e49e2b771897067fce3c58575ac,0.125989,ETH,352.77
2026-02-16,02:11:35,2026-02-16T02:11:35.000Z,Rollbit,0xcbd6832ebc203e49e2b771897067fce3c58575ac,0.014465,ETH,40.50
2026-02-16,02:12:59,2026-02-16T02:12:59.000Z,Rollbit,0xcbd6832ebc203e49e2b771897067fce3c58575ac,0.005711,ETH,15.99
2026-02-16,02:16:11,2026-02-16T02:16:11.000Z,Rollbit,0xcbd6832ebc203e49e2b771897067fce3c58575ac,0.000162,ETH,0.45
2026-02-16,02:16:11,2026-02-16T02:16:11.000Z,Rollbit,0xcbd6832ebc203e49e2b771897067fce3c58575ac,0.035193,ETH,98.54
2026-02-16,02:16:59,2026-02-16T02:16:59.000Z,Rollbit,0xcbd6832ebc203e49e2b771897067fce3c58575ac,0.019324,ETH,54.11
2026-02-16,02:17:11,2026-02-16T02:17:11.000Z,Rollbit,0xcbd6832ebc203e49e2b771897067fce3c58575ac,0.021722,ETH,60.82
2026-02-16,02:18:23,2026-02-16T02:18:23.000Z,Rollbit,0xcbd6832ebc203e49e2b771897067fce3c58575ac,0.151283,ETH,423.59
2026-02-16,02:18:23,2026-02-16T02:18:23.000Z,Rollbit,0xcbd6832ebc203e49e2b771897067fce3c58575ac,0.073676,ETH,206.29
2026-02-16,02:19:11,2026-02-16T02:19:11.000Z,Rollbit,0xcbd6832ebc203e49e2b771897067fce3c58575ac,0.164699,ETH,461.16
2026-02-16,02:19:59,2026-02-16T02:19:59.000Z,Rollbit,0xcbd6832ebc203e49e2b771897067fce3c58575ac,0.000164,ETH,0.46
2026-02-16,02:21:11,2026-02-16T02:21:11.000Z,Rollbit,0xcbd6832ebc203e49e2b771897067fce3c58575ac,0.095258,ETH,266.72
2026-02-16,02:22:11,2026-02-16T02:22:11.000Z,Rollbit,0xcbd6832ebc203e49e2b771897067fce3c58575ac,0.000167,ETH,0.47
2026-02-16,02:23:59,2026-02-16T02:23:59.000Z,Rollbit,0xcbd6832ebc203e49e2b771897067fce3c58575ac,0.252069,ETH,705.79
2026-02-16,02:26:23,2026-02-16T02:26:23.000Z,Rollbit,0xcbd6832ebc203e49e2b771897067fce3c58575ac,0.293340,ETH,821.35
2026-02-16,02:26:47,2026-02-16T02:26:47.000Z,Rollbit,0xcbd6832ebc203e49e2b771897067fce3c58575ac,0.092570,ETH,259.20
2026-02-16,02:27:23,2026-02-16T02:27:23.000Z,Rollbit,0xcbd6832ebc203e49e2b771897067fce3c58575ac,0.005720,ETH,16.02
2026-02-16,02:27:59,2026-02-16T02:27:59.000Z,Rollbit,0xcbd6832ebc203e49e2b771897067fce3c58575ac,0.040839,ETH,114.35
2026-02-16,02:28:11,2026-02-16T02:28:11.000Z,Rollbit,0xcbd6832ebc203e49e2b771897067fce3c58575ac,0.016935,ETH,47.42
2026-02-16,02:30:35,2026-02-16T02:30:35.000Z,Rollbit,0xcbd6832ebc203e49e2b771897067fce3c58575ac,0.428948,ETH,1201.06
2026-02-16,02:30:35,2026-02-16T02:30:35.000Z,Rollbit,0xcbd6832ebc203e49e2b771897067fce3c58575ac,0.000162,ETH,0.45
2026-02-16,02:31:59,2026-02-16T02:31:59.000Z,Rollbit,0xcbd6832ebc203e49e2b771897067fce3c58575ac,0.014778,ETH,41.38
2026-02-16,02:39:23,2026-02-16T02:39:23.000Z,Rollbit,0xcbd6832ebc203e49e2b771897067fce3c58575ac,0.499999,ETH,1400.00
2026-02-16,02:46:23,2026-02-16T02:46:23.000Z,Rollbit,0xcbd6832ebc203e49e2b771897067fce3c58575ac,0.000164,ETH,0.46
2026-02-16,02:47:11,2026-02-16T02:47:11.000Z,Rollbit,0xcbd6832ebc203e49e2b771897067fce3c58575ac,0.020416,ETH,57.16
2026-02-16,02:49:23,2026-02-16T02:49:23.000Z,Rollbit,0xcbd6832ebc203e49e2b771897067fce3c58575ac,0.024170,ETH,67.68
2026-02-16,02:49:35,2026-02-16T02:49:35.000Z,Rollbit,0xcbd6832ebc203e49e2b771897067fce3c58575ac,0.069291,ETH,194.01
2026-02-16,02:50:35,2026-02-16T02:50:35.000Z,Rollbit,0xcbd6832ebc203e49e2b771897067fce3c58575ac,0.000105,ETH,0.29
2026-02-16,02:50:47,2026-02-16T02:50:47.000Z,Bitcasino,0x5bcbdfb6cc624b959c39a2d16110d1f2d9204f72,0.068333,ETH,191.33
2026-02-16,02:51:23,2026-02-16T02:51:23.000Z,Rollbit,0xcbd6832ebc203e49e2b771897067fce3c58575ac,0.070836,ETH,198.34
2026-02-16,02:51:23,2026-02-16T02:51:23.000Z,Rollbit,0xcbd6832ebc203e49e2b771897067fce3c58575ac,0.293579,ETH,822.02
2026-02-16,02:51:23,2026-02-16T02:51:23.000Z,Bitcasino,0x5bcbdfb6cc624b959c39a2d16110d1f2d9204f72,0.059849,ETH,167.58
2026-02-16,02:51:35,2026-02-16T02:51:35.000Z,Rollbit,0xcbd6832ebc203e49e2b771897067fce3c58575ac,0.051609,ETH,144.50
2026-02-16,02:52:11,2026-02-16T02:52:11.000Z,Rollbit,0xcbd6832ebc203e49e2b771897067fce3c58575ac,0.000163,ETH,0.46
2026-02-16,02:53:23,2026-02-16T02:53:23.000Z,Rollbit,0xcbd6832ebc203e49e2b771897067fce3c58575ac,0.029794,ETH,83.42
2026-02-16,02:55:59,2026-02-16T02:55:59.000Z,Rollbit,0xcbd6832ebc203e49e2b771897067fce3c58575ac,0.048449,ETH,135.66
2026-02-16,02:56:11,2026-02-16T02:56:11.000Z,Rollbit,0xcbd6832ebc203e49e2b771897067fce3c58575ac,0.014790,ETH,41.41
2026-02-16,02:59:11,2026-02-16T02:59:11.000Z,Rollbit,0xcbd6832ebc203e49e2b771897067fce3c58575ac,0.499999,ETH,1400.00
2026-02-16,03:02:11,2026-02-16T03:02:11.000Z,Rollbit,0xcbd6832ebc203e49e2b771897067fce3c58575ac,0.016947,ETH,47.45
2026-02-16,03:02:47,2026-02-16T03:02:47.000Z,Rollbit,0xcbd6832ebc203e49e2b771897067fce3c58575ac,0.097657,ETH,273.44
2026-02-16,03:02:47,2026-02-16T03:02:47.000Z,Rollbit,0xcbd6832ebc203e49e2b771897067fce3c58575ac,0.020195,ETH,56.55
2026-02-16,03:03:23,2026-02-16T03:03:23.000Z,Rollbit,0xcbd6832ebc203e49e2b771897067fce3c58575ac,0.000160,ETH,0.45
2026-02-16,03:04:47,2026-02-16T03:04:47.000Z,Rollbit,0xcbd6832ebc203e49e2b771897067fce3c58575ac,0.024188,ETH,67.73
2026-02-16,03:05:23,2026-02-16T03:05:23.000Z,Rollbit,0xcbd6832ebc203e49e2b771897067fce3c58575ac,0.369450,ETH,1034.46
2026-02-16,03:06:11,2026-02-16T03:06:11.000Z,Rollbit,0xcbd6832ebc203e49e2b771897067fce3c58575ac,0.010894,ETH,30.50
2026-02-16,03:11:11,2026-02-16T03:11:11.000Z,Rollbit,0xcbd6832ebc203e49e2b771897067fce3c58575ac,0.011084,ETH,31.04
2026-02-16,03:12:23,2026-02-16T03:12:23.000Z,Rollbit,0xcbd6832ebc203e49e2b771897067fce3c58575ac,0.031550,ETH,88.34
2026-02-16,03:13:11,2026-02-16T03:13:11.000Z,Rollbit,0xcbd6832ebc203e49e2b771897067fce3c58575ac,0.022701,ETH,63.56
2026-02-16,03:14:23,2026-02-16T03:14:23.000Z,Rollbit,0xcbd6832ebc203e49e2b771897067fce3c58575ac,0.499999,ETH,1400.00
2026-02-16,03:15:11,2026-02-16T03:15:11.000Z,Rollbit,0xcbd6832ebc203e49e2b771897067fce3c58575ac,0.000160,ETH,0.45
2026-02-16,03:16:59,2026-02-16T03:16:59.000Z,Rollbit,0xcbd6832ebc203e49e2b771897067fce3c58575ac,0.052842,ETH,147.96
2026-02-16,03:18:11,2026-02-16T03:18:11.000Z,Rollbit,0xcbd6832ebc203e49e2b771897067fce3c58575ac,0.005101,ETH,14.28
2026-02-16,03:18:11,2026-02-16T03:18:11.000Z,Rollbit,0xcbd6832ebc203e49e2b771897067fce3c58575ac,0.229539,ETH,642.71
2026-02-16,03:19:35,2026-02-16T03:19:35.000Z,Rollbit,0xcbd6832ebc203e49e2b771897067fce3c58575ac,0.024161,ETH,67.65
2026-02-16,03:20:23,2026-02-16T03:20:23.000Z,Rollbit,0xcbd6832ebc203e49e2b771897067fce3c58575ac,0.369478,ETH,1034.54
2026-02-16,03:22:47,2026-02-16T03:22:47.000Z,Rollbit,0xcbd6832ebc203e49e2b771897067fce3c58575ac,0.209944,ETH,587.84
2026-02-16,03:23:35,2026-02-16T03:23:35.000Z,Rollbit,0xcbd6832ebc203e49e2b771897067fce3c58575ac,0.007682,ETH,21.51
2026-02-16,03:39:59,2026-02-16T03:39:59.000Z,Duelbits,0x014435b1e39945cf4f5f0c3cbb5833195a95cc9b,0.000001,ETH,0.00
2026-02-16,04:12:59,2026-02-16T04:12:59.000Z,Bitcasino,0x5bcbdfb6cc624b959c39a2d16110d1f2d9204f72,0.067426,ETH,188.79
2026-02-16,04:18:59,2026-02-16T04:18:59.000Z,Duelbits,0x014435b1e39945cf4f5f0c3cbb5833195a95cc9b,0.000000,ETH,0.00
2026-02-16,04:43:35,2026-02-16T04:43:35.000Z,Bitcasino,0x5bcbdfb6cc624b959c39a2d16110d1f2d9204f72,0.068438,ETH,191.63
2026-02-16,05:04:59,2026-02-16T05:04:59.000Z,Duelbits,0x014435b1e39945cf4f5f0c3cbb5833195a95cc9b,0.000000,ETH,0.00
2026-02-16,05:14:59,2026-02-16T05:14:59.000Z,Bitcasino,0x5bcbdfb6cc624b959c39a2d16110d1f2d9204f72,0.061731,ETH,172.85
2026-02-16,05:15:23,2026-02-16T05:15:23.000Z,Bitcasino,0x5bcbdfb6cc624b959c39a2d16110d1f2d9204f72,0.059999,ETH,168.00
2026-02-16,05:16:35,2026-02-16T05:16:35.000Z,Bitcasino,0x5bcbdfb6cc624b959c39a2d16110d1f2d9204f72,0.025133,ETH,70.37
2026-02-16,05:47:35,2026-02-16T05:47:35.000Z,Bitcasino,0x5bcbdfb6cc624b959c39a2d16110d1f2d9204f72,0.099999,ETH,280.00
2026-02-16,05:48:35,2026-02-16T05:48:35.000Z,Bitcasino,0x5bcbdfb6cc624b959c39a2d16110d1f2d9204f72,0.026999,ETH,75.60
2026-02-16,06:40:23,2026-02-16T06:40:23.000Z,Bitcasino,0x5bcbdfb6cc624b959c39a2d16110d1f2d9204f72,0.034799,ETH,97.44
2026-02-16,06:41:11,2026-02-16T06:41:11.000Z,Bitcasino,0x5bcbdfb6cc624b959c39a2d16110d1f2d9204f72,0.039880,ETH,111.66
2026-02-16,06:41:35,2026-02-16T06:41:35.000Z,Bitcasino,0x5bcbdfb6cc624b959c39a2d16110d1f2d9204f72,0.039981,ETH,111.95
2026-02-16,06:41:59,2026-02-16T06:41:59.000Z,Bitcasino,0x5bcbdfb6cc624b959c39a2d16110d1f2d9204f72,0.035269,ETH,98.75
2026-02-16,06:42:23,2026-02-16T06:42:23.000Z,Bitcasino,0x5bcbdfb6cc624b959c39a2d16110d1f2d9204f72,0.033605,ETH,94.09
2026-02-16,06:42:47,2026-02-16T06:42:47.000Z,Bitcasino,0x5bcbdfb6cc624b959c39a2d16110d1f2d9204f72,0.039997,ETH,111.99
2026-02-16,06:43:11,2026-02-16T06:43:11.000Z,Bitcasino,0x5bcbdfb6cc624b959c39a2d16110d1f2d9204f72,0.001606,ETH,4.50
2026-02-16,06:43:35,2026-02-16T06:43:35.000Z,Bitcasino,0x5bcbdfb6cc624b959c39a2d16110d1f2d9204f72,0.039997,ETH,111.99
2026-02-16,06:44:11,2026-02-16T06:44:11.000Z,Bitcasino,0x5bcbdfb6cc624b959c39a2d16110d1f2d9204f72,0.023118,ETH,64.73
2026-02-16,06:44:35,2026-02-16T06:44:35.000Z,Bitcasino,0x5bcbdfb6cc624b959c39a2d16110d1f2d9204f72,0.030472,ETH,85.32
2026-02-16,06:44:59,2026-02-16T06:44:59.000Z,Bitcasino,0x5bcbdfb6cc624b959c39a2d16110d1f2d9204f72,0.037261,ETH,104.33
2026-02-16,06:45:47,2026-02-16T06:45:47.000Z,Bitcasino,0x5bcbdfb6cc624b959c39a2d16110d1f2d9204f72,0.039987,ETH,111.96
2026-02-16,06:46:11,2026-02-16T06:46:11.000Z,Bitcasino,0x5bcbdfb6cc624b959c39a2d16110d1f2d9204f72,0.039983,ETH,111.95
2026-02-16,06:46:47,2026-02-16T06:46:47.000Z,Bitcasino,0x5bcbdfb6cc624b959c39a2d16110d1f2d9204f72,0.029876,ETH,83.65
2026-02-16,06:47:11,2026-02-16T06:47:11.000Z,Bitcasino,0x5bcbdfb6cc624b959c39a2d16110d1f2d9204f72,0.039314,ETH,110.08
2026-02-16,06:48:11,2026-02-16T06:48:11.000Z,Bitcasino,0x5bcbdfb6cc624b959c39a2d16110d1f2d9204f72,0.038062,ETH,106.57
2026-02-16,06:48:47,2026-02-16T06:48:47.000Z,Bitcasino,0x5bcbdfb6cc624b959c39a2d16110d1f2d9204f72,0.039984,ETH,111.96
2026-02-16,06:49:11,2026-02-16T06:49:11.000Z,Bitcasino,0x5bcbdfb6cc624b959c39a2d16110d1f2d9204f72,0.008453,ETH,23.67
2026-02-16,06:49:47,2026-02-16T06:49:47.000Z,Bitcasino,0x5bcbdfb6cc624b959c39a2d16110d1f2d9204f72,0.039995,ETH,111.99
2026-02-16,06:50:11,2026-02-16T06:50:11.000Z,Bitcasino,0x5bcbdfb6cc624b959c39a2d16110d1f2d9204f72,0.029985,ETH,83.96
2026-02-16,06:50:35,2026-02-16T06:50:35.000Z,Bitcasino,0x5bcbdfb6cc624b959c39a2d16110d1f2d9204f72,0.031470,ETH,88.12
2026-02-16,06:51:11,2026-02-16T06:51:11.000Z,Bitcasino,0x5bcbdfb6cc624b959c39a2d16110d1f2d9204f72,0.039998,ETH,111.99
2026-02-16,06:51:35,2026-02-16T06:51:35.000Z,Bitcasino,0x5bcbdfb6cc624b959c39a2d16110d1f2d9204f72,0.039987,ETH,111.96
2026-02-16,06:51:59,2026-02-16T06:51:59.000Z,Bitcasino,0x5bcbdfb6cc624b959c39a2d16110d1f2d9204f72,0.039926,ETH,111.79
2026-02-16,06:52:23,2026-02-16T06:52:23.000Z,Bitcasino,0x5bcbdfb6cc624b959c39a2d16110d1f2d9204f72,0.039986,ETH,111.96
2026-02-16,06:52:47,2026-02-16T06:52:47.000Z,Bitcasino,0x5bcbdfb6cc624b959c39a2d16110d1f2d9204f72,0.039994,ETH,111.98
2026-02-16,06:53:59,2026-02-16T06:53:59.000Z,Bitcasino,0x5bcbdfb6cc624b959c39a2d16110d1f2d9204f72,0.039977,ETH,111.94
2026-02-16,06:54:47,2026-02-16T06:54:47.000Z,Bitcasino,0x5bcbdfb6cc624b959c39a2d16110d1f2d9204f72,0.039984,ETH,111.95
2026-02-16,06:55:11,2026-02-16T06:55:11.000Z,Bitcasino,0x5bcbdfb6cc624b959c39a2d16110d1f2d9204f72,0.039988,ETH,111.97
2026-02-16,06:55:35,2026-02-16T06:55:35.000Z,Bitcasino,0x5bcbdfb6cc624b959c39a2d16110d1f2d9204f72,0.039993,ETH,111.98
2026-02-16,06:55:59,2026-02-16T06:55:59.000Z,Bitcasino,0x5bcbdfb6cc624b959c39a2d16110d1f2d9204f72,0.039993,ETH,111.98
2026-02-16,06:56:47,2026-02-16T06:56:47.000Z,Bitcasino,0x5bcbdfb6cc624b959c39a2d16110d1f2d9204f72,0.039996,ETH,111.99
2026-02-16,06:57:11,2026-02-16T06:57:11.000Z,Bitcasino,0x5bcbdfb6cc624b959c39a2d16110d1f2d9204f72,0.025911,ETH,72.55
2026-02-16,06:57:59,2026-02-16T06:57:59.000Z,Bitcasino,0x5bcbdfb6cc624b959c39a2d16110d1f2d9204f72,0.039979,ETH,111.94
2026-02-16,06:58:35,2026-02-16T06:58:35.000Z,Bitcasino,0x5bcbdfb6cc624b959c39a2d16110d1f2d9204f72,0.039997,ETH,111.99
2026-02-16,06:58:59,2026-02-16T06:58:59.000Z,Bitcasino,0x5bcbdfb6cc624b959c39a2d16110d1f2d9204f72,0.039988,ETH,111.97
2026-02-16,06:59:23,2026-02-16T06:59:23.000Z,Bitcasino,0x5bcbdfb6cc624b959c39a2d16110d1f2d9204f72,0.039996,ETH,111.99
2026-02-16,06:59:47,2026-02-16T06:59:47.000Z,Bitcasino,0x5bcbdfb6cc624b959c39a2d16110d1f2d9204f72,0.039997,ETH,111.99
2026-02-16,07:00:35,2026-02-16T07:00:35.000Z,Bitcasino,0x5bcbdfb6cc624b959c39a2d16110d1f2d9204f72,0.039997,ETH,111.99
2026-02-16,07:00:59,2026-02-16T07:00:59.000Z,Bitcasino,0x5bcbdfb6cc624b959c39a2d16110d1f2d9204f72,0.039933,ETH,111.81
2026-02-16,07:01:23,2026-02-16T07:01:23.000Z,Bitcasino,0x5bcbdfb6cc624b959c39a2d16110d1f2d9204f72,0.039968,ETH,111.91
2026-02-16,07:01:59,2026-02-16T07:01:59.000Z,Bitcasino,0x5bcbdfb6cc624b959c39a2d16110d1f2d9204f72,0.039991,ETH,111.97
2026-02-16,07:02:35,2026-02-16T07:02:35.000Z,Bitcasino,0x5bcbdfb6cc624b959c39a2d16110d1f2d9204f72,0.039997,ETH,111.99
2026-02-16,07:03:11,2026-02-16T07:03:11.000Z,Bitcasino,0x5bcbdfb6cc624b959c39a2d16110d1f2d9204f72,0.039997,ETH,111.99
2026-02-16,07:03:35,2026-02-16T07:03:35.000Z,Bitcasino,0x5bcbdfb6cc624b959c39a2d16110d1f2d9204f72,0.039996,ETH,111.99
2026-02-16,07:04:23,2026-02-16T07:04:23.000Z,Bitcasino,0x5bcbdfb6cc624b959c39a2d16110d1f2d9204f72,0.039995,ETH,111.99
2026-02-16,07:04:47,2026-02-16T07:04:47.000Z,Bitcasino,0x5bcbdfb6cc624b959c39a2d16110d1f2d9204f72,0.039995,ETH,111.99
2026-02-16,07:05:11,2026-02-16T07:05:11.000Z,Bitcasino,0x5bcbdfb6cc624b959c39a2d16110d1f2d9204f72,0.039994,ETH,111.98
2026-02-16,07:10:35,2026-02-16T07:10:35.000Z,Bitcasino,0x5bcbdfb6cc624b959c39a2d16110d1f2d9204f72,0.099999,ETH,280.00
2026-02-16,07:11:47,2026-02-16T07:11:47.000Z,Bitcasino,0x5bcbdfb6cc624b959c39a2d16110d1f2d9204f72,0.047430,ETH,132.80
2026-02-16,07:48:11,2026-02-16T07:48:11.000Z,Bitcasino,0x5bcbdfb6cc624b959c39a2d16110d1f2d9204f72,0.060945,ETH,170.65
2026-02-16,07:48:59,2026-02-16T07:48:59.000Z,Bitcasino,0x5bcbdfb6cc624b959c39a2d16110d1f2d9204f72,0.088852,ETH,248.79
2026-02-16,09:08:11,2026-02-16T09:08:11.000Z,Bitcasino,0x5bcbdfb6cc624b959c39a2d16110d1f2d9204f72,0.020530,ETH,57.48
2026-02-16,09:33:35,2026-02-16T09:33:35.000Z,Duelbits,0x014435b1e39945cf4f5f0c3cbb5833195a95cc9b,0.000000,ETH,0.00
2026-02-16,10:37:23,2026-02-16T10:37:23.000Z,Bitcasino,0x5bcbdfb6cc624b959c39a2d16110d1f2d9204f72,0.000000,ETH,0.00
2026-02-16,10:40:47,2026-02-16T10:40:47.000Z,Bitcasino,0x5bcbdfb6cc624b959c39a2d16110d1f2d9204f72,0.044493,ETH,124.58
2026-02-16,10:41:35,2026-02-16T10:41:35.000Z,Bitcasino,0x5bcbdfb6cc624b959c39a2d16110d1f2d9204f72,0.499999,ETH,1400.00
2026-02-17,05:44:59,2026-02-17T05:44:59.000Z,Rollbit,0xcbd6832ebc203e49e2b771897067fce3c58575ac,0.022260,ETH,62.33
2026-02-17,05:45:11,2026-02-17T05:45:11.000Z,Rollbit,0xcbd6832ebc203e49e2b771897067fce3c58575ac,0.035384,ETH,99.07
2026-02-17,05:45:23,2026-02-17T05:45:23.000Z,Rainbet,0x307576dd4f73f91bb8c4a2edb762938e8e067d31,0.009999,ETH,28.00
2026-02-17,05:46:11,2026-02-17T05:46:11.000Z,Rollbit,0xcbd6832ebc203e49e2b771897067fce3c58575ac,0.109999,ETH,308.00
2026-02-17,05:46:23,2026-02-17T05:46:23.000Z,Rainbet,0x307576dd4f73f91bb8c4a2edb762938e8e067d31,0.102580,ETH,287.22
2026-02-17,05:46:23,2026-02-17T05:46:23.000Z,Rainbet,0x307576dd4f73f91bb8c4a2edb762938e8e067d31,0.010084,ETH,28.23
2026-02-17,05:46:23,2026-02-17T05:46:23.000Z,Rainbet,0x307576dd4f73f91bb8c4a2edb762938e8e067d31,0.015001,ETH,42.00
2026-02-17,05:46:23,2026-02-17T05:46:23.000Z,Rainbet,0x307576dd4f73f91bb8c4a2edb762938e8e067d31,0.009996,ETH,27.99
2026-02-17,05:46:23,2026-02-17T05:46:23.000Z,Rainbet,0x307576dd4f73f91bb8c4a2edb762938e8e067d31,0.072092,ETH,201.86
2026-02-17,05:46:35,2026-02-17T05:46:35.000Z,Rainbet,0x307576dd4f73f91bb8c4a2edb762938e8e067d31,0.009996,ETH,27.99
2026-02-17,05:46:35,2026-02-17T05:46:35.000Z,Rainbet,0x307576dd4f73f91bb8c4a2edb762938e8e067d31,0.009996,ETH,27.99
2026-02-17,05:46:59,2026-02-17T05:46:59.000Z,Rainbet,0x307576dd4f73f91bb8c4a2edb762938e8e067d31,0.039452,ETH,110.47
2026-02-17,05:47:23,2026-02-17T05:47:23.000Z,Rainbet,0x307576dd4f73f91bb8c4a2edb762938e8e067d31,0.012307,ETH,34.46
2026-02-17,05:48:59,2026-02-17T05:48:59.000Z,Rollbit,0xcbd6832ebc203e49e2b771897067fce3c58575ac,0.048050,ETH,134.54
2026-02-17,05:49:11,2026-02-17T05:49:11.000Z,Duelbits,0x014435b1e39945cf4f5f0c3cbb5833195a95cc9b,0.000000,ETH,0.00
2026-02-17,05:49:23,2026-02-17T05:49:23.000Z,Rollbit,0xcbd6832ebc203e49e2b771897067fce3c58575ac,0.012549,ETH,35.14
2026-02-17,05:49:23,2026-02-17T05:49:23.000Z,Rainbet,0x307576dd4f73f91bb8c4a2edb762938e8e067d31,0.068214,ETH,191.00
2026-02-17,05:49:23,2026-02-17T05:49:23.000Z,Rainbet,0x307576dd4f73f91bb8c4a2edb762938e8e067d31,0.010299,ETH,28.84
2026-02-17,05:49:23,2026-02-17T05:49:23.000Z,Rainbet,0x307576dd4f73f91bb8c4a2edb762938e8e067d31,0.013178,ETH,36.90
2026-02-17,05:51:23,2026-02-17T05:51:23.000Z,Rollbit,0xcbd6832ebc203e49e2b771897067fce3c58575ac,0.029295,ETH,82.03
2026-02-17,05:51:35,2026-02-17T05:51:35.000Z,Rainbet,0x307576dd4f73f91bb8c4a2edb762938e8e067d31,0.026309,ETH,73.67
2026-02-17,05:51:35,2026-02-17T05:51:35.000Z,Rainbet,0x307576dd4f73f91bb8c4a2edb762938e8e067d31,0.010327,ETH,28.92
2026-02-17,05:51:35,2026-02-17T05:51:35.000Z,Rainbet,0x307576dd4f73f91bb8c4a2edb762938e8e067d31,0.009995,ETH,27.99
2026-02-17,05:51:35,2026-02-17T05:51:35.000Z,Rainbet,0x307576dd4f73f91bb8c4a2edb762938e8e067d31,0.009996,ETH,27.99
2026-02-17,05:51:35,2026-02-17T05:51:35.000Z,Rainbet,0x307576dd4f73f91bb8c4a2edb762938e8e067d31,0.009996,ETH,27.99
2026-02-17,05:51:47,2026-02-17T05:51:47.000Z,Rainbet,0x307576dd4f73f91bb8c4a2edb762938e8e067d31,0.357822,ETH,1001.90
2026-02-17,05:51:47,2026-02-17T05:51:47.000Z,Rainbet,0x307576dd4f73f91bb8c4a2edb762938e8e067d31,0.054539,ETH,152.71
2026-02-17,05:51:47,2026-02-17T05:51:47.000Z,Rainbet,0x307576dd4f73f91bb8c4a2edb762938e8e067d31,0.020174,ETH,56.49
2026-02-17,05:52:11,2026-02-17T05:52:11.000Z,Rainbet,0x307576dd4f73f91bb8c4a2edb762938e8e067d31,0.009996,ETH,27.99
2026-02-17,05:53:23,2026-02-17T05:53:23.000Z,Rollbit,0xcbd6832ebc203e49e2b771897067fce3c58575ac,0.144309,ETH,404.07
2026-02-17,05:53:23,2026-02-17T05:53:23.000Z,Rainbet,0x307576dd4f73f91bb8c4a2edb762938e8e067d31,0.073544,ETH,205.92
2026-02-17,05:53:23,2026-02-17T05:53:23.000Z,Rainbet,0x307576dd4f73f91bb8c4a2edb762938e8e067d31,0.044670,ETH,125.08
2026-02-17,05:53:23,2026-02-17T05:53:23.000Z,Rainbet,0x307576dd4f73f91bb8c4a2edb762938e8e067d31,0.144101,ETH,403.48
2026-02-17,05:53:23,2026-02-17T05:53:23.000Z,Rainbet,0x307576dd4f73f91bb8c4a2edb762938e8e067d31,0.051123,ETH,143.14
2026-02-17,05:54:47,2026-02-17T05:54:47.000Z,Rainbet,0x307576dd4f73f91bb8c4a2edb762938e8e067d31,0.024479,ETH,68.54
2026-02-17,05:54:47,2026-02-17T05:54:47.000Z,Rainbet,0x307576dd4f73f91bb8c4a2edb762938e8e067d31,0.199230,ETH,557.84
2026-02-17,05:54:47,2026-02-17T05:54:47.000Z,Rainbet,0x307576dd4f73f91bb8c4a2edb762938e8e067d31,0.009996,ETH,27.99
2026-02-17,05:54:47,2026-02-17T05:54:47.000Z,Rainbet,0x307576dd4f73f91bb8c4a2edb762938e8e067d31,0.009999,ETH,28.00
2026-02-17,05:54:59,2026-02-17T05:54:59.000Z,Rainbet,0x307576dd4f73f91bb8c4a2edb762938e8e067d31,0.009996,ETH,27.99
2026-02-17,05:54:59,2026-02-17T05:54:59.000Z,Rainbet,0x307576dd4f73f91bb8c4a2edb762938e8e067d31,0.011068,ETH,30.99
2026-02-17,05:55:11,2026-02-17T05:55:11.000Z,Rollbit,0xcbd6832ebc203e49e2b771897067fce3c58575ac,0.140657,ETH,393.84
2026-02-17,05:55:23,2026-02-17T05:55:23.000Z,Rollbit,0xcbd6832ebc203e49e2b771897067fce3c58575ac,0.040811,ETH,114.27
2026-02-17,05:55:47,2026-02-17T05:55:47.000Z,Rollbit,0xcbd6832ebc203e49e2b771897067fce3c58575ac,0.000174,ETH,0.49
2026-02-17,05:55:47,2026-02-17T05:55:47.000Z,Rainbet,0x307576dd4f73f91bb8c4a2edb762938e8e067d31,0.010129,ETH,28.36
2026-02-17,05:55:59,2026-02-17T05:55:59.000Z,Rainbet,0x307576dd4f73f91bb8c4a2edb762938e8e067d31,0.024999,ETH,70.00
2026-02-17,05:55:59,2026-02-17T05:55:59.000Z,Rainbet,0x307576dd4f73f91bb8c4a2edb762938e8e067d31,0.009996,ETH,27.99
2026-02-17,05:55:59,2026-02-17T05:55:59.000Z,Rainbet,0x307576dd4f73f91bb8c4a2edb762938e8e067d31,0.410999,ETH,1150.80
2026-02-17,05:56:23,2026-02-17T05:56:23.000Z,Rainbet,0x307576dd4f73f91bb8c4a2edb762938e8e067d31,0.207854,ETH,581.99
2026-02-17,05:56:47,2026-02-17T05:56:47.000Z,Rainbet,0x307576dd4f73f91bb8c4a2edb762938e8e067d31,0.010135,ETH,28.38
2026-02-17,05:56:59,2026-02-17T05:56:59.000Z,Rainbet,0x307576dd4f73f91bb8c4a2edb762938e8e067d31,0.009996,ETH,27.99
2026-02-17,05:56:59,2026-02-17T05:56:59.000Z,Rainbet,0x307576dd4f73f91bb8c4a2edb762938e8e067d31,0.009999,ETH,28.00
2026-02-17,05:56:59,2026-02-17T05:56:59.000Z,Rainbet,0x307576dd4f73f91bb8c4a2edb762938e8e067d31,0.009999,ETH,28.00
2026-02-17,05:56:59,2026-02-17T05:56:59.000Z,Rainbet,0x307576dd4f73f91bb8c4a2edb762938e8e067d31,0.009996,ETH,27.99
2026-02-17,05:56:59,2026-02-17T05:56:59.000Z,Rainbet,0x307576dd4f73f91bb8c4a2edb762938e8e067d31,0.009996,ETH,27.99
2026-02-17,05:57:11,2026-02-17T05:57:11.000Z,Rainbet,0x307576dd4f73f91bb8c4a2edb762938e8e067d31,0.010169,ETH,28.47
2026-02-17,05:57:47,2026-02-17T05:57:47.000Z,Rainbet,0x307576dd4f73f91bb8c4a2edb762938e8e067d31,0.007953,ETH,22.27
2026-02-17,05:59:23,2026-02-17T05:59:23.000Z,Rainbet,0x307576dd4f73f91bb8c4a2edb762938e8e067d31,0.009996,ETH,27.99
2026-02-17,05:59:23,2026-02-17T05:59:23.000Z,Rainbet,0x307576dd4f73f91bb8c4a2edb762938e8e067d31,0.050694,ETH,141.94
2026-02-17,05:59:35,2026-02-17T05:59:35.000Z,Rollbit,0xcbd6832ebc203e49e2b771897067fce3c58575ac,0.025339,ETH,70.95
2026-02-17,05:59:35,2026-02-17T05:59:35.000Z,Rainbet,0x307576dd4f73f91bb8c4a2edb762938e8e067d31,0.009931,ETH,27.81
2026-02-17,05:59:59,2026-02-17T05:59:59.000Z,Rollbit,0xcbd6832ebc203e49e2b771897067fce3c58575ac,0.042627,ETH,119.36
2026-02-17,06:00:47,2026-02-17T06:00:47.000Z,Rainbet,0x307576dd4f73f91bb8c4a2edb762938e8e067d31,0.054529,ETH,152.68
2026-02-17,06:00:59,2026-02-17T06:00:59.000Z,Rollbit,0xcbd6832ebc203e49e2b771897067fce3c58575ac,0.092999,ETH,260.40
2026-02-17,06:00:59,2026-02-17T06:00:59.000Z,Rollbit,0xcbd6832ebc203e49e2b771897067fce3c58575ac,0.099999,ETH,280.00
2026-02-17,06:00:59,2026-02-17T06:00:59.000Z,Rainbet,0x307576dd4f73f91bb8c4a2edb762938e8e067d31,0.048244,ETH,135.08
2026-02-17,06:00:59,2026-02-17T06:00:59.000Z,Rainbet,0x307576dd4f73f91bb8c4a2edb762938e8e067d31,0.024806,ETH,69.46
2026-02-17,06:00:59,2026-02-17T06:00:59.000Z,Rainbet,0x307576dd4f73f91bb8c4a2edb762938e8e067d31,0.473582,ETH,1326.03
2026-02-17,06:00:59,2026-02-17T06:00:59.000Z,Rainbet,0x307576dd4f73f91bb8c4a2edb762938e8e067d31,0.013167,ETH,36.87
2026-02-17,06:00:59,2026-02-17T06:00:59.000Z,Rainbet,0x307576dd4f73f91bb8c4a2edb762938e8e067d31,0.009996,ETH,27.99
2026-02-17,06:01:23,2026-02-17T06:01:23.000Z,Rainbet,0x307576dd4f73f91bb8c4a2edb762938e8e067d31,0.010130,ETH,28.36
2026-02-17,06:02:35,2026-02-17T06:02:35.000Z,Rollbit,0xcbd6832ebc203e49e2b771897067fce3c58575ac,0.142077,ETH,397.82
2026-02-17,06:02:35,2026-02-17T06:02:35.000Z,Roobet,0xc94ebb328ac25b95db0e0aa968371885fa516215,0.000000,ETH,0.00
2026-02-17,06:02:47,2026-02-17T06:02:47.000Z,Rainbet,0x307576dd4f73f91bb8c4a2edb762938e8e067d31,0.028318,ETH,79.29
2026-02-17,06:02:47,2026-02-17T06:02:47.000Z,Rainbet,0x307576dd4f73f91bb8c4a2edb762938e8e067d31,0.009996,ETH,27.99
2026-02-17,06:02:47,2026-02-17T06:02:47.000Z,Rainbet,0x307576dd4f73f91bb8c4a2edb762938e8e067d31,0.012999,ETH,36.40
2026-02-17,06:02:47,2026-02-17T06:02:47.000Z,Rainbet,0x307576dd4f73f91bb8c4a2edb762938e8e067d31,0.009996,ETH,27.99
2026-02-17,06:02:47,2026-02-17T06:02:47.000Z,Rainbet,0x307576dd4f73f91bb8c4a2edb762938e8e067d31,0.010078,ETH,28.22
2026-02-17,06:02:47,2026-02-17T06:02:47.000Z,Rainbet,0x307576dd4f73f91bb8c4a2edb762938e8e067d31,0.009996,ETH,27.99
2026-02-17,06:02:47,2026-02-17T06:02:47.000Z,Rainbet,0x307576dd4f73f91bb8c4a2edb762938e8e067d31,0.011651,ETH,32.62
2026-02-17,06:02:59,2026-02-17T06:02:59.000Z,Rainbet,0x307576dd4f73f91bb8c4a2edb762938e8e067d31,0.009996,ETH,27.99
2026-02-17,06:03:11,2026-02-17T06:03:11.000Z,Stake 11,0x787b8840100d9baadd7463f4a73b5ba73b00c6ca,0.145904,ETH,408.53
2026-02-17,06:03:11,2026-02-17T06:03:11.000Z,Rainbet,0x307576dd4f73f91bb8c4a2edb762938e8e067d31,0.016555,ETH,46.35
2026-02-17,06:03:11,2026-02-17T06:03:11.000Z,Rainbet,0x307576dd4f73f91bb8c4a2edb762938e8e067d31,0.101290,ETH,283.61
2026-02-17,06:03:59,2026-02-17T06:03:59.000Z,Rainbet,0x307576dd4f73f91bb8c4a2edb762938e8e067d31,0.073104,ETH,204.69
2026-02-17,06:04:11,2026-02-17T06:04:11.000Z,Rollbit,0xcbd6832ebc203e49e2b771897067fce3c58575ac,0.023564,ETH,65.98
2026-02-17,06:04:23,2026-02-17T06:04:23.000Z,Rainbet,0x307576dd4f73f91bb8c4a2edb762938e8e067d31,0.048963,ETH,137.10
2026-02-17,06:04:23,2026-02-17T06:04:23.000Z,Rainbet,0x307576dd4f73f91bb8c4a2edb762938e8e067d31,0.009996,ETH,27.99
2026-02-17,06:04:35,2026-02-17T06:04:35.000Z,Rainbet,0x307576dd4f73f91bb8c4a2edb762938e8e067d31,0.033065,ETH,92.58
2026-02-17,06:04:47,2026-02-17T06:04:47.000Z,Stake 11,0x787b8840100d9baadd7463f4a73b5ba73b00c6ca,0.023683,ETH,66.31
2026-02-17,06:04:47,2026-02-17T06:04:47.000Z,Stake 11,0x787b8840100d9baadd7463f4a73b5ba73b00c6ca,0.004990,ETH,13.97
2026-02-17,06:04:47,2026-02-17T06:04:47.000Z,Rainbet,0x307576dd4f73f91bb8c4a2edb762938e8e067d31,0.010090,ETH,28.25
2026-02-17,06:04:59,2026-02-17T06:04:59.000Z,Rainbet,0x307576dd4f73f91bb8c4a2edb762938e8e067d31,0.009996,ETH,27.99
2026-02-17,06:04:59,2026-02-17T06:04:59.000Z,Rainbet,0x307576dd4f73f91bb8c4a2edb762938e8e067d31,0.015642,ETH,43.80
2026-02-17,06:04:59,2026-02-17T06:04:59.000Z,Rainbet,0x307576dd4f73f91bb8c4a2edb762938e8e067d31,0.009999,ETH,28.00
2026-02-17,06:05:11,2026-02-17T06:05:11.000Z,Stake 11,0x787b8840100d9baadd7463f4a73b5ba73b00c6ca,0.068297,ETH,191.23
2026-02-17,06:05:11,2026-02-17T06:05:11.000Z,Stake 11,0x787b8840100d9baadd7463f4a73b5ba73b00c6ca,0.737335,ETH,2064.54
2026-02-17,06:05:11,2026-02-17T06:05:11.000Z,Stake 11,0x787b8840100d9baadd7463f4a73b5ba73b00c6ca,0.016725,ETH,46.83
2026-02-17,06:05:11,2026-02-17T06:05:11.000Z,Stake 11,0x787b8840100d9baadd7463f4a73b5ba73b00c6ca,0.012498,ETH,34.99
2026-02-17,06:05:23,2026-02-17T06:05:23.000Z,Rainbet,0x307576dd4f73f91bb8c4a2edb762938e8e067d31,0.009996,ETH,27.99
2026-02-17,06:05:35,2026-02-17T06:05:35.000Z,Rainbet,0x307576dd4f73f91bb8c4a2edb762938e8e067d31,0.009875,ETH,27.65
2026-02-17,06:05:47,2026-02-17T06:05:47.000Z,Rollbit,0xcbd6832ebc203e49e2b771897067fce3c58575ac,0.091147,ETH,255.21
2026-02-17,06:06:11,2026-02-17T06:06:11.000Z,Rollbit,0xcbd6832ebc203e49e2b771897067fce3c58575ac,0.034089,ETH,95.45
2026-02-17,06:06:11,2026-02-17T06:06:11.000Z,Duelbits,0x014435b1e39945cf4f5f0c3cbb5833195a95cc9b,0.000000,ETH,0.00
2026-02-17,06:06:59,2026-02-17T06:06:59.000Z,Rainbet,0x307576dd4f73f91bb8c4a2edb762938e8e067d31,0.009996,ETH,27.99
2026-02-17,06:06:59,2026-02-17T06:06:59.000Z,Rainbet,0x307576dd4f73f91bb8c4a2edb762938e8e067d31,0.012045,ETH,33.73
2026-02-17,06:07:47,2026-02-17T06:07:47.000Z,Rainbet,0x307576dd4f73f91bb8c4a2edb762938e8e067d31,0.044127,ETH,123.56
2026-02-17,06:08:23,2026-02-17T06:08:23.000Z,Rollbit,0xcbd6832ebc203e49e2b771897067fce3c58575ac,0.022329,ETH,62.52
2026-02-17,06:08:23,2026-02-17T06:08:23.000Z,Rainbet,0x307576dd4f73f91bb8c4a2edb762938e8e067d31,0.024551,ETH,68.74
2026-02-17,06:08:23,2026-02-17T06:08:23.000Z,Rainbet,0x307576dd4f73f91bb8c4a2edb762938e8e067d31,0.009996,ETH,27.99
2026-02-17,06:08:23,2026-02-17T06:08:23.000Z,Rainbet,0x307576dd4f73f91bb8c4a2edb762938e8e067d31,0.009996,ETH,27.99
2026-02-17,06:08:59,2026-02-17T06:08:59.000Z,Rainbet,0x307576dd4f73f91bb8c4a2edb762938e8e067d31,0.023972,ETH,67.12
2026-02-17,06:09:23,2026-02-17T06:09:23.000Z,Rollbit,0xcbd6832ebc203e49e2b771897067fce3c58575ac,0.025311,ETH,70.87
2026-02-17,06:09:47,2026-02-17T06:09:47.000Z,Rainbet,0x307576dd4f73f91bb8c4a2edb762938e8e067d31,0.009995,ETH,27.99
2026-02-17,06:09:47,2026-02-17T06:09:47.000Z,Rainbet,0x307576dd4f73f91bb8c4a2edb762938e8e067d31,0.009999,ETH,28.00
2026-02-17,06:10:23,2026-02-17T06:10:23.000Z,Rainbet,0x307576dd4f73f91bb8c4a2edb762938e8e067d31,0.101636,ETH,284.58
2026-02-17,06:10:23,2026-02-17T06:10:23.000Z,Rainbet,0x307576dd4f73f91bb8c4a2edb762938e8e067d31,0.357322,ETH,1000.50
2026-02-17,06:11:23,2026-02-17T06:11:23.000Z,Stake 11,0x787b8840100d9baadd7463f4a73b5ba73b00c6ca,0.106934,ETH,299.42
2026-02-17,06:11:47,2026-02-17T06:11:47.000Z,Rainbet,0x307576dd4f73f91bb8c4a2edb762938e8e067d31,0.009996,ETH,27.99
2026-02-17,06:12:23,2026-02-17T06:12:23.000Z,Rainbet,0x307576dd4f73f91bb8c4a2edb762938e8e067d31,0.017679,ETH,49.50
2026-02-17,06:12:35,2026-02-17T06:12:35.000Z,Stake 11,0x787b8840100d9baadd7463f4a73b5ba73b00c6ca,5.538093,ETH,15506.66
2026-02-17,06:12:35,2026-02-17T06:12:35.000Z,Rollbit,0xcbd6832ebc203e49e2b771897067fce3c58575ac,1.999999,ETH,5600.00
2026-02-17,06:13:35,2026-02-17T06:13:35.000Z,Rollbit,0xcbd6832ebc203e49e2b771897067fce3c58575ac,0.023960,ETH,67.09
2026-02-17,06:13:59,2026-02-17T06:13:59.000Z,Rainbet,0x307576dd4f73f91bb8c4a2edb762938e8e067d31,0.017859,ETH,50.01
2026-02-17,06:14:11,2026-02-17T06:14:11.000Z,Roobet,0xc94ebb328ac25b95db0e0aa968371885fa516215,20.628907,ETH,57760.94
2026-02-17,06:14:11,2026-02-17T06:14:11.000Z,Rainbet,0x307576dd4f73f91bb8c4a2edb762938e8e067d31,0.010082,ETH,28.23
2026-02-17,06:14:23,2026-02-17T06:14:23.000Z,Rainbet,0x307576dd4f73f91bb8c4a2edb762938e8e067d31,0.022637,ETH,63.38
2026-02-17,06:14:23,2026-02-17T06:14:23.000Z,Rainbet,0x307576dd4f73f91bb8c4a2edb762938e8e067d31,0.472709,ETH,1323.59
2026-02-17,06:15:11,2026-02-17T06:15:11.000Z,Rainbet,0x307576dd4f73f91bb8c4a2edb762938e8e067d31,0.009998,ETH,27.99
2026-02-17,06:15:11,2026-02-17T06:15:11.000Z,Rainbet,0x307576dd4f73f91bb8c4a2edb762938e8e067d31,0.009999,ETH,28.00
2026-02-17,06:15:11,2026-02-17T06:15:11.000Z,Rainbet,0x307576dd4f73f91bb8c4a2edb762938e8e067d31,0.009996,ETH,27.99
2026-02-17,06:15:35,2026-02-17T06:15:35.000Z,Rainbet,0x307576dd4f73f91bb8c4a2edb762938e8e067d31,0.012247,ETH,34.29
2026-02-17,06:15:35,2026-02-17T06:15:35.000Z,Rainbet,0x307576dd4f73f91bb8c4a2edb762938e8e067d31,0.191592,ETH,536.46
2026-02-17,06:15:35,2026-02-17T06:15:35.000Z,Rainbet,0x307576dd4f73f91bb8c4a2edb762938e8e067d31,0.009996,ETH,27.99
2026-02-17,06:15:35,2026-02-17T06:15:35.000Z,Rainbet,0x307576dd4f73f91bb8c4a2edb762938e8e067d31,0.035913,ETH,100.56
2026-02-17,06:15:59,2026-02-17T06:15:59.000Z,Rollbit,0xcbd6832ebc203e49e2b771897067fce3c58575ac,0.109999,ETH,308.00
2026-02-17,06:16:11,2026-02-17T06:16:11.000Z,Rainbet,0x307576dd4f73f91bb8c4a2edb762938e8e067d31,0.072987,ETH,204.36
2026-02-17,06:16:23,2026-02-17T06:16:23.000Z,Rainbet,0x307576dd4f73f91bb8c4a2edb762938e8e067d31,0.020371,ETH,57.04
2026-02-17,06:16:23,2026-02-17T06:16:23.000Z,Rainbet,0x307576dd4f73f91bb8c4a2edb762938e8e067d31,0.145333,ETH,406.93
2026-02-17,06:16:47,2026-02-17T06:16:47.000Z,Rainbet,0x307576dd4f73f91bb8c4a2edb762938e8e067d31,3.437342,ETH,9624.56
2026-02-17,06:17:23,2026-02-17T06:17:23.000Z,Rainbet,0x307576dd4f73f91bb8c4a2edb762938e8e067d31,0.194733,ETH,545.25
2026-02-17,06:17:35,2026-02-17T06:17:35.000Z,Rollbit,0xcbd6832ebc203e49e2b771897067fce3c58575ac,0.018014,ETH,50.44
2026-02-17,06:18:11,2026-02-17T06:18:11.000Z,Rollbit,0xcbd6832ebc203e49e2b771897067fce3c58575ac,0.101096,ETH,283.07
2026-02-17,06:18:11,2026-02-17T06:18:11.000Z,Rollbit,0xcbd6832ebc203e49e2b771897067fce3c58575ac,0.102802,ETH,287.85
2026-02-17,06:18:47,2026-02-17T06:18:47.000Z,Rainbet,0x307576dd4f73f91bb8c4a2edb762938e8e067d31,0.009996,ETH,27.99
2026-02-17,06:18:47,2026-02-17T06:18:47.000Z,Rainbet,0x307576dd4f73f91bb8c4a2edb762938e8e067d31,0.017783,ETH,49.79
2026-02-17,06:18:47,2026-02-17T06:18:47.000Z,Rainbet,0x307576dd4f73f91bb8c4a2edb762938e8e067d31,0.025811,ETH,72.27
2026-02-17,06:18:47,2026-02-17T06:18:47.000Z,Rainbet,0x307576dd4f73f91bb8c4a2edb762938e8e067d31,0.019859,ETH,55.61
2026-02-17,06:18:47,2026-02-17T06:18:47.000Z,Rainbet,0x307576dd4f73f91bb8c4a2edb762938e8e067d31,0.029292,ETH,82.02
2026-02-17,06:19:11,2026-02-17T06:19:11.000Z,Rollbit,0xcbd6832ebc203e49e2b771897067fce3c58575ac,0.011935,ETH,33.42
2026-02-17,06:19:35,2026-02-17T06:19:35.000Z,Rainbet,0x307576dd4f73f91bb8c4a2edb762938e8e067d31,0.009996,ETH,27.99
2026-02-17,06:20:47,2026-02-17T06:20:47.000Z,Rainbet,0x307576dd4f73f91bb8c4a2edb762938e8e067d31,0.030460,ETH,85.29
2026-02-17,06:21:11,2026-02-17T06:21:11.000Z,Rainbet,0x307576dd4f73f91bb8c4a2edb762938e8e067d31,0.009996,ETH,27.99
2026-02-17,06:21:23,2026-02-17T06:21:23.000Z,Roobet,0xc94ebb328ac25b95db0e0aa968371885fa516215,0.000000,ETH,0.00
2026-02-17,06:21:23,2026-02-17T06:21:23.000Z,Rainbet,0x307576dd4f73f91bb8c4a2edb762938e8e067d31,0.018559,ETH,51.97
2026-02-17,06:21:47,2026-02-17T06:21:47.000Z,Rainbet,0x307576dd4f73f91bb8c4a2edb762938e8e067d31,0.058668,ETH,164.27
2026-02-17,06:22:11,2026-02-17T06:22:11.000Z,Rollbit,0xcbd6832ebc203e49e2b771897067fce3c58575ac,0.031549,ETH,88.34
2026-02-17,06:22:47,2026-02-17T06:22:47.000Z,Rollbit,0xcbd6832ebc203e49e2b771897067fce3c58575ac,0.000160,ETH,0.45
2026-02-17,06:22:59,2026-02-17T06:22:59.000Z,Rainbet,0x307576dd4f73f91bb8c4a2edb762938e8e067d31,0.009999,ETH,28.00
2026-02-17,06:22:59,2026-02-17T06:22:59.000Z,Rainbet,0x307576dd4f73f91bb8c4a2edb762938e8e067d31,0.009999,ETH,28.00
2026-02-17,06:22:59,2026-02-17T06:22:59.000Z,Rainbet,0x307576dd4f73f91bb8c4a2edb762938e8e067d31,0.009999,ETH,28.00
2026-02-17,06:22:59,2026-02-17T06:22:59.000Z,Rainbet,0x307576dd4f73f91bb8c4a2edb762938e8e067d31,0.009999,ETH,28.00
2026-02-17,06:23:23,2026-02-17T06:23:23.000Z,Rainbet,0x307576dd4f73f91bb8c4a2edb762938e8e067d31,0.009999,ETH,28.00
2026-02-17,06:23:47,2026-02-17T06:23:47.000Z,Rainbet,0x307576dd4f73f91bb8c4a2edb762938e8e067d31,0.009897,ETH,27.71
2026-02-17,06:23:47,2026-02-17T06:23:47.000Z,Rainbet,0x307576dd4f73f91bb8c4a2edb762938e8e067d31,0.024558,ETH,68.76
2026-02-17,06:24:23,2026-02-17T06:24:23.000Z,Rainbet,0x307576dd4f73f91bb8c4a2edb762938e8e067d31,0.048759,ETH,136.53
2026-02-17,06:24:35,2026-02-17T06:24:35.000Z,Rainbet,0x307576dd4f73f91bb8c4a2edb762938e8e067d31,0.473052,ETH,1324.55
2026-02-17,06:26:47,2026-02-17T06:26:47.000Z,Rainbet,0x307576dd4f73f91bb8c4a2edb762938e8e067d31,0.263548,ETH,737.93
2026-02-17,06:26:47,2026-02-17T06:26:47.000Z,Rainbet,0x307576dd4f73f91bb8c4a2edb762938e8e067d31,0.202213,ETH,566.20
2026-02-17,06:26:47,2026-02-17T06:26:47.000Z,Rainbet,0x307576dd4f73f91bb8c4a2edb762938e8e067d31,0.009996,ETH,27.99
2026-02-17,06:26:47,2026-02-17T06:26:47.000Z,Rainbet,0x307576dd4f73f91bb8c4a2edb762938e8e067d31,0.035914,ETH,100.56
2026-02-17,06:26:47,2026-02-17T06:26:47.000Z,Rainbet,0x307576dd4f73f91bb8c4a2edb762938e8e067d31,0.025284,ETH,70.80
2026-02-17,06:26:47,2026-02-17T06:26:47.000Z,Rainbet,0x307576dd4f73f91bb8c4a2edb762938e8e067d31,0.009802,ETH,27.45
2026-02-17,06:26:47,2026-02-17T06:26:47.000Z,Rainbet,0x307576dd4f73f91bb8c4a2edb762938e8e067d31,0.119988,ETH,335.97
2026-02-17,06:26:47,2026-02-17T06:26:47.000Z,Rainbet,0x307576dd4f73f91bb8c4a2edb762938e8e067d31,0.026439,ETH,74.03
2026-02-17,06:27:23,2026-02-17T06:27:23.000Z,Rainbet,0x307576dd4f73f91bb8c4a2edb762938e8e067d31,0.014815,ETH,41.48
2026-02-17,06:27:47,2026-02-17T06:27:47.000Z,Rainbet,0x307576dd4f73f91bb8c4a2edb762938e8e067d31,0.098545,ETH,275.93
2026-02-17,06:28:35,2026-02-17T06:28:35.000Z,Rollbit,0xcbd6832ebc203e49e2b771897067fce3c58575ac,0.039999,ETH,112.00
2026-02-17,06:28:47,2026-02-17T06:28:47.000Z,Rainbet,0x307576dd4f73f91bb8c4a2edb762938e8e067d31,0.009996,ETH,27.99
2026-02-17,06:29:47,2026-02-17T06:29:47.000Z,Rollbit,0xcbd6832ebc203e49e2b771897067fce3c58575ac,0.047514,ETH,133.04
2026-02-17,06:29:59,2026-02-17T06:29:59.000Z,Rainbet,0x307576dd4f73f91bb8c4a2edb762938e8e067d31,0.009485,ETH,26.56
2026-02-17,06:29:59,2026-02-17T06:29:59.000Z,Rainbet,0x307576dd4f73f91bb8c4a2edb762938e8e067d31,0.026478,ETH,74.14
2026-02-17,06:29:59,2026-02-17T06:29:59.000Z,Rainbet,0x307576dd4f73f91bb8c4a2edb762938e8e067d31,0.020110,ETH,56.31
2026-02-17,06:29:59,2026-02-17T06:29:59.000Z,Rainbet,0x307576dd4f73f91bb8c4a2edb762938e8e067d31,0.101152,ETH,283.23
2026-02-17,06:30:11,2026-02-17T06:30:11.000Z,Rainbet,0x307576dd4f73f91bb8c4a2edb762938e8e067d31,0.009995,ETH,27.99
2026-02-17,06:30:11,2026-02-17T06:30:11.000Z,Rainbet,0x307576dd4f73f91bb8c4a2edb762938e8e067d31,0.009996,ETH,27.99
2026-02-17,06:31:23,2026-02-17T06:31:23.000Z,Rainbet,0x307576dd4f73f91bb8c4a2edb762938e8e067d31,0.039248,ETH,109.89
2026-02-17,06:31:23,2026-02-17T06:31:23.000Z,Rainbet,0x307576dd4f73f91bb8c4a2edb762938e8e067d31,0.094223,ETH,263.82
2026-02-17,06:31:47,2026-02-17T06:31:47.000Z,Rainbet,0x307576dd4f73f91bb8c4a2edb762938e8e067d31,0.012629,ETH,35.36
2026-02-17,06:31:47,2026-02-17T06:31:47.000Z,Rainbet,0x307576dd4f73f91bb8c4a2edb762938e8e067d31,0.143532,ETH,401.89
2026-02-17,06:31:47,2026-02-17T06:31:47.000Z,Rainbet,0x307576dd4f73f91bb8c4a2edb762938e8e067d31,0.023416,ETH,65.57
2026-02-17,06:31:47,2026-02-17T06:31:47.000Z,Rainbet,0x307576dd4f73f91bb8c4a2edb762938e8e067d31,0.055474,ETH,155.33
2026-02-17,06:31:47,2026-02-17T06:31:47.000Z,Rainbet,0x307576dd4f73f91bb8c4a2edb762938e8e067d31,0.299999,ETH,840.00
2026-02-17,06:31:59,2026-02-17T06:31:59.000Z,Rainbet,0x307576dd4f73f91bb8c4a2edb762938e8e067d31,0.068016,ETH,190.45
2026-02-17,06:32:11,2026-02-17T06:32:11.000Z,Rainbet,0x307576dd4f73f91bb8c4a2edb762938e8e067d31,0.009995,ETH,27.99
2026-02-17,06:32:23,2026-02-17T06:32:23.000Z,Rainbet,0x307576dd4f73f91bb8c4a2edb762938e8e067d31,0.048847,ETH,136.77
2026-02-17,06:32:35,2026-02-17T06:32:35.000Z,Rollbit,0xcbd6832ebc203e49e2b771897067fce3c58575ac,0.017019,ETH,47.65
2026-02-17,06:32:35,2026-02-17T06:32:35.000Z,Rollbit,0xcbd6832ebc203e49e2b771897067fce3c58575ac,0.011007,ETH,30.82
2026-02-17,06:32:35,2026-02-17T06:32:35.000Z,Rainbet,0x307576dd4f73f91bb8c4a2edb762938e8e067d31,0.050002,ETH,140.01
2026-02-17,06:32:59,2026-02-17T06:32:59.000Z,Rainbet,0x307576dd4f73f91bb8c4a2edb762938e8e067d31,0.007925,ETH,22.19
2026-02-17,06:32:59,2026-02-17T06:32:59.000Z,Rainbet,0x307576dd4f73f91bb8c4a2edb762938e8e067d31,0.009996,ETH,27.99
2026-02-17,06:32:59,2026-02-17T06:32:59.000Z,Rainbet,0x307576dd4f73f91bb8c4a2edb762938e8e067d31,0.050537,ETH,141.50
2026-02-17,06:33:11,2026-02-17T06:33:11.000Z,Rollbit,0xcbd6832ebc203e49e2b771897067fce3c58575ac,0.101097,ETH,283.07
2026-02-17,06:34:59,2026-02-17T06:34:59.000Z,Rainbet,0x307576dd4f73f91bb8c4a2edb762938e8e067d31,0.009996,ETH,27.99
2026-02-17,06:34:59,2026-02-17T06:34:59.000Z,Rainbet,0x307576dd4f73f91bb8c4a2edb762938e8e067d31,0.009996,ETH,27.99
2026-02-17,06:35:11,2026-02-17T06:35:11.000Z,Rainbet,0x307576dd4f73f91bb8c4a2edb762938e8e067d31,0.049996,ETH,139.99
2026-02-17,06:35:35,2026-02-17T06:35:35.000Z,Rainbet,0x307576dd4f73f91bb8c4a2edb762938e8e067d31,0.009996,ETH,27.99
2026-02-17,06:35:35,2026-02-17T06:35:35.000Z,Rainbet,0x307576dd4f73f91bb8c4a2edb762938e8e067d31,0.012153,ETH,34.03
2026-02-17,06:36:23,2026-02-17T06:36:23.000Z,Rainbet,0x307576dd4f73f91bb8c4a2edb762938e8e067d31,0.050270,ETH,140.76
2026-02-17,06:36:23,2026-02-17T06:36:23.000Z,Rainbet,0x307576dd4f73f91bb8c4a2edb762938e8e067d31,0.009996,ETH,27.99
2026-02-17,06:36:23,2026-02-17T06:36:23.000Z,Rainbet,0x307576dd4f73f91bb8c4a2edb762938e8e067d31,0.009998,ETH,27.99
2026-02-17,06:36:35,2026-02-17T06:36:35.000Z,Rollbit,0xcbd6832ebc203e49e2b771897067fce3c58575ac,0.127995,ETH,358.39
2026-02-17,06:37:47,2026-02-17T06:37:47.000Z,Rainbet,0x307576dd4f73f91bb8c4a2edb762938e8e067d31,0.019059,ETH,53.36
2026-02-17,06:37:47,2026-02-17T06:37:47.000Z,Rainbet,0x307576dd4f73f91bb8c4a2edb762938e8e067d31,0.009996,ETH,27.99
2026-02-17,06:37:47,2026-02-17T06:37:47.000Z,Rainbet,0x307576dd4f73f91bb8c4a2edb762938e8e067d31,0.010096,ETH,28.27
2026-02-17,06:38:23,2026-02-17T06:38:23.000Z,Rainbet,0x307576dd4f73f91bb8c4a2edb762938e8e067d31,0.252439,ETH,706.83
2026-02-17,06:38:47,2026-02-17T06:38:47.000Z,Rainbet,0x307576dd4f73f91bb8c4a2edb762938e8e067d31,0.713422,ETH,1997.58
2026-02-17,06:38:47,2026-02-17T06:38:47.000Z,Rainbet,0x307576dd4f73f91bb8c4a2edb762938e8e067d31,0.019424,ETH,54.39
2026-02-17,06:38:59,2026-02-17T06:38:59.000Z,Rainbet,0x307576dd4f73f91bb8c4a2edb762938e8e067d31,0.009996,ETH,27.99
2026-02-17,06:40:59,2026-02-17T06:40:59.000Z,Rainbet,0x307576dd4f73f91bb8c4a2edb762938e8e067d31,0.009995,ETH,27.99
2026-02-17,06:40:59,2026-02-17T06:40:59.000Z,Rainbet,0x307576dd4f73f91bb8c4a2edb762938e8e067d31,0.055568,ETH,155.59
2026-02-17,06:40:59,2026-02-17T06:40:59.000Z,Rainbet,0x307576dd4f73f91bb8c4a2edb762938e8e067d31,0.015592,ETH,43.66
2026-02-17,06:42:11,2026-02-17T06:42:11.000Z,Rainbet,0x307576dd4f73f91bb8c4a2edb762938e8e067d31,0.095701,ETH,267.96
2026-02-17,06:42:23,2026-02-17T06:42:23.000Z,Rollbit,0xcbd6832ebc203e49e2b771897067fce3c58575ac,0.090242,ETH,252.68
2026-02-17,06:42:35,2026-02-17T06:42:35.000Z,Rainbet,0x307576dd4f73f91bb8c4a2edb762938e8e067d31,0.009995,ETH,27.99
2026-02-17,06:42:35,2026-02-17T06:42:35.000Z,Rainbet,0x307576dd4f73f91bb8c4a2edb762938e8e067d31,0.007829,ETH,21.92
2026-02-17,06:42:35,2026-02-17T06:42:35.000Z,Rainbet,0x307576dd4f73f91bb8c4a2edb762938e8e067d31,0.024962,ETH,69.89
2026-02-17,06:42:35,2026-02-17T06:42:35.000Z,Rainbet,0x307576dd4f73f91bb8c4a2edb762938e8e067d31,0.095737,ETH,268.06
2026-02-17,06:42:35,2026-02-17T06:42:35.000Z,Rainbet,0x307576dd4f73f91bb8c4a2edb762938e8e067d31,0.009996,ETH,27.99
2026-02-17,06:43:11,2026-02-17T06:43:11.000Z,Rainbet,0x307576dd4f73f91bb8c4a2edb762938e8e067d31,0.011300,ETH,31.64
2026-02-17,06:43:11,2026-02-17T06:43:11.000Z,Rainbet,0x307576dd4f73f91bb8c4a2edb762938e8e067d31,0.048846,ETH,136.77
2026-02-17,06:43:11,2026-02-17T06:43:11.000Z,Rainbet,0x307576dd4f73f91bb8c4a2edb762938e8e067d31,0.011682,ETH,32.71
2026-02-17,06:43:35,2026-02-17T06:43:35.000Z,Rainbet,0x307576dd4f73f91bb8c4a2edb762938e8e067d31,0.299927,ETH,839.79
2026-02-17,06:43:35,2026-02-17T06:43:35.000Z,Rainbet,0x307576dd4f73f91bb8c4a2edb762938e8e067d31,0.009996,ETH,27.99
2026-02-17,06:43:47,2026-02-17T06:43:47.000Z,Rollbit,0xcbd6832ebc203e49e2b771897067fce3c58575ac,0.027168,ETH,76.07
2026-02-17,06:43:47,2026-02-17T06:43:47.000Z,Rainbet,0x307576dd4f73f91bb8c4a2edb762938e8e067d31,0.011027,ETH,30.88
2026-02-17,06:43:47,2026-02-17T06:43:47.000Z,Rainbet,0x307576dd4f73f91bb8c4a2edb762938e8e067d31,0.009996,ETH,27.99
2026-02-17,06:44:23,2026-02-17T06:44:23.000Z,Rainbet,0x307576dd4f73f91bb8c4a2edb762938e8e067d31,0.122651,ETH,343.42
2026-02-17,06:44:23,2026-02-17T06:44:23.000Z,Rainbet,0x307576dd4f73f91bb8c4a2edb762938e8e067d31,2.598390,ETH,7275.49
2026-02-17,06:44:23,2026-02-17T06:44:23.000Z,Rainbet,0x307576dd4f73f91bb8c4a2edb762938e8e067d31,0.014980,ETH,41.94
2026-02-17,06:44:35,2026-02-17T06:44:35.000Z,Rainbet,0x307576dd4f73f91bb8c4a2edb762938e8e067d31,0.009996,ETH,27.99
2026-02-17,06:45:23,2026-02-17T06:45:23.000Z,Rainbet,0x307576dd4f73f91bb8c4a2edb762938e8e067d31,0.462345,ETH,1294.57
2026-02-17,06:45:35,2026-02-17T06:45:35.000Z,Bitcasino,0x5bcbdfb6cc624b959c39a2d16110d1f2d9204f72,0.022739,ETH,63.67
2026-02-17,06:46:11,2026-02-17T06:46:11.000Z,Duelbits,0x014435b1e39945cf4f5f0c3cbb5833195a95cc9b,0.000000,ETH,0.00
2026-02-17,06:46:11,2026-02-17T06:46:11.000Z,Rainbet,0x307576dd4f73f91bb8c4a2edb762938e8e067d31,0.009995,ETH,27.99
2026-02-17,06:46:11,2026-02-17T06:46:11.000Z,Rainbet,0x307576dd4f73f91bb8c4a2edb762938e8e067d31,0.039885,ETH,111.68
2026-02-17,06:46:47,2026-02-17T06:46:47.000Z,Rainbet,0x307576dd4f73f91bb8c4a2edb762938e8e067d31,0.144076,ETH,403.41
2026-02-17,06:47:35,2026-02-17T06:47:35.000Z,Rollbit,0xcbd6832ebc203e49e2b771897067fce3c58575ac,0.021505,ETH,60.21
2026-02-17,06:47:59,2026-02-17T06:47:59.000Z,Rainbet,0x307576dd4f73f91bb8c4a2edb762938e8e067d31,0.009995,ETH,27.99
2026-02-17,06:48:11,2026-02-17T06:48:11.000Z,Rainbet,0x307576dd4f73f91bb8c4a2edb762938e8e067d31,0.309999,ETH,868.00
2026-02-17,06:48:47,2026-02-17T06:48:47.000Z,Rainbet,0x307576dd4f73f91bb8c4a2edb762938e8e067d31,0.009995,ETH,27.99
2026-02-17,06:48:47,2026-02-17T06:48:47.000Z,Rainbet,0x307576dd4f73f91bb8c4a2edb762938e8e067d31,0.379438,ETH,1062.43
2026-02-17,06:48:47,2026-02-17T06:48:47.000Z,Rainbet,0x307576dd4f73f91bb8c4a2edb762938e8e067d31,0.009999,ETH,28.00
2026-02-17,06:49:23,2026-02-17T06:49:23.000Z,Rainbet,0x307576dd4f73f91bb8c4a2edb762938e8e067d31,0.015769,ETH,44.15
2026-02-17,06:49:47,2026-02-17T06:49:47.000Z,Rollbit,0xcbd6832ebc203e49e2b771897067fce3c58575ac,0.000166,ETH,0.47
2026-02-17,06:49:59,2026-02-17T06:49:59.000Z,Rainbet,0x307576dd4f73f91bb8c4a2edb762938e8e067d31,0.007636,ETH,21.38
2026-02-17,06:50:11,2026-02-17T06:50:11.000Z,Rainbet,0x307576dd4f73f91bb8c4a2edb762938e8e067d31,0.203463,ETH,569.70
2026-02-17,06:50:35,2026-02-17T06:50:35.000Z,Rainbet,0x307576dd4f73f91bb8c4a2edb762938e8e067d31,0.144760,ETH,405.33
2026-02-17,06:50:47,2026-02-17T06:50:47.000Z,Rainbet,0x307576dd4f73f91bb8c4a2edb762938e8e067d31,0.009995,ETH,27.99
2026-02-17,06:50:59,2026-02-17T06:50:59.000Z,Rainbet,0x307576dd4f73f91bb8c4a2edb762938e8e067d31,0.034229,ETH,95.84
2026-02-17,06:51:11,2026-02-17T06:51:11.000Z,Rainbet,0x307576dd4f73f91bb8c4a2edb762938e8e067d31,0.026539,ETH,74.31
2026-02-17,06:52:11,2026-02-17T06:52:11.000Z,Rainbet,0x307576dd4f73f91bb8c4a2edb762938e8e067d31,0.194093,ETH,543.46
2026-02-17,06:52:11,2026-02-17T06:52:11.000Z,Rainbet,0x307576dd4f73f91bb8c4a2edb762938e8e067d31,0.027557,ETH,77.16
2026-02-17,06:52:11,2026-02-17T06:52:11.000Z,Rainbet,0x307576dd4f73f91bb8c4a2edb762938e8e067d31,0.029299,ETH,82.04
2026-02-17,06:52:11,2026-02-17T06:52:11.000Z,Rainbet,0x307576dd4f73f91bb8c4a2edb762938e8e067d31,0.032279,ETH,90.38
2026-02-17,06:52:47,2026-02-17T06:52:47.000Z,Rainbet,0x307576dd4f73f91bb8c4a2edb762938e8e067d31,0.034218,ETH,95.81
2026-02-17,06:54:35,2026-02-17T06:54:35.000Z,Rainbet,0x307576dd4f73f91bb8c4a2edb762938e8e067d31,0.339904,ETH,951.73
2026-02-17,06:54:35,2026-02-17T06:54:35.000Z,Rainbet,0x307576dd4f73f91bb8c4a2edb762938e8e067d31,0.009999,ETH,28.00
2026-02-17,06:54:35,2026-02-17T06:54:35.000Z,Rainbet,0x307576dd4f73f91bb8c4a2edb762938e8e067d31,0.007577,ETH,21.22
2026-02-17,06:55:35,2026-02-17T06:55:35.000Z,Rainbet,0x307576dd4f73f91bb8c4a2edb762938e8e067d31,0.012619,ETH,35.33
2026-02-17,06:56:11,2026-02-17T06:56:11.000Z,Rainbet,0x307576dd4f73f91bb8c4a2edb762938e8e067d31,0.027778,ETH,77.78
2026-02-17,06:56:23,2026-02-17T06:56:23.000Z,Rollbit,0xcbd6832ebc203e49e2b771897067fce3c58575ac,0.041049,ETH,114.94
2026-02-17,06:56:35,2026-02-17T06:56:35.000Z,Rainbet,0x307576dd4f73f91bb8c4a2edb762938e8e067d31,0.052972,ETH,148.32
2026-02-17,06:56:59,2026-02-17T06:56:59.000Z,Rainbet,0x307576dd4f73f91bb8c4a2edb762938e8e067d31,0.009995,ETH,27.99
2026-02-17,06:56:59,2026-02-17T06:56:59.000Z,Rainbet,0x307576dd4f73f91bb8c4a2edb762938e8e067d31,0.162239,ETH,454.27
2026-02-17,06:57:47,2026-02-17T06:57:47.000Z,Rollbit,0xcbd6832ebc203e49e2b771897067fce3c58575ac,0.086099,ETH,241.08
2026-02-17,06:57:47,2026-02-17T06:57:47.000Z,Rainbet,0x307576dd4f73f91bb8c4a2edb762938e8e067d31,0.009996,ETH,27.99
2026-02-17,06:57:59,2026-02-17T06:57:59.000Z,Rainbet,0x307576dd4f73f91bb8c4a2edb762938e8e067d31,0.597933,ETH,1674.21
2026-02-17,06:58:11,2026-02-17T06:58:11.000Z,Rollbit,0xcbd6832ebc203e49e2b771897067fce3c58575ac,1.470628,ETH,4117.76
2026-02-17,06:59:11,2026-02-17T06:59:11.000Z,Rainbet,0x307576dd4f73f91bb8c4a2edb762938e8e067d31,0.009999,ETH,28.00
2026-02-17,06:59:23,2026-02-17T06:59:23.000Z,Rainbet,0x307576dd4f73f91bb8c4a2edb762938e8e067d31,0.009999,ETH,28.00
2026-02-17,06:59:47,2026-02-17T06:59:47.000Z,Rainbet,0x307576dd4f73f91bb8c4a2edb762938e8e067d31,1.009402,ETH,2826.32
2026-02-17,07:00:11,2026-02-17T07:00:11.000Z,Rainbet,0x307576dd4f73f91bb8c4a2edb762938e8e067d31,0.009998,ETH,27.99
2026-02-17,07:00:35,2026-02-17T07:00:35.000Z,Rainbet,0x307576dd4f73f91bb8c4a2edb762938e8e067d31,0.008599,ETH,24.08
2026-02-17,07:00:47,2026-02-17T07:00:47.000Z,Rollbit,0xcbd6832ebc203e49e2b771897067fce3c58575ac,0.010889,ETH,30.49
2026-02-17,07:00:59,2026-02-17T07:00:59.000Z,Rainbet,0x307576dd4f73f91bb8c4a2edb762938e8e067d31,0.009996,ETH,27.99
2026-02-17,07:00:59,2026-02-17T07:00:59.000Z,Rainbet,0x307576dd4f73f91bb8c4a2edb762938e8e067d31,0.677848,ETH,1897.98
2026-02-17,07:00:59,2026-02-17T07:00:59.000Z,Rainbet,0x307576dd4f73f91bb8c4a2edb762938e8e067d31,0.174509,ETH,488.62
2026-02-17,07:00:59,2026-02-17T07:00:59.000Z,Rainbet,0x307576dd4f73f91bb8c4a2edb762938e8e067d31,0.009996,ETH,27.99
2026-02-17,07:01:35,2026-02-17T07:01:35.000Z,Rainbet,0x307576dd4f73f91bb8c4a2edb762938e8e067d31,0.010195,ETH,28.55
2026-02-17,07:01:35,2026-02-17T07:01:35.000Z,Rainbet,0x307576dd4f73f91bb8c4a2edb762938e8e067d31,0.095731,ETH,268.05
2026-02-17,07:01:59,2026-02-17T07:01:59.000Z,Rainbet,0x307576dd4f73f91bb8c4a2edb762938e8e067d31,0.019182,ETH,53.71
2026-02-17,07:02:11,2026-02-17T07:02:11.000Z,Rollbit,0xcbd6832ebc203e49e2b771897067fce3c58575ac,0.000253,ETH,0.71
2026-02-17,07:02:59,2026-02-17T07:02:59.000Z,Rainbet,0x307576dd4f73f91bb8c4a2edb762938e8e067d31,0.010197,ETH,28.55
2026-02-17,07:02:59,2026-02-17T07:02:59.000Z,Rainbet,0x307576dd4f73f91bb8c4a2edb762938e8e067d31,0.042942,ETH,120.24
2026-02-17,07:02:59,2026-02-17T07:02:59.000Z,Rainbet,0x307576dd4f73f91bb8c4a2edb762938e8e067d31,0.009996,ETH,27.99
2026-02-17,07:02:59,2026-02-17T07:02:59.000Z,Rainbet,0x307576dd4f73f91bb8c4a2edb762938e8e067d31,0.013137,ETH,36.78
2026-02-17,07:02:59,2026-02-17T07:02:59.000Z,Rainbet,0x307576dd4f73f91bb8c4a2edb762938e8e067d31,0.102771,ETH,287.76
2026-02-17,07:03:23,2026-02-17T07:03:23.000Z,Rainbet,0x307576dd4f73f91bb8c4a2edb762938e8e067d31,1.010289,ETH,2828.81
2026-02-17,07:04:11,2026-02-17T07:04:11.000Z,Rainbet,0x307576dd4f73f91bb8c4a2edb762938e8e067d31,0.025245,ETH,70.69
2026-02-17,07:04:23,2026-02-17T07:04:23.000Z,Rainbet,0x307576dd4f73f91bb8c4a2edb762938e8e067d31,0.050511,ETH,141.43
2026-02-17,07:04:23,2026-02-17T07:04:23.000Z,Rainbet,0x307576dd4f73f91bb8c4a2edb762938e8e067d31,0.032129,ETH,89.96
2026-02-17,07:04:35,2026-02-17T07:04:35.000Z,Rollbit,0xcbd6832ebc203e49e2b771897067fce3c58575ac,0.000157,ETH,0.44
2026-02-17,07:04:47,2026-02-17T07:04:47.000Z,Rainbet,0x307576dd4f73f91bb8c4a2edb762938e8e067d31,0.097854,ETH,273.99
2026-02-17,07:05:23,2026-02-17T07:05:23.000Z,Rainbet,0x307576dd4f73f91bb8c4a2edb762938e8e067d31,0.353753,ETH,990.51
2026-02-17,07:06:59,2026-02-17T07:06:59.000Z,Rainbet,0x307576dd4f73f91bb8c4a2edb762938e8e067d31,0.015810,ETH,44.27
2026-02-17,07:06:59,2026-02-17T07:06:59.000Z,Rainbet,0x307576dd4f73f91bb8c4a2edb762938e8e067d31,0.010011,ETH,28.03
2026-02-17,07:07:11,2026-02-17T07:07:11.000Z,Rainbet,0x307576dd4f73f91bb8c4a2edb762938e8e067d31,0.014353,ETH,40.19
2026-02-17,07:07:35,2026-02-17T07:07:35.000Z,Rainbet,0x307576dd4f73f91bb8c4a2edb762938e8e067d31,0.009549,ETH,26.74
2026-02-17,07:07:47,2026-02-17T07:07:47.000Z,Rainbet,0x307576dd4f73f91bb8c4a2edb762938e8e067d31,0.292393,ETH,818.70
2026-02-17,07:07:59,2026-02-17T07:07:59.000Z,Rainbet,0x307576dd4f73f91bb8c4a2edb762938e8e067d31,0.009996,ETH,27.99
2026-02-17,07:08:11,2026-02-17T07:08:11.000Z,Rainbet,0x307576dd4f73f91bb8c4a2edb762938e8e067d31,0.009996,ETH,27.99
2026-02-17,07:08:23,2026-02-17T07:08:23.000Z,Rainbet,0x307576dd4f73f91bb8c4a2edb762938e8e067d31,0.024568,ETH,68.79
2026-02-17,07:08:47,2026-02-17T07:08:47.000Z,Rainbet,0x307576dd4f73f91bb8c4a2edb762938e8e067d31,0.095915,ETH,268.56
2026-02-17,07:09:23,2026-02-17T07:09:23.000Z,Rainbet,0x307576dd4f73f91bb8c4a2edb762938e8e067d31,0.016890,ETH,47.29
2026-02-17,07:09:23,2026-02-17T07:09:23.000Z,Rainbet,0x307576dd4f73f91bb8c4a2edb762938e8e067d31,0.009996,ETH,27.99
2026-02-17,07:09:23,2026-02-17T07:09:23.000Z,Rainbet,0x307576dd4f73f91bb8c4a2edb762938e8e067d31,0.021151,ETH,59.22
2026-02-17,07:09:35,2026-02-17T07:09:35.000Z,Rainbet,0x307576dd4f73f91bb8c4a2edb762938e8e067d31,0.014999,ETH,42.00
2026-02-17,07:10:23,2026-02-17T07:10:23.000Z,Rollbit,0xcbd6832ebc203e49e2b771897067fce3c58575ac,0.039999,ETH,112.00
2026-02-17,07:10:23,2026-02-17T07:10:23.000Z,Rainbet,0x307576dd4f73f91bb8c4a2edb762938e8e067d31,0.009999,ETH,28.00
2026-02-17,07:10:23,2026-02-17T07:10:23.000Z,Rainbet,0x307576dd4f73f91bb8c4a2edb762938e8e067d31,0.009999,ETH,28.00
2026-02-17,07:10:23,2026-02-17T07:10:23.000Z,Rainbet,0x307576dd4f73f91bb8c4a2edb762938e8e067d31,0.054179,ETH,151.70
2026-02-17,07:10:35,2026-02-17T07:10:35.000Z,Rainbet,0x307576dd4f73f91bb8c4a2edb762938e8e067d31,0.692014,ETH,1937.64
2026-02-17,07:10:47,2026-02-17T07:10:47.000Z,Rainbet,0x307576dd4f73f91bb8c4a2edb762938e8e067d31,0.009996,ETH,27.99
2026-02-17,07:10:59,2026-02-17T07:10:59.000Z,Rainbet,0x307576dd4f73f91bb8c4a2edb762938e8e067d31,0.037948,ETH,106.25
2026-02-17,07:11:23,2026-02-17T07:11:23.000Z,Rainbet,0x307576dd4f73f91bb8c4a2edb762938e8e067d31,0.151831,ETH,425.13
2026-02-17,07:11:35,2026-02-17T07:11:35.000Z,Rainbet,0x307576dd4f73f91bb8c4a2edb762938e8e067d31,0.009996,ETH,27.99
2026-02-17,07:11:35,2026-02-17T07:11:35.000Z,Rainbet,0x307576dd4f73f91bb8c4a2edb762938e8e067d31,0.014972,ETH,41.92
2026-02-17,07:11:47,2026-02-17T07:11:47.000Z,Rainbet,0x307576dd4f73f91bb8c4a2edb762938e8e067d31,0.020408,ETH,57.14
2026-02-17,07:13:11,2026-02-17T07:13:11.000Z,Rainbet,0x307576dd4f73f91bb8c4a2edb762938e8e067d31,0.116727,ETH,326.84
2026-02-17,07:13:47,2026-02-17T07:13:47.000Z,Rainbet,0x307576dd4f73f91bb8c4a2edb762938e8e067d31,0.244253,ETH,683.91
2026-02-17,07:13:47,2026-02-17T07:13:47.000Z,Rainbet,0x307576dd4f73f91bb8c4a2edb762938e8e067d31,0.025590,ETH,71.65
2026-02-17,07:13:47,2026-02-17T07:13:47.000Z,Rainbet,0x307576dd4f73f91bb8c4a2edb762938e8e067d31,0.060320,ETH,168.89
2026-02-17,07:13:59,2026-02-17T07:13:59.000Z,Rainbet,0x307576dd4f73f91bb8c4a2edb762938e8e067d31,0.009999,ETH,28.00
2026-02-17,07:14:35,2026-02-17T07:14:35.000Z,Rainbet,0x307576dd4f73f91bb8c4a2edb762938e8e067d31,0.249978,ETH,699.94
2026-02-17,07:14:35,2026-02-17T07:14:35.000Z,Rainbet,0x307576dd4f73f91bb8c4a2edb762938e8e067d31,0.074022,ETH,207.26
2026-02-17,07:14:35,2026-02-17T07:14:35.000Z,Rainbet,0x307576dd4f73f91bb8c4a2edb762938e8e067d31,0.058639,ETH,164.19
2026-02-17,07:14:59,2026-02-17T07:14:59.000Z,Rainbet,0x307576dd4f73f91bb8c4a2edb762938e8e067d31,0.017997,ETH,50.39
2026-02-17,07:14:59,2026-02-17T07:14:59.000Z,Rainbet,0x307576dd4f73f91bb8c4a2edb762938e8e067d31,0.009995,ETH,27.99
2026-02-17,07:14:59,2026-02-17T07:14:59.000Z,Rainbet,0x307576dd4f73f91bb8c4a2edb762938e8e067d31,0.009996,ETH,27.99
2026-02-17,07:15:11,2026-02-17T07:15:11.000Z,Rainbet,0x307576dd4f73f91bb8c4a2edb762938e8e067d31,0.021659,ETH,60.65
2026-02-17,07:16:59,2026-02-17T07:16:59.000Z,Rollbit,0xcbd6832ebc203e49e2b771897067fce3c58575ac,0.000182,ETH,0.51
2026-02-17,07:17:23,2026-02-17T07:17:23.000Z,Rollbit,0xcbd6832ebc203e49e2b771897067fce3c58575ac,0.003868,ETH,10.83
2026-02-17,07:17:23,2026-02-17T07:17:23.000Z,Rainbet,0x307576dd4f73f91bb8c4a2edb762938e8e067d31,0.014979,ETH,41.94
2026-02-17,07:17:35,2026-02-17T07:17:35.000Z,Rollbit,0xcbd6832ebc203e49e2b771897067fce3c58575ac,0.054651,ETH,153.02
2026-02-17,07:17:47,2026-02-17T07:17:47.000Z,Rainbet,0x307576dd4f73f91bb8c4a2edb762938e8e067d31,0.159018,ETH,445.25
2026-02-17,07:17:47,2026-02-17T07:17:47.000Z,Rainbet,0x307576dd4f73f91bb8c4a2edb762938e8e067d31,0.292794,ETH,819.82
2026-02-17,07:17:47,2026-02-17T07:17:47.000Z,Rainbet,0x307576dd4f73f91bb8c4a2edb762938e8e067d31,0.009995,ETH,27.98
2026-02-17,07:18:23,2026-02-17T07:18:23.000Z,Rainbet,0x307576dd4f73f91bb8c4a2edb762938e8e067d31,0.013669,ETH,38.27
2026-02-17,07:18:35,2026-02-17T07:18:35.000Z,Rainbet,0x307576dd4f73f91bb8c4a2edb762938e8e067d31,0.010119,ETH,28.33
2026-02-17,07:19:11,2026-02-17T07:19:11.000Z,Stake 11,0x787b8840100d9baadd7463f4a73b5ba73b00c6ca,0.145537,ETH,407.50
2026-02-17,07:19:11,2026-02-17T07:19:11.000Z,Stake 11,0x787b8840100d9baadd7463f4a73b5ba73b00c6ca,0.022971,ETH,64.32
2026-02-17,07:19:11,2026-02-17T07:19:11.000Z,Rainbet,0x307576dd4f73f91bb8c4a2edb762938e8e067d31,0.011137,ETH,31.18
2026-02-17,07:19:11,2026-02-17T07:19:11.000Z,Rainbet,0x307576dd4f73f91bb8c4a2edb762938e8e067d31,0.023989,ETH,67.17
2026-02-17,07:19:11,2026-02-17T07:19:11.000Z,Rainbet,0x307576dd4f73f91bb8c4a2edb762938e8e067d31,0.039983,ETH,111.95
2026-02-17,07:19:59,2026-02-17T07:19:59.000Z,Rainbet,0x307576dd4f73f91bb8c4a2edb762938e8e067d31,0.009995,ETH,27.99
2026-02-17,07:19:59,2026-02-17T07:19:59.000Z,Rainbet,0x307576dd4f73f91bb8c4a2edb762938e8e067d31,0.011636,ETH,32.58
2026-02-17,07:20:47,2026-02-17T07:20:47.000Z,Rainbet,0x307576dd4f73f91bb8c4a2edb762938e8e067d31,0.009999,ETH,28.00
2026-02-17,07:21:11,2026-02-17T07:21:11.000Z,Rainbet,0x307576dd4f73f91bb8c4a2edb762938e8e067d31,4.302427,ETH,12046.80
2026-02-17,07:22:11,2026-02-17T07:22:11.000Z,Rainbet,0x307576dd4f73f91bb8c4a2edb762938e8e067d31,0.009994,ETH,27.98
2026-02-17,07:22:35,2026-02-17T07:22:35.000Z,Rainbet,0x307576dd4f73f91bb8c4a2edb762938e8e067d31,0.116787,ETH,327.00
2026-02-17,07:22:59,2026-02-17T07:22:59.000Z,Rainbet,0x307576dd4f73f91bb8c4a2edb762938e8e067d31,0.066766,ETH,186.95
2026-02-17,07:23:23,2026-02-17T07:23:23.000Z,Rollbit,0xcbd6832ebc203e49e2b771897067fce3c58575ac,0.015192,ETH,42.54
2026-02-17,07:23:35,2026-02-17T07:23:35.000Z,Rainbet,0x307576dd4f73f91bb8c4a2edb762938e8e067d31,0.455659,ETH,1275.85
2026-02-17,07:23:35,2026-02-17T07:23:35.000Z,Rainbet,0x307576dd4f73f91bb8c4a2edb762938e8e067d31,0.011633,ETH,32.57
2026-02-17,07:23:35,2026-02-17T07:23:35.000Z,Rainbet,0x307576dd4f73f91bb8c4a2edb762938e8e067d31,0.025567,ETH,71.59
2026-02-17,07:24:35,2026-02-17T07:24:35.000Z,Rainbet,0x307576dd4f73f91bb8c4a2edb762938e8e067d31,0.048991,ETH,137.17
2026-02-17,07:24:59,2026-02-17T07:24:59.000Z,Stake 11,0x787b8840100d9baadd7463f4a73b5ba73b00c6ca,0.182028,ETH,509.68
2026-02-17,07:24:59,2026-02-17T07:24:59.000Z,Stake 11,0x787b8840100d9baadd7463f4a73b5ba73b00c6ca,0.009985,ETH,27.96
2026-02-17,07:24:59,2026-02-17T07:24:59.000Z,Stake 11,0x787b8840100d9baadd7463f4a73b5ba73b00c6ca,0.094706,ETH,265.18
2026-02-17,07:24:59,2026-02-17T07:24:59.000Z,Rainbet,0x307576dd4f73f91bb8c4a2edb762938e8e067d31,0.009995,ETH,27.99
2026-02-17,07:24:59,2026-02-17T07:24:59.000Z,Rainbet,0x307576dd4f73f91bb8c4a2edb762938e8e067d31,0.009995,ETH,27.99
2026-02-17,07:24:59,2026-02-17T07:24:59.000Z,Rainbet,0x307576dd4f73f91bb8c4a2edb762938e8e067d31,0.031908,ETH,89.34
2026-02-17,07:25:11,2026-02-17T07:25:11.000Z,Rainbet,0x307576dd4f73f91bb8c4a2edb762938e8e067d31,0.503416,ETH,1409.56
2026-02-17,07:25:23,2026-02-17T07:25:23.000Z,Rollbit,0xcbd6832ebc203e49e2b771897067fce3c58575ac,0.039999,ETH,112.00
2026-02-17,07:25:47,2026-02-17T07:25:47.000Z,Rainbet,0x307576dd4f73f91bb8c4a2edb762938e8e067d31,0.009995,ETH,27.99
2026-02-17,07:26:11,2026-02-17T07:26:11.000Z,Rainbet,0x307576dd4f73f91bb8c4a2edb762938e8e067d31,0.009995,ETH,27.99
2026-02-17,07:26:23,2026-02-17T07:26:23.000Z,Rainbet,0x307576dd4f73f91bb8c4a2edb762938e8e067d31,0.012079,ETH,33.82
2026-02-17,07:26:59,2026-02-17T07:26:59.000Z,Rainbet,0x307576dd4f73f91bb8c4a2edb762938e8e067d31,0.033957,ETH,95.08
2026-02-17,07:27:11,2026-02-17T07:27:11.000Z,Rainbet,0x307576dd4f73f91bb8c4a2edb762938e8e067d31,0.009995,ETH,27.99
2026-02-17,07:27:23,2026-02-17T07:27:23.000Z,Rainbet,0x307576dd4f73f91bb8c4a2edb762938e8e067d31,0.018912,ETH,52.95
2026-02-17,07:27:23,2026-02-17T07:27:23.000Z,Rainbet,0x307576dd4f73f91bb8c4a2edb762938e8e067d31,0.034104,ETH,95.49
2026-02-17,07:27:35,2026-02-17T07:27:35.000Z,Rainbet,0x307576dd4f73f91bb8c4a2edb762938e8e067d31,0.009995,ETH,27.99
2026-02-17,07:27:35,2026-02-17T07:27:35.000Z,Rainbet,0x307576dd4f73f91bb8c4a2edb762938e8e067d31,0.039289,ETH,110.01
2026-02-17,07:27:47,2026-02-17T07:27:47.000Z,Rainbet,0x307576dd4f73f91bb8c4a2edb762938e8e067d31,0.009996,ETH,27.99
2026-02-17,07:28:11,2026-02-17T07:28:11.000Z,Rainbet,0x307576dd4f73f91bb8c4a2edb762938e8e067d31,0.009996,ETH,27.99
2026-02-17,07:28:47,2026-02-17T07:28:47.000Z,Rainbet,0x307576dd4f73f91bb8c4a2edb762938e8e067d31,0.036409,ETH,101.95
2026-02-17,07:29:11,2026-02-17T07:29:11.000Z,Rainbet,0x307576dd4f73f91bb8c4a2edb762938e8e067d31,0.304979,ETH,853.94
2026-02-17,07:29:23,2026-02-17T07:29:23.000Z,Rainbet,0x307576dd4f73f91bb8c4a2edb762938e8e067d31,0.022782,ETH,63.79
2026-02-17,07:29:47,2026-02-17T07:29:47.000Z,Rollbit,0xcbd6832ebc203e49e2b771897067fce3c58575ac,0.699457,ETH,1958.48
2026-02-17,07:29:47,2026-02-17T07:29:47.000Z,Rainbet,0x307576dd4f73f91bb8c4a2edb762938e8e067d31,0.014989,ETH,41.97
2026-02-17,07:30:11,2026-02-17T07:30:11.000Z,Rainbet,0x307576dd4f73f91bb8c4a2edb762938e8e067d31,0.141459,ETH,396.09
2026-02-17,07:30:11,2026-02-17T07:30:11.000Z,Rainbet,0x307576dd4f73f91bb8c4a2edb762938e8e067d31,0.102973,ETH,288.32
2026-02-17,07:30:23,2026-02-17T07:30:23.000Z,Rainbet,0x307576dd4f73f91bb8c4a2edb762938e8e067d31,0.013150,ETH,36.82
2026-02-17,07:31:23,2026-02-17T07:31:23.000Z,Rainbet,0x307576dd4f73f91bb8c4a2edb762938e8e067d31,0.009996,ETH,27.99
2026-02-17,07:31:35,2026-02-17T07:31:35.000Z,Rainbet,0x307576dd4f73f91bb8c4a2edb762938e8e067d31,0.015148,ETH,42.41
2026-02-17,07:32:23,2026-02-17T07:32:23.000Z,Rollbit,0xcbd6832ebc203e49e2b771897067fce3c58575ac,0.026067,ETH,72.99
2026-02-17,07:32:23,2026-02-17T07:32:23.000Z,Rainbet,0x307576dd4f73f91bb8c4a2edb762938e8e067d31,0.009999,ETH,28.00
2026-02-17,07:32:23,2026-02-17T07:32:23.000Z,Rainbet,0x307576dd4f73f91bb8c4a2edb762938e8e067d31,0.009996,ETH,27.99
2026-02-17,07:32:23,2026-02-17T07:32:23.000Z,Rainbet,0x307576dd4f73f91bb8c4a2edb762938e8e067d31,0.021783,ETH,60.99
2026-02-17,07:32:23,2026-02-17T07:32:23.000Z,Rainbet,0x307576dd4f73f91bb8c4a2edb762938e8e067d31,0.588926,ETH,1648.99
2026-02-17,07:32:47,2026-02-17T07:32:47.000Z,Rainbet,0x307576dd4f73f91bb8c4a2edb762938e8e067d31,0.009996,ETH,27.99
2026-02-17,07:33:11,2026-02-17T07:33:11.000Z,Rainbet,0x307576dd4f73f91bb8c4a2edb762938e8e067d31,0.043173,ETH,120.88
2026-02-17,07:33:11,2026-02-17T07:33:11.000Z,Rainbet,0x307576dd4f73f91bb8c4a2edb762938e8e067d31,0.035243,ETH,98.68
2026-02-17,07:33:35,2026-02-17T07:33:35.000Z,Rainbet,0x307576dd4f73f91bb8c4a2edb762938e8e067d31,0.009996,ETH,27.99
2026-02-17,07:33:35,2026-02-17T07:33:35.000Z,Rainbet,0x307576dd4f73f91bb8c4a2edb762938e8e067d31,0.009999,ETH,28.00
2026-02-17,07:33:35,2026-02-17T07:33:35.000Z,Rainbet,0x307576dd4f73f91bb8c4a2edb762938e8e067d31,0.009996,ETH,27.99
2026-02-17,07:33:47,2026-02-17T07:33:47.000Z,Rainbet,0x307576dd4f73f91bb8c4a2edb762938e8e067d31,0.232227,ETH,650.24
2026-02-17,07:33:47,2026-02-17T07:33:47.000Z,Rainbet,0x307576dd4f73f91bb8c4a2edb762938e8e067d31,0.009996,ETH,27.99
2026-02-17,07:33:59,2026-02-17T07:33:59.000Z,Rainbet,0x307576dd4f73f91bb8c4a2edb762938e8e067d31,0.009996,ETH,27.99
2026-02-17,07:33:59,2026-02-17T07:33:59.000Z,Rainbet,0x307576dd4f73f91bb8c4a2edb762938e8e067d31,0.009999,ETH,28.00
2026-02-17,07:34:23,2026-02-17T07:34:23.000Z,Rainbet,0x307576dd4f73f91bb8c4a2edb762938e8e067d31,1.740614,ETH,4873.72
2026-02-17,07:34:23,2026-02-17T07:34:23.000Z,Rainbet,0x307576dd4f73f91bb8c4a2edb762938e8e067d31,0.009999,ETH,28.00
2026-02-17,07:34:35,2026-02-17T07:34:35.000Z,Roobet,0xc94ebb328ac25b95db0e0aa968371885fa516215,31.796531,ETH,89030.29
2026-02-17,07:34:35,2026-02-17T07:34:35.000Z,Rainbet,0x307576dd4f73f91bb8c4a2edb762938e8e067d31,0.009999,ETH,28.00
2026-02-17,07:34:35,2026-02-17T07:34:35.000Z,Rainbet,0x307576dd4f73f91bb8c4a2edb762938e8e067d31,0.009999,ETH,28.00
2026-02-17,07:34:35,2026-02-17T07:34:35.000Z,Rainbet,0x307576dd4f73f91bb8c4a2edb762938e8e067d31,0.014819,ETH,41.49
2026-02-17,07:34:35,2026-02-17T07:34:35.000Z,Rainbet,0x307576dd4f73f91bb8c4a2edb762938e8e067d31,0.009999,ETH,28.00
2026-02-17,07:34:47,2026-02-17T07:34:47.000Z,Stake 11,0x787b8840100d9baadd7463f4a73b5ba73b00c6ca,0.054666,ETH,153.06
2026-02-17,07:34:47,2026-02-17T07:34:47.000Z,Rainbet,0x307576dd4f73f91bb8c4a2edb762938e8e067d31,0.021611,ETH,60.51
2026-02-17,07:35:23,2026-02-17T07:35:23.000Z,Rainbet,0x307576dd4f73f91bb8c4a2edb762938e8e067d31,0.009999,ETH,28.00
2026-02-17,07:35:35,2026-02-17T07:35:35.000Z,Rainbet,0x307576dd4f73f91bb8c4a2edb762938e8e067d31,0.173594,ETH,486.06
2026-02-17,07:35:47,2026-02-17T07:35:47.000Z,Stake 11,0x787b8840100d9baadd7463f4a73b5ba73b00c6ca,0.011798,ETH,33.04
2026-02-17,07:35:47,2026-02-17T07:35:47.000Z,Stake 11,0x787b8840100d9baadd7463f4a73b5ba73b00c6ca,0.006986,ETH,19.56
2026-02-17,07:35:47,2026-02-17T07:35:47.000Z,Stake 11,0x787b8840100d9baadd7463f4a73b5ba73b00c6ca,0.101550,ETH,284.34
2026-02-17,07:35:47,2026-02-17T07:35:47.000Z,Rainbet,0x307576dd4f73f91bb8c4a2edb762938e8e067d31,0.024596,ETH,68.87
2026-02-17,07:35:59,2026-02-17T07:35:59.000Z,Stake 11,0x787b8840100d9baadd7463f4a73b5ba73b00c6ca,0.199209,ETH,557.79
2026-02-17,07:35:59,2026-02-17T07:35:59.000Z,Duelbits,0x014435b1e39945cf4f5f0c3cbb5833195a95cc9b,3.804383,ETH,10652.27
2026-02-17,07:35:59,2026-02-17T07:35:59.000Z,Duelbits,0x014435b1e39945cf4f5f0c3cbb5833195a95cc9b,1.386268,ETH,3881.55
2026-02-17,07:35:59,2026-02-17T07:35:59.000Z,Duelbits,0x014435b1e39945cf4f5f0c3cbb5833195a95cc9b,2.668381,ETH,7471.47
2026-02-17,07:35:59,2026-02-17T07:35:59.000Z,Duelbits,0x014435b1e39945cf4f5f0c3cbb5833195a95cc9b,1.856495,ETH,5198.19
2026-02-17,07:35:59,2026-02-17T07:35:59.000Z,Duelbits,0x014435b1e39945cf4f5f0c3cbb5833195a95cc9b,23.810863,ETH,66670.42
2026-02-17,07:35:59,2026-02-17T07:35:59.000Z,Duelbits,0x014435b1e39945cf4f5f0c3cbb5833195a95cc9b,1.379194,ETH,3861.74
2026-02-17,07:35:59,2026-02-17T07:35:59.000Z,Duelbits,0x014435b1e39945cf4f5f0c3cbb5833195a95cc9b,2.049802,ETH,5739.45
2026-02-17,07:35:59,2026-02-17T07:35:59.000Z,Duelbits,0x014435b1e39945cf4f5f0c3cbb5833195a95cc9b,1.744136,ETH,4883.58
2026-02-17,07:35:59,2026-02-17T07:35:59.000Z,Duelbits,0x014435b1e39945cf4f5f0c3cbb5833195a95cc9b,1.672620,ETH,4683.34
2026-02-17,07:35:59,2026-02-17T07:35:59.000Z,Rainbet,0x307576dd4f73f91bb8c4a2edb762938e8e067d31,0.019384,ETH,54.28
2026-02-17,07:36:23,2026-02-17T07:36:23.000Z,Duelbits,0x014435b1e39945cf4f5f0c3cbb5833195a95cc9b,1.368275,ETH,3831.17
2026-02-17,07:36:23,2026-02-17T07:36:23.000Z,Duelbits,0x014435b1e39945cf4f5f0c3cbb5833195a95cc9b,0.460027,ETH,1288.08
2026-02-17,07:36:23,2026-02-17T07:36:23.000Z,Duelbits,0x014435b1e39945cf4f5f0c3cbb5833195a95cc9b,0.275203,ETH,770.57
2026-02-17,07:36:23,2026-02-17T07:36:23.000Z,Duelbits,0x014435b1e39945cf4f5f0c3cbb5833195a95cc9b,0.507542,ETH,1421.12
2026-02-17,07:36:23,2026-02-17T07:36:23.000Z,Duelbits,0x014435b1e39945cf4f5f0c3cbb5833195a95cc9b,0.253259,ETH,709.13
2026-02-17,07:36:23,2026-02-17T07:36:23.000Z,Duelbits,0x014435b1e39945cf4f5f0c3cbb5833195a95cc9b,0.353495,ETH,989.79
2026-02-17,07:36:23,2026-02-17T07:36:23.000Z,Duelbits,0x014435b1e39945cf4f5f0c3cbb5833195a95cc9b,0.229039,ETH,641.31
2026-02-17,07:36:23,2026-02-17T07:36:23.000Z,Duelbits,0x014435b1e39945cf4f5f0c3cbb5833195a95cc9b,0.725284,ETH,2030.79
2026-02-17,07:36:23,2026-02-17T07:36:23.000Z,Duelbits,0x014435b1e39945cf4f5f0c3cbb5833195a95cc9b,0.358617,ETH,1004.13
2026-02-17,07:36:23,2026-02-17T07:36:23.000Z,Duelbits,0x014435b1e39945cf4f5f0c3cbb5833195a95cc9b,0.247655,ETH,693.43
2026-02-17,07:36:23,2026-02-17T07:36:23.000Z,Duelbits,0x014435b1e39945cf4f5f0c3cbb5833195a95cc9b,0.231204,ETH,647.37
2026-02-17,07:36:23,2026-02-17T07:36:23.000Z,Duelbits,0x014435b1e39945cf4f5f0c3cbb5833195a95cc9b,0.894502,ETH,2504.61
2026-02-17,07:36:23,2026-02-17T07:36:23.000Z,Duelbits,0x014435b1e39945cf4f5f0c3cbb5833195a95cc9b,0.375213,ETH,1050.60
2026-02-17,07:36:23,2026-02-17T07:36:23.000Z,Duelbits,0x014435b1e39945cf4f5f0c3cbb5833195a95cc9b,0.878695,ETH,2460.35
2026-02-17,07:36:23,2026-02-17T07:36:23.000Z,Duelbits,0x014435b1e39945cf4f5f0c3cbb5833195a95cc9b,0.443094,ETH,1240.66
2026-02-17,07:36:23,2026-02-17T07:36:23.000Z,Duelbits,0x014435b1e39945cf4f5f0c3cbb5833195a95cc9b,0.432850,ETH,1211.98
2026-02-17,07:36:23,2026-02-17T07:36:23.000Z,Duelbits,0x014435b1e39945cf4f5f0c3cbb5833195a95cc9b,1.010650,ETH,2829.82
2026-02-17,07:36:23,2026-02-17T07:36:23.000Z,Duelbits,0x014435b1e39945cf4f5f0c3cbb5833195a95cc9b,0.474819,ETH,1329.49
2026-02-17,07:36:23,2026-02-17T07:36:23.000Z,Duelbits,0x014435b1e39945cf4f5f0c3cbb5833195a95cc9b,0.335684,ETH,939.91
2026-02-17,07:36:23,2026-02-17T07:36:23.000Z,Duelbits,0x014435b1e39945cf4f5f0c3cbb5833195a95cc9b,0.290672,ETH,813.88
2026-02-17,07:36:23,2026-02-17T07:36:23.000Z,Duelbits,0x014435b1e39945cf4f5f0c3cbb5833195a95cc9b,0.291547,ETH,816.33
2026-02-17,07:36:23,2026-02-17T07:36:23.000Z,Duelbits,0x014435b1e39945cf4f5f0c3cbb5833195a95cc9b,0.768436,ETH,2151.62
2026-02-17,07:36:23,2026-02-17T07:36:23.000Z,Duelbits,0x014435b1e39945cf4f5f0c3cbb5833195a95cc9b,0.436929,ETH,1223.40
2026-02-17,07:36:23,2026-02-17T07:36:23.000Z,Duelbits,0x014435b1e39945cf4f5f0c3cbb5833195a95cc9b,0.705066,ETH,1974.19
2026-02-17,07:36:23,2026-02-17T07:36:23.000Z,Duelbits,0x014435b1e39945cf4f5f0c3cbb5833195a95cc9b,0.254300,ETH,712.04
2026-02-17,07:36:23,2026-02-17T07:36:23.000Z,Duelbits,0x014435b1e39945cf4f5f0c3cbb5833195a95cc9b,0.367086,ETH,1027.84
2026-02-17,07:36:23,2026-02-17T07:36:23.000Z,Duelbits,0x014435b1e39945cf4f5f0c3cbb5833195a95cc9b,0.808044,ETH,2262.52
2026-02-17,07:36:23,2026-02-17T07:36:23.000Z,Duelbits,0x014435b1e39945cf4f5f0c3cbb5833195a95cc9b,0.551248,ETH,1543.49
2026-02-17,07:36:23,2026-02-17T07:36:23.000Z,Duelbits,0x014435b1e39945cf4f5f0c3cbb5833195a95cc9b,0.705762,ETH,1976.13
2026-02-17,07:36:23,2026-02-17T07:36:23.000Z,Duelbits,0x014435b1e39945cf4f5f0c3cbb5833195a95cc9b,0.266190,ETH,745.33
2026-02-17,07:36:23,2026-02-17T07:36:23.000Z,Duelbits,0x014435b1e39945cf4f5f0c3cbb5833195a95cc9b,0.757061,ETH,2119.77
2026-02-17,07:36:23,2026-02-17T07:36:23.000Z,Duelbits,0x014435b1e39945cf4f5f0c3cbb5833195a95cc9b,0.255883,ETH,716.47
2026-02-17,07:36:23,2026-02-17T07:36:23.000Z,Duelbits,0x014435b1e39945cf4f5f0c3cbb5833195a95cc9b,0.907350,ETH,2540.58
2026-02-17,07:36:23,2026-02-17T07:36:23.000Z,Duelbits,0x014435b1e39945cf4f5f0c3cbb5833195a95cc9b,0.791385,ETH,2215.88
2026-02-17,07:36:23,2026-02-17T07:36:23.000Z,Duelbits,0x014435b1e39945cf4f5f0c3cbb5833195a95cc9b,0.460117,ETH,1288.33
2026-02-17,07:36:23,2026-02-17T07:36:23.000Z,Duelbits,0x014435b1e39945cf4f5f0c3cbb5833195a95cc9b,0.716073,ETH,2005.01
2026-02-17,07:36:23,2026-02-17T07:36:23.000Z,Duelbits,0x014435b1e39945cf4f5f0c3cbb5833195a95cc9b,0.350108,ETH,980.30
2026-02-17,07:36:23,2026-02-17T07:36:23.000Z,Duelbits,0x014435b1e39945cf4f5f0c3cbb5833195a95cc9b,0.999999,ETH,2800.00
2026-02-17,07:36:23,2026-02-17T07:36:23.000Z,Duelbits,0x014435b1e39945cf4f5f0c3cbb5833195a95cc9b,0.343629,ETH,962.16
2026-02-17,07:36:23,2026-02-17T07:36:23.000Z,Duelbits,0x014435b1e39945cf4f5f0c3cbb5833195a95cc9b,0.419961,ETH,1175.89
2026-02-17,07:36:23,2026-02-17T07:36:23.000Z,Duelbits,0x014435b1e39945cf4f5f0c3cbb5833195a95cc9b,0.395011,ETH,1106.03
2026-02-17,07:36:23,2026-02-17T07:36:23.000Z,Duelbits,0x014435b1e39945cf4f5f0c3cbb5833195a95cc9b,0.247734,ETH,693.66
2026-02-17,07:36:23,2026-02-17T07:36:23.000Z,Duelbits,0x014435b1e39945cf4f5f0c3cbb5833195a95cc9b,0.227804,ETH,637.85
2026-02-17,07:36:23,2026-02-17T07:36:23.000Z,Rainbet,0x307576dd4f73f91bb8c4a2edb762938e8e067d31,0.015617,ETH,43.73
2026-02-17,07:36:47,2026-02-17T07:36:47.000Z,Rollbit,0xcbd6832ebc203e49e2b771897067fce3c58575ac,0.023628,ETH,66.16
2026-02-17,07:36:47,2026-02-17T07:36:47.000Z,Duelbits,0x014435b1e39945cf4f5f0c3cbb5833195a95cc9b,0.226397,ETH,633.91
2026-02-17,07:36:47,2026-02-17T07:36:47.000Z,Duelbits,0x014435b1e39945cf4f5f0c3cbb5833195a95cc9b,0.172999,ETH,484.40
2026-02-17,07:36:47,2026-02-17T07:36:47.000Z,Duelbits,0x014435b1e39945cf4f5f0c3cbb5833195a95cc9b,0.163099,ETH,456.68
2026-02-17,07:36:47,2026-02-17T07:36:47.000Z,Duelbits,0x014435b1e39945cf4f5f0c3cbb5833195a95cc9b,0.124054,ETH,347.35
2026-02-17,07:36:47,2026-02-17T07:36:47.000Z,Duelbits,0x014435b1e39945cf4f5f0c3cbb5833195a95cc9b,0.124055,ETH,347.35
2026-02-17,07:36:47,2026-02-17T07:36:47.000Z,Duelbits,0x014435b1e39945cf4f5f0c3cbb5833195a95cc9b,0.196794,ETH,551.02
2026-02-17,07:36:47,2026-02-17T07:36:47.000Z,Duelbits,0x014435b1e39945cf4f5f0c3cbb5833195a95cc9b,0.198001,ETH,554.40
2026-02-17,07:36:47,2026-02-17T07:36:47.000Z,Duelbits,0x014435b1e39945cf4f5f0c3cbb5833195a95cc9b,0.125473,ETH,351.32
2026-02-17,07:36:47,2026-02-17T07:36:47.000Z,Duelbits,0x014435b1e39945cf4f5f0c3cbb5833195a95cc9b,0.166751,ETH,466.90
2026-02-17,07:36:47,2026-02-17T07:36:47.000Z,Duelbits,0x014435b1e39945cf4f5f0c3cbb5833195a95cc9b,0.146970,ETH,411.51
2026-02-17,07:36:47,2026-02-17T07:36:47.000Z,Duelbits,0x014435b1e39945cf4f5f0c3cbb5833195a95cc9b,0.214773,ETH,601.37
2026-02-17,07:36:47,2026-02-17T07:36:47.000Z,Duelbits,0x014435b1e39945cf4f5f0c3cbb5833195a95cc9b,0.127712,ETH,357.59
2026-02-17,07:36:47,2026-02-17T07:36:47.000Z,Duelbits,0x014435b1e39945cf4f5f0c3cbb5833195a95cc9b,0.192914,ETH,540.16
2026-02-17,07:36:47,2026-02-17T07:36:47.000Z,Duelbits,0x014435b1e39945cf4f5f0c3cbb5833195a95cc9b,0.143130,ETH,400.76
2026-02-17,07:36:47,2026-02-17T07:36:47.000Z,Duelbits,0x014435b1e39945cf4f5f0c3cbb5833195a95cc9b,0.127825,ETH,357.91
2026-02-17,07:36:47,2026-02-17T07:36:47.000Z,Duelbits,0x014435b1e39945cf4f5f0c3cbb5833195a95cc9b,0.220277,ETH,616.78
2026-02-17,07:36:47,2026-02-17T07:36:47.000Z,Duelbits,0x014435b1e39945cf4f5f0c3cbb5833195a95cc9b,0.193609,ETH,542.11
2026-02-17,07:36:47,2026-02-17T07:36:47.000Z,Duelbits,0x014435b1e39945cf4f5f0c3cbb5833195a95cc9b,0.136659,ETH,382.65
2026-02-17,07:36:47,2026-02-17T07:36:47.000Z,Duelbits,0x014435b1e39945cf4f5f0c3cbb5833195a95cc9b,0.136080,ETH,381.02
2026-02-17,07:36:47,2026-02-17T07:36:47.000Z,Duelbits,0x014435b1e39945cf4f5f0c3cbb5833195a95cc9b,0.135461,ETH,379.29
2026-02-17,07:36:47,2026-02-17T07:36:47.000Z,Duelbits,0x014435b1e39945cf4f5f0c3cbb5833195a95cc9b,0.134400,ETH,376.32
2026-02-17,07:36:47,2026-02-17T07:36:47.000Z,Duelbits,0x014435b1e39945cf4f5f0c3cbb5833195a95cc9b,0.147497,ETH,412.99
2026-02-17,07:36:47,2026-02-17T07:36:47.000Z,Duelbits,0x014435b1e39945cf4f5f0c3cbb5833195a95cc9b,0.113950,ETH,319.06
2026-02-17,07:36:47,2026-02-17T07:36:47.000Z,Duelbits,0x014435b1e39945cf4f5f0c3cbb5833195a95cc9b,0.131120,ETH,367.13
2026-02-17,07:36:47,2026-02-17T07:36:47.000Z,Duelbits,0x014435b1e39945cf4f5f0c3cbb5833195a95cc9b,0.164249,ETH,459.90
2026-02-17,07:36:47,2026-02-17T07:36:47.000Z,Duelbits,0x014435b1e39945cf4f5f0c3cbb5833195a95cc9b,0.192841,ETH,539.96
2026-02-17,07:36:47,2026-02-17T07:36:47.000Z,Duelbits,0x014435b1e39945cf4f5f0c3cbb5833195a95cc9b,0.158285,ETH,443.20
2026-02-17,07:36:47,2026-02-17T07:36:47.000Z,Duelbits,0x014435b1e39945cf4f5f0c3cbb5833195a95cc9b,0.174627,ETH,488.95
2026-02-17,07:36:47,2026-02-17T07:36:47.000Z,Duelbits,0x014435b1e39945cf4f5f0c3cbb5833195a95cc9b,0.151482,ETH,424.15
2026-02-17,07:36:47,2026-02-17T07:36:47.000Z,Duelbits,0x014435b1e39945cf4f5f0c3cbb5833195a95cc9b,0.147229,ETH,412.24
2026-02-17,07:36:47,2026-02-17T07:36:47.000Z,Duelbits,0x014435b1e39945cf4f5f0c3cbb5833195a95cc9b,0.130751,ETH,366.10
2026-02-17,07:36:47,2026-02-17T07:36:47.000Z,Duelbits,0x014435b1e39945cf4f5f0c3cbb5833195a95cc9b,0.130242,ETH,364.68
2026-02-17,07:36:47,2026-02-17T07:36:47.000Z,Duelbits,0x014435b1e39945cf4f5f0c3cbb5833195a95cc9b,0.113559,ETH,317.96
2026-02-17,07:36:47,2026-02-17T07:36:47.000Z,Duelbits,0x014435b1e39945cf4f5f0c3cbb5833195a95cc9b,0.120928,ETH,338.60
2026-02-17,07:36:47,2026-02-17T07:36:47.000Z,Duelbits,0x014435b1e39945cf4f5f0c3cbb5833195a95cc9b,0.196296,ETH,549.63
2026-02-17,07:36:47,2026-02-17T07:36:47.000Z,Duelbits,0x014435b1e39945cf4f5f0c3cbb5833195a95cc9b,0.114029,ETH,319.28
2026-02-17,07:36:47,2026-02-17T07:36:47.000Z,Duelbits,0x014435b1e39945cf4f5f0c3cbb5833195a95cc9b,0.112089,ETH,313.85
2026-02-17,07:36:47,2026-02-17T07:36:47.000Z,Duelbits,0x014435b1e39945cf4f5f0c3cbb5833195a95cc9b,0.142588,ETH,399.25
2026-02-17,07:36:47,2026-02-17T07:36:47.000Z,Duelbits,0x014435b1e39945cf4f5f0c3cbb5833195a95cc9b,0.131869,ETH,369.23
2026-02-17,07:36:47,2026-02-17T07:36:47.000Z,Duelbits,0x014435b1e39945cf4f5f0c3cbb5833195a95cc9b,0.172891,ETH,484.09
2026-02-17,07:36:47,2026-02-17T07:36:47.000Z,Duelbits,0x014435b1e39945cf4f5f0c3cbb5833195a95cc9b,0.212949,ETH,596.26
2026-02-17,07:36:47,2026-02-17T07:36:47.000Z,Duelbits,0x014435b1e39945cf4f5f0c3cbb5833195a95cc9b,0.111304,ETH,311.65
2026-02-17,07:36:59,2026-02-17T07:36:59.000Z,Duelbits,0x014435b1e39945cf4f5f0c3cbb5833195a95cc9b,0.096539,ETH,270.31
2026-02-17,07:36:59,2026-02-17T07:36:59.000Z,Duelbits,0x014435b1e39945cf4f5f0c3cbb5833195a95cc9b,0.095412,ETH,267.15
2026-02-17,07:36:59,2026-02-17T07:36:59.000Z,Duelbits,0x014435b1e39945cf4f5f0c3cbb5833195a95cc9b,0.095809,ETH,268.27
2026-02-17,07:36:59,2026-02-17T07:36:59.000Z,Duelbits,0x014435b1e39945cf4f5f0c3cbb5833195a95cc9b,0.087159,ETH,244.05
2026-02-17,07:36:59,2026-02-17T07:36:59.000Z,Duelbits,0x014435b1e39945cf4f5f0c3cbb5833195a95cc9b,0.090375,ETH,253.05
2026-02-17,07:36:59,2026-02-17T07:36:59.000Z,Duelbits,0x014435b1e39945cf4f5f0c3cbb5833195a95cc9b,0.109934,ETH,307.81
2026-02-17,07:36:59,2026-02-17T07:36:59.000Z,Duelbits,0x014435b1e39945cf4f5f0c3cbb5833195a95cc9b,0.084389,ETH,236.29
2026-02-17,07:36:59,2026-02-17T07:36:59.000Z,Duelbits,0x014435b1e39945cf4f5f0c3cbb5833195a95cc9b,0.088765,ETH,248.54
2026-02-17,07:36:59,2026-02-17T07:36:59.000Z,Duelbits,0x014435b1e39945cf4f5f0c3cbb5833195a95cc9b,0.110842,ETH,310.36
2026-02-17,07:36:59,2026-02-17T07:36:59.000Z,Duelbits,0x014435b1e39945cf4f5f0c3cbb5833195a95cc9b,0.098539,ETH,275.91
2026-02-17,07:36:59,2026-02-17T07:36:59.000Z,Duelbits,0x014435b1e39945cf4f5f0c3cbb5833195a95cc9b,0.085287,ETH,238.80
2026-02-17,07:36:59,2026-02-17T07:36:59.000Z,Duelbits,0x014435b1e39945cf4f5f0c3cbb5833195a95cc9b,0.099499,ETH,278.60
2026-02-17,07:36:59,2026-02-17T07:36:59.000Z,Duelbits,0x014435b1e39945cf4f5f0c3cbb5833195a95cc9b,0.092314,ETH,258.48
2026-02-17,07:36:59,2026-02-17T07:36:59.000Z,Duelbits,0x014435b1e39945cf4f5f0c3cbb5833195a95cc9b,0.101059,ETH,282.97
2026-02-17,07:36:59,2026-02-17T07:36:59.000Z,Duelbits,0x014435b1e39945cf4f5f0c3cbb5833195a95cc9b,0.111014,ETH,310.84
2026-02-17,07:36:59,2026-02-17T07:36:59.000Z,Duelbits,0x014435b1e39945cf4f5f0c3cbb5833195a95cc9b,0.086785,ETH,243.00
2026-02-17,07:36:59,2026-02-17T07:36:59.000Z,Duelbits,0x014435b1e39945cf4f5f0c3cbb5833195a95cc9b,0.101464,ETH,284.10
2026-02-17,07:36:59,2026-02-17T07:36:59.000Z,Duelbits,0x014435b1e39945cf4f5f0c3cbb5833195a95cc9b,0.106384,ETH,297.88
2026-02-17,07:36:59,2026-02-17T07:36:59.000Z,Duelbits,0x014435b1e39945cf4f5f0c3cbb5833195a95cc9b,0.098189,ETH,274.93
2026-02-17,07:36:59,2026-02-17T07:36:59.000Z,Rainbet,0x307576dd4f73f91bb8c4a2edb762938e8e067d31,0.009995,ETH,27.99
2026-02-17,07:36:59,2026-02-17T07:36:59.000Z,Rainbet,0x307576dd4f73f91bb8c4a2edb762938e8e067d31,0.009995,ETH,27.99
2026-02-17,07:36:59,2026-02-17T07:36:59.000Z,Rainbet,0x307576dd4f73f91bb8c4a2edb762938e8e067d31,0.009996,ETH,27.99
2026-02-17,07:37:11,2026-02-17T07:37:11.000Z,Duelbits,0x014435b1e39945cf4f5f0c3cbb5833195a95cc9b,0.054956,ETH,153.88
2026-02-17,07:37:11,2026-02-17T07:37:11.000Z,Duelbits,0x014435b1e39945cf4f5f0c3cbb5833195a95cc9b,0.053190,ETH,148.93
2026-02-17,07:37:11,2026-02-17T07:37:11.000Z,Duelbits,0x014435b1e39945cf4f5f0c3cbb5833195a95cc9b,0.056503,ETH,158.21
2026-02-17,07:37:11,2026-02-17T07:37:11.000Z,Duelbits,0x014435b1e39945cf4f5f0c3cbb5833195a95cc9b,0.065023,ETH,182.07
2026-02-17,07:37:11,2026-02-17T07:37:11.000Z,Duelbits,0x014435b1e39945cf4f5f0c3cbb5833195a95cc9b,0.064260,ETH,179.93
2026-02-17,07:37:11,2026-02-17T07:37:11.000Z,Duelbits,0x014435b1e39945cf4f5f0c3cbb5833195a95cc9b,0.065804,ETH,184.25
2026-02-17,07:37:11,2026-02-17T07:37:11.000Z,Duelbits,0x014435b1e39945cf4f5f0c3cbb5833195a95cc9b,0.070399,ETH,197.12
2026-02-17,07:37:11,2026-02-17T07:37:11.000Z,Duelbits,0x014435b1e39945cf4f5f0c3cbb5833195a95cc9b,0.082718,ETH,231.61
2026-02-17,07:37:11,2026-02-17T07:37:11.000Z,Duelbits,0x014435b1e39945cf4f5f0c3cbb5833195a95cc9b,0.059546,ETH,166.73
2026-02-17,07:37:11,2026-02-17T07:37:11.000Z,Duelbits,0x014435b1e39945cf4f5f0c3cbb5833195a95cc9b,0.071243,ETH,199.48
2026-02-17,07:37:11,2026-02-17T07:37:11.000Z,Duelbits,0x014435b1e39945cf4f5f0c3cbb5833195a95cc9b,0.056783,ETH,158.99
2026-02-17,07:37:11,2026-02-17T07:37:11.000Z,Duelbits,0x014435b1e39945cf4f5f0c3cbb5833195a95cc9b,0.072904,ETH,204.13
2026-02-17,07:37:11,2026-02-17T07:37:11.000Z,Duelbits,0x014435b1e39945cf4f5f0c3cbb5833195a95cc9b,0.068056,ETH,190.56
2026-02-17,07:37:11,2026-02-17T07:37:11.000Z,Duelbits,0x014435b1e39945cf4f5f0c3cbb5833195a95cc9b,0.082996,ETH,232.39
2026-02-17,07:37:11,2026-02-17T07:37:11.000Z,Duelbits,0x014435b1e39945cf4f5f0c3cbb5833195a95cc9b,0.067999,ETH,190.40
2026-02-17,07:37:11,2026-02-17T07:37:11.000Z,Duelbits,0x014435b1e39945cf4f5f0c3cbb5833195a95cc9b,0.061642,ETH,172.60
2026-02-17,07:37:11,2026-02-17T07:37:11.000Z,Duelbits,0x014435b1e39945cf4f5f0c3cbb5833195a95cc9b,0.066942,ETH,187.44
2026-02-17,07:37:11,2026-02-17T07:37:11.000Z,Duelbits,0x014435b1e39945cf4f5f0c3cbb5833195a95cc9b,0.075567,ETH,211.59
2026-02-17,07:37:11,2026-02-17T07:37:11.000Z,Duelbits,0x014435b1e39945cf4f5f0c3cbb5833195a95cc9b,0.075800,ETH,212.24
2026-02-17,07:37:11,2026-02-17T07:37:11.000Z,Duelbits,0x014435b1e39945cf4f5f0c3cbb5833195a95cc9b,0.065187,ETH,182.52
2026-02-17,07:37:23,2026-02-17T07:37:23.000Z,Duelbits,0x014435b1e39945cf4f5f0c3cbb5833195a95cc9b,0.040446,ETH,113.25
2026-02-17,07:37:23,2026-02-17T07:37:23.000Z,Duelbits,0x014435b1e39945cf4f5f0c3cbb5833195a95cc9b,0.049990,ETH,139.97
2026-02-17,07:37:23,2026-02-17T07:37:23.000Z,Duelbits,0x014435b1e39945cf4f5f0c3cbb5833195a95cc9b,0.045664,ETH,127.86
2026-02-17,07:37:23,2026-02-17T07:37:23.000Z,Duelbits,0x014435b1e39945cf4f5f0c3cbb5833195a95cc9b,0.050758,ETH,142.12
2026-02-17,07:37:23,2026-02-17T07:37:23.000Z,Duelbits,0x014435b1e39945cf4f5f0c3cbb5833195a95cc9b,0.053026,ETH,148.47
2026-02-17,07:37:23,2026-02-17T07:37:23.000Z,Duelbits,0x014435b1e39945cf4f5f0c3cbb5833195a95cc9b,0.047770,ETH,133.75
2026-02-17,07:37:23,2026-02-17T07:37:23.000Z,Duelbits,0x014435b1e39945cf4f5f0c3cbb5833195a95cc9b,0.046775,ETH,130.97
2026-02-17,07:37:23,2026-02-17T07:37:23.000Z,Duelbits,0x014435b1e39945cf4f5f0c3cbb5833195a95cc9b,0.042745,ETH,119.69
2026-02-17,07:37:23,2026-02-17T07:37:23.000Z,Duelbits,0x014435b1e39945cf4f5f0c3cbb5833195a95cc9b,0.051181,ETH,143.31
2026-02-17,07:37:23,2026-02-17T07:37:23.000Z,Duelbits,0x014435b1e39945cf4f5f0c3cbb5833195a95cc9b,0.036988,ETH,103.57
2026-02-17,07:37:23,2026-02-17T07:37:23.000Z,Duelbits,0x014435b1e39945cf4f5f0c3cbb5833195a95cc9b,0.036199,ETH,101.36
2026-02-17,07:37:23,2026-02-17T07:37:23.000Z,Duelbits,0x014435b1e39945cf4f5f0c3cbb5833195a95cc9b,0.047666,ETH,133.46
2026-02-17,07:37:23,2026-02-17T07:37:23.000Z,Duelbits,0x014435b1e39945cf4f5f0c3cbb5833195a95cc9b,0.050145,ETH,140.41
2026-02-17,07:37:23,2026-02-17T07:37:23.000Z,Duelbits,0x014435b1e39945cf4f5f0c3cbb5833195a95cc9b,0.048056,ETH,134.56
2026-02-17,07:37:23,2026-02-17T07:37:23.000Z,Duelbits,0x014435b1e39945cf4f5f0c3cbb5833195a95cc9b,0.047996,ETH,134.39
2026-02-17,07:37:23,2026-02-17T07:37:23.000Z,Duelbits,0x014435b1e39945cf4f5f0c3cbb5833195a95cc9b,0.038331,ETH,107.33
2026-02-17,07:37:23,2026-02-17T07:37:23.000Z,Duelbits,0x014435b1e39945cf4f5f0c3cbb5833195a95cc9b,0.050801,ETH,142.24
2026-02-17,07:37:23,2026-02-17T07:37:23.000Z,Duelbits,0x014435b1e39945cf4f5f0c3cbb5833195a95cc9b,0.048253,ETH,135.11
2026-02-17,07:37:23,2026-02-17T07:37:23.000Z,Duelbits,0x014435b1e39945cf4f5f0c3cbb5833195a95cc9b,0.036295,ETH,101.63
2026-02-17,07:37:23,2026-02-17T07:37:23.000Z,Duelbits,0x014435b1e39945cf4f5f0c3cbb5833195a95cc9b,0.044938,ETH,125.83
2026-02-17,07:37:23,2026-02-17T07:37:23.000Z,Duelbits,0x014435b1e39945cf4f5f0c3cbb5833195a95cc9b,0.049593,ETH,138.86
2026-02-17,07:37:47,2026-02-17T07:37:47.000Z,Duelbits,0x014435b1e39945cf4f5f0c3cbb5833195a95cc9b,0.034880,ETH,97.66
2026-02-17,07:37:59,2026-02-17T07:37:59.000Z,Duelbits,0x014435b1e39945cf4f5f0c3cbb5833195a95cc9b,0.023796,ETH,66.63
2026-02-17,07:37:59,2026-02-17T07:37:59.000Z,Duelbits,0x014435b1e39945cf4f5f0c3cbb5833195a95cc9b,0.021483,ETH,60.15
2026-02-17,07:37:59,2026-02-17T07:37:59.000Z,Duelbits,0x014435b1e39945cf4f5f0c3cbb5833195a95cc9b,0.029901,ETH,83.72
2026-02-17,07:37:59,2026-02-17T07:37:59.000Z,Duelbits,0x014435b1e39945cf4f5f0c3cbb5833195a95cc9b,0.027971,ETH,78.32
2026-02-17,07:37:59,2026-02-17T07:37:59.000Z,Duelbits,0x014435b1e39945cf4f5f0c3cbb5833195a95cc9b,0.025031,ETH,70.09
2026-02-17,07:37:59,2026-02-17T07:37:59.000Z,Duelbits,0x014435b1e39945cf4f5f0c3cbb5833195a95cc9b,0.023990,ETH,67.17
2026-02-17,07:37:59,2026-02-17T07:37:59.000Z,Duelbits,0x014435b1e39945cf4f5f0c3cbb5833195a95cc9b,0.023668,ETH,66.27
2026-02-17,07:37:59,2026-02-17T07:37:59.000Z,Duelbits,0x014435b1e39945cf4f5f0c3cbb5833195a95cc9b,0.031008,ETH,86.82
2026-02-17,07:37:59,2026-02-17T07:37:59.000Z,Duelbits,0x014435b1e39945cf4f5f0c3cbb5833195a95cc9b,0.027000,ETH,75.60
2026-02-17,07:37:59,2026-02-17T07:37:59.000Z,Duelbits,0x014435b1e39945cf4f5f0c3cbb5833195a95cc9b,0.030938,ETH,86.63
2026-02-17,07:37:59,2026-02-17T07:37:59.000Z,Duelbits,0x014435b1e39945cf4f5f0c3cbb5833195a95cc9b,0.025649,ETH,71.82
2026-02-17,07:37:59,2026-02-17T07:37:59.000Z,Duelbits,0x014435b1e39945cf4f5f0c3cbb5833195a95cc9b,0.025008,ETH,70.02
2026-02-17,07:37:59,2026-02-17T07:37:59.000Z,Duelbits,0x014435b1e39945cf4f5f0c3cbb5833195a95cc9b,0.024344,ETH,68.16
2026-02-17,07:37:59,2026-02-17T07:37:59.000Z,Duelbits,0x014435b1e39945cf4f5f0c3cbb5833195a95cc9b,0.032678,ETH,91.50
2026-02-17,07:37:59,2026-02-17T07:37:59.000Z,Duelbits,0x014435b1e39945cf4f5f0c3cbb5833195a95cc9b,0.024149,ETH,67.62
2026-02-17,07:37:59,2026-02-17T07:37:59.000Z,Duelbits,0x014435b1e39945cf4f5f0c3cbb5833195a95cc9b,0.031486,ETH,88.16
2026-02-17,07:37:59,2026-02-17T07:37:59.000Z,Duelbits,0x014435b1e39945cf4f5f0c3cbb5833195a95cc9b,0.020395,ETH,57.10
2026-02-17,07:37:59,2026-02-17T07:37:59.000Z,Duelbits,0x014435b1e39945cf4f5f0c3cbb5833195a95cc9b,0.026645,ETH,74.61
2026-02-17,07:37:59,2026-02-17T07:37:59.000Z,Duelbits,0x014435b1e39945cf4f5f0c3cbb5833195a95cc9b,0.033584,ETH,94.03
2026-02-17,07:37:59,2026-02-17T07:37:59.000Z,Duelbits,0x014435b1e39945cf4f5f0c3cbb5833195a95cc9b,0.020512,ETH,57.43
2026-02-17,07:37:59,2026-02-17T07:37:59.000Z,Duelbits,0x014435b1e39945cf4f5f0c3cbb5833195a95cc9b,0.025606,ETH,71.70
2026-02-17,07:37:59,2026-02-17T07:37:59.000Z,Duelbits,0x014435b1e39945cf4f5f0c3cbb5833195a95cc9b,0.031455,ETH,88.07
2026-02-17,07:37:59,2026-02-17T07:37:59.000Z,Duelbits,0x014435b1e39945cf4f5f0c3cbb5833195a95cc9b,0.019874,ETH,55.65
2026-02-17,07:37:59,2026-02-17T07:37:59.000Z,Duelbits,0x014435b1e39945cf4f5f0c3cbb5833195a95cc9b,0.014294,ETH,40.02
2026-02-17,07:37:59,2026-02-17T07:37:59.000Z,Duelbits,0x014435b1e39945cf4f5f0c3cbb5833195a95cc9b,0.014848,ETH,41.57
2026-02-17,07:37:59,2026-02-17T07:37:59.000Z,Duelbits,0x014435b1e39945cf4f5f0c3cbb5833195a95cc9b,0.018218,ETH,51.01
2026-02-17,07:37:59,2026-02-17T07:37:59.000Z,Duelbits,0x014435b1e39945cf4f5f0c3cbb5833195a95cc9b,0.014570,ETH,40.79
2026-02-17,07:37:59,2026-02-17T07:37:59.000Z,Duelbits,0x014435b1e39945cf4f5f0c3cbb5833195a95cc9b,0.019192,ETH,53.74
2026-02-17,07:37:59,2026-02-17T07:37:59.000Z,Duelbits,0x014435b1e39945cf4f5f0c3cbb5833195a95cc9b,0.020330,ETH,56.92
2026-02-17,07:37:59,2026-02-17T07:37:59.000Z,Duelbits,0x014435b1e39945cf4f5f0c3cbb5833195a95cc9b,0.018253,ETH,51.11
2026-02-17,07:37:59,2026-02-17T07:37:59.000Z,Duelbits,0x014435b1e39945cf4f5f0c3cbb5833195a95cc9b,0.012244,ETH,34.28
2026-02-17,07:37:59,2026-02-17T07:37:59.000Z,Duelbits,0x014435b1e39945cf4f5f0c3cbb5833195a95cc9b,0.013510,ETH,37.83
2026-02-17,07:37:59,2026-02-17T07:37:59.000Z,Duelbits,0x014435b1e39945cf4f5f0c3cbb5833195a95cc9b,0.018192,ETH,50.94
2026-02-17,07:37:59,2026-02-17T07:37:59.000Z,Duelbits,0x014435b1e39945cf4f5f0c3cbb5833195a95cc9b,0.018280,ETH,51.18
2026-02-17,07:37:59,2026-02-17T07:37:59.000Z,Duelbits,0x014435b1e39945cf4f5f0c3cbb5833195a95cc9b,0.010049,ETH,28.14
2026-02-17,07:37:59,2026-02-17T07:37:59.000Z,Duelbits,0x014435b1e39945cf4f5f0c3cbb5833195a95cc9b,0.013238,ETH,37.07
2026-02-17,07:37:59,2026-02-17T07:37:59.000Z,Duelbits,0x014435b1e39945cf4f5f0c3cbb5833195a95cc9b,0.014975,ETH,41.93
2026-02-17,07:37:59,2026-02-17T07:37:59.000Z,Duelbits,0x014435b1e39945cf4f5f0c3cbb5833195a95cc9b,0.020104,ETH,56.29
2026-02-17,07:37:59,2026-02-17T07:37:59.000Z,Rainbet,0x307576dd4f73f91bb8c4a2edb762938e8e067d31,15.312592,ETH,42875.26
2026-02-17,07:38:11,2026-02-17T07:38:11.000Z,Rainbet,0x307576dd4f73f91bb8c4a2edb762938e8e067d31,0.009999,ETH,28.00
2026-02-17,07:38:11,2026-02-17T07:38:11.000Z,Rainbet,0x307576dd4f73f91bb8c4a2edb762938e8e067d31,0.009996,ETH,27.99
2026-02-17,07:38:47,2026-02-17T07:38:47.000Z,Rollbit,0xcbd6832ebc203e49e2b771897067fce3c58575ac,0.097829,ETH,273.92
2026-02-17,07:39:11,2026-02-17T07:39:11.000Z,Rainbet,0x307576dd4f73f91bb8c4a2edb762938e8e067d31,0.009996,ETH,27.99
2026-02-17,07:39:11,2026-02-17T07:39:11.000Z,Rainbet,0x307576dd4f73f91bb8c4a2edb762938e8e067d31,0.009996,ETH,27.99
2026-02-17,07:39:23,2026-02-17T07:39:23.000Z,Rainbet,0x307576dd4f73f91bb8c4a2edb762938e8e067d31,0.011099,ETH,31.08
2026-02-17,07:39:23,2026-02-17T07:39:23.000Z,Rainbet,0x307576dd4f73f91bb8c4a2edb762938e8e067d31,0.081513,ETH,228.24
2026-02-17,07:39:23,2026-02-17T07:39:23.000Z,Rainbet,0x307576dd4f73f91bb8c4a2edb762938e8e067d31,0.025368,ETH,71.03
2026-02-17,07:39:23,2026-02-17T07:39:23.000Z,Rainbet,0x307576dd4f73f91bb8c4a2edb762938e8e067d31,0.049969,ETH,139.91
2026-02-17,07:40:11,2026-02-17T07:40:11.000Z,Rainbet,0x307576dd4f73f91bb8c4a2edb762938e8e067d31,0.292198,ETH,818.15
2026-02-17,07:40:11,2026-02-17T07:40:11.000Z,Rainbet,0x307576dd4f73f91bb8c4a2edb762938e8e067d31,0.018223,ETH,51.03
2026-02-17,07:40:11,2026-02-17T07:40:11.000Z,Rainbet,0x307576dd4f73f91bb8c4a2edb762938e8e067d31,0.115628,ETH,323.76
2026-02-17,07:40:35,2026-02-17T07:40:35.000Z,Rollbit,0xcbd6832ebc203e49e2b771897067fce3c58575ac,0.019999,ETH,56.00
2026-02-17,07:41:35,2026-02-17T07:41:35.000Z,Rainbet,0x307576dd4f73f91bb8c4a2edb762938e8e067d31,0.049898,ETH,139.72
2026-02-17,07:41:35,2026-02-17T07:41:35.000Z,Rainbet,0x307576dd4f73f91bb8c4a2edb762938e8e067d31,0.339776,ETH,951.37
2026-02-17,07:42:35,2026-02-17T07:42:35.000Z,Rainbet,0x307576dd4f73f91bb8c4a2edb762938e8e067d31,0.046859,ETH,131.21
2026-02-17,07:42:35,2026-02-17T07:42:35.000Z,Rainbet,0x307576dd4f73f91bb8c4a2edb762938e8e067d31,0.040749,ETH,114.10
2026-02-17,07:42:35,2026-02-17T07:42:35.000Z,Rainbet,0x307576dd4f73f91bb8c4a2edb762938e8e067d31,0.109316,ETH,306.09
2026-02-17,07:42:47,2026-02-17T07:42:47.000Z,Stake 11,0x787b8840100d9baadd7463f4a73b5ba73b00c6ca,0.161630,ETH,452.56
2026-02-17,07:42:59,2026-02-17T07:42:59.000Z,Rainbet,0x307576dd4f73f91bb8c4a2edb762938e8e067d31,0.009996,ETH,27.99
2026-02-17,07:43:35,2026-02-17T07:43:35.000Z,Rainbet,0x307576dd4f73f91bb8c4a2edb762938e8e067d31,0.021121,ETH,59.14
2026-02-17,07:43:47,2026-02-17T07:43:47.000Z,Rainbet,0x307576dd4f73f91bb8c4a2edb762938e8e067d31,0.009996,ETH,27.99
2026-02-17,07:44:11,2026-02-17T07:44:11.000Z,Rainbet,0x307576dd4f73f91bb8c4a2edb762938e8e067d31,0.890483,ETH,2493.35
2026-02-17,07:44:35,2026-02-17T07:44:35.000Z,Rainbet,0x307576dd4f73f91bb8c4a2edb762938e8e067d31,0.019199,ETH,53.76
2026-02-17,07:44:35,2026-02-17T07:44:35.000Z,Rainbet,0x307576dd4f73f91bb8c4a2edb762938e8e067d31,0.509628,ETH,1426.96
2026-02-17,07:44:35,2026-02-17T07:44:35.000Z,Rainbet,0x307576dd4f73f91bb8c4a2edb762938e8e067d31,0.467327,ETH,1308.52
2026-02-17,07:45:23,2026-02-17T07:45:23.000Z,Rainbet,0x307576dd4f73f91bb8c4a2edb762938e8e067d31,0.008254,ETH,23.11
2026-02-17,07:45:23,2026-02-17T07:45:23.000Z,Rainbet,0x307576dd4f73f91bb8c4a2edb762938e8e067d31,0.048855,ETH,136.79
2026-02-17,07:45:23,2026-02-17T07:45:23.000Z,Rainbet,0x307576dd4f73f91bb8c4a2edb762938e8e067d31,0.017953,ETH,50.27
2026-02-17,07:45:47,2026-02-17T07:45:47.000Z,Rollbit,0xcbd6832ebc203e49e2b771897067fce3c58575ac,0.000167,ETH,0.47
2026-02-17,07:45:47,2026-02-17T07:45:47.000Z,Rainbet,0x307576dd4f73f91bb8c4a2edb762938e8e067d31,0.014929,ETH,41.80
2026-02-17,07:45:47,2026-02-17T07:45:47.000Z,Rainbet,0x307576dd4f73f91bb8c4a2edb762938e8e067d31,0.020280,ETH,56.78
2026-02-17,07:46:11,2026-02-17T07:46:11.000Z,Rainbet,0x307576dd4f73f91bb8c4a2edb762938e8e067d31,0.007573,ETH,21.20
2026-02-17,07:46:59,2026-02-17T07:46:59.000Z,Rainbet,0x307576dd4f73f91bb8c4a2edb762938e8e067d31,0.099985,ETH,279.96
2026-02-17,07:47:23,2026-02-17T07:47:23.000Z,Bitcasino,0x5bcbdfb6cc624b959c39a2d16110d1f2d9204f72,0.039984,ETH,111.96
2026-02-17,07:47:47,2026-02-17T07:47:47.000Z,Rainbet,0x307576dd4f73f91bb8c4a2edb762938e8e067d31,0.024058,ETH,67.36
2026-02-17,07:48:11,2026-02-17T07:48:11.000Z,Rainbet,0x307576dd4f73f91bb8c4a2edb762938e8e067d31,0.017247,ETH,48.29
2026-02-17,07:49:11,2026-02-17T07:49:11.000Z,Rainbet,0x307576dd4f73f91bb8c4a2edb762938e8e067d31,0.031479,ETH,88.14
2026-02-17,07:49:11,2026-02-17T07:49:11.000Z,Rainbet,0x307576dd4f73f91bb8c4a2edb762938e8e067d31,0.009998,ETH,27.99
2026-02-17,07:49:47,2026-02-17T07:49:47.000Z,Rainbet,0x307576dd4f73f91bb8c4a2edb762938e8e067d31,0.084146,ETH,235.61
2026-02-17,07:49:47,2026-02-17T07:49:47.000Z,Rainbet,0x307576dd4f73f91bb8c4a2edb762938e8e067d31,0.233264,ETH,653.14
2026-02-17,07:50:23,2026-02-17T07:50:23.000Z,Stake 11,0x787b8840100d9baadd7463f4a73b5ba73b00c6ca,0.055029,ETH,154.08
2026-02-17,07:50:23,2026-02-17T07:50:23.000Z,Stake 11,0x787b8840100d9baadd7463f4a73b5ba73b00c6ca,0.024958,ETH,69.88
2026-02-17,07:50:47,2026-02-17T07:50:47.000Z,Rainbet,0x307576dd4f73f91bb8c4a2edb762938e8e067d31,0.072535,ETH,203.10
2026-02-17,07:50:47,2026-02-17T07:50:47.000Z,Rainbet,0x307576dd4f73f91bb8c4a2edb762938e8e067d31,0.091259,ETH,255.53
2026-02-17,07:50:59,2026-02-17T07:50:59.000Z,Stake 11,0x787b8840100d9baadd7463f4a73b5ba73b00c6ca,0.001322,ETH,3.70
2026-02-17,07:50:59,2026-02-17T07:50:59.000Z,Stake 11,0x787b8840100d9baadd7463f4a73b5ba73b00c6ca,0.010908,ETH,30.54
2026-02-17,07:50:59,2026-02-17T07:50:59.000Z,Stake 11,0x787b8840100d9baadd7463f4a73b5ba73b00c6ca,0.096976,ETH,271.53
2026-02-17,07:50:59,2026-02-17T07:50:59.000Z,Stake 11,0x787b8840100d9baadd7463f4a73b5ba73b00c6ca,0.024459,ETH,68.48
2026-02-17,07:50:59,2026-02-17T07:50:59.000Z,Stake 11,0x787b8840100d9baadd7463f4a73b5ba73b00c6ca,0.004979,ETH,13.94
2026-02-17,07:50:59,2026-02-17T07:50:59.000Z,Stake 11,0x787b8840100d9baadd7463f4a73b5ba73b00c6ca,0.034507,ETH,96.62
2026-02-17,07:50:59,2026-02-17T07:50:59.000Z,Stake 11,0x787b8840100d9baadd7463f4a73b5ba73b00c6ca,0.014178,ETH,39.70
2026-02-17,07:50:59,2026-02-17T07:50:59.000Z,Rainbet,0x307576dd4f73f91bb8c4a2edb762938e8e067d31,0.034079,ETH,95.42
2026-02-17,07:51:35,2026-02-17T07:51:35.000Z,Rollbit,0xcbd6832ebc203e49e2b771897067fce3c58575ac,0.017999,ETH,50.40
2026-02-17,07:51:47,2026-02-17T07:51:47.000Z,Stake 11,0x787b8840100d9baadd7463f4a73b5ba73b00c6ca,0.137610,ETH,385.31
2026-02-17,07:51:47,2026-02-17T07:51:47.000Z,Duelbits,0x014435b1e39945cf4f5f0c3cbb5833195a95cc9b,0.000000,ETH,0.00
2026-02-17,07:51:59,2026-02-17T07:51:59.000Z,Rollbit,0xcbd6832ebc203e49e2b771897067fce3c58575ac,0.014307,ETH,40.06
2026-02-17,07:53:23,2026-02-17T07:53:23.000Z,Rollbit,0xcbd6832ebc203e49e2b771897067fce3c58575ac,0.000206,ETH,0.58
2026-02-17,07:53:59,2026-02-17T07:53:59.000Z,Rollbit,0xcbd6832ebc203e49e2b771897067fce3c58575ac,0.097519,ETH,273.05
2026-02-17,07:53:59,2026-02-17T07:53:59.000Z,Rainbet,0x307576dd4f73f91bb8c4a2edb762938e8e067d31,0.015875,ETH,44.45
2026-02-17,07:53:59,2026-02-17T07:53:59.000Z,Rainbet,0x307576dd4f73f91bb8c4a2edb762938e8e067d31,0.067799,ETH,189.84
2026-02-17,07:53:59,2026-02-17T07:53:59.000Z,Rainbet,0x307576dd4f73f91bb8c4a2edb762938e8e067d31,1.022230,ETH,2862.24
2026-02-17,07:53:59,2026-02-17T07:53:59.000Z,Rainbet,0x307576dd4f73f91bb8c4a2edb762938e8e067d31,0.288928,ETH,809.00
2026-02-17,07:54:35,2026-02-17T07:54:35.000Z,Stake 11,0x787b8840100d9baadd7463f4a73b5ba73b00c6ca,0.106207,ETH,297.38
2026-02-17,07:54:59,2026-02-17T07:54:59.000Z,Rainbet,0x307576dd4f73f91bb8c4a2edb762938e8e067d31,0.401145,ETH,1123.21
2026-02-17,07:55:23,2026-02-17T07:55:23.000Z,Rainbet,0x307576dd4f73f91bb8c4a2edb762938e8e067d31,0.016989,ETH,47.57
2026-02-17,07:55:47,2026-02-17T07:55:47.000Z,Rainbet,0x307576dd4f73f91bb8c4a2edb762938e8e067d31,0.025917,ETH,72.57
2026-02-17,07:55:59,2026-02-17T07:55:59.000Z,Stake 11,0x787b8840100d9baadd7463f4a73b5ba73b00c6ca,0.299696,ETH,839.15
2026-02-17,07:56:11,2026-02-17T07:56:11.000Z,Rainbet,0x307576dd4f73f91bb8c4a2edb762938e8e067d31,0.016423,ETH,45.98
2026-02-17,07:56:35,2026-02-17T07:56:35.000Z,Rainbet,0x307576dd4f73f91bb8c4a2edb762938e8e067d31,0.097220,ETH,272.22
2026-02-17,07:56:35,2026-02-17T07:56:35.000Z,Rainbet,0x307576dd4f73f91bb8c4a2edb762938e8e067d31,0.019902,ETH,55.73
2026-02-17,07:56:35,2026-02-17T07:56:35.000Z,Rainbet,0x307576dd4f73f91bb8c4a2edb762938e8e067d31,0.033704,ETH,94.37
2026-02-17,07:56:47,2026-02-17T07:56:47.000Z,Rainbet,0x307576dd4f73f91bb8c4a2edb762938e8e067d31,0.040459,ETH,113.29
2026-02-17,07:56:59,2026-02-17T07:56:59.000Z,Rainbet,0x307576dd4f73f91bb8c4a2edb762938e8e067d31,0.020688,ETH,57.93
2026-02-17,07:57:11,2026-02-17T07:57:11.000Z,Rollbit,0xcbd6832ebc203e49e2b771897067fce3c58575ac,0.072720,ETH,203.62
2026-02-17,07:57:11,2026-02-17T07:57:11.000Z,Rainbet,0x307576dd4f73f91bb8c4a2edb762938e8e067d31,0.025297,ETH,70.83
2026-02-17,07:57:11,2026-02-17T07:57:11.000Z,Rainbet,0x307576dd4f73f91bb8c4a2edb762938e8e067d31,0.199999,ETH,560.00
2026-02-17,07:57:11,2026-02-17T07:57:11.000Z,Rainbet,0x307576dd4f73f91bb8c4a2edb762938e8e067d31,0.033907,ETH,94.94
2026-02-17,07:57:11,2026-02-17T07:57:11.000Z,Rainbet,0x307576dd4f73f91bb8c4a2edb762938e8e067d31,0.067739,ETH,189.67
2026-02-17,07:57:35,2026-02-17T07:57:35.000Z,Rainbet,0x307576dd4f73f91bb8c4a2edb762938e8e067d31,0.010065,ETH,28.18
2026-02-17,07:57:47,2026-02-17T07:57:47.000Z,Rainbet,0x307576dd4f73f91bb8c4a2edb762938e8e067d31,0.320777,ETH,898.18
2026-02-17,07:57:47,2026-02-17T07:57:47.000Z,Rainbet,0x307576dd4f73f91bb8c4a2edb762938e8e067d31,0.050344,ETH,140.96
2026-02-17,07:58:23,2026-02-17T07:58:23.000Z,Rollbit,0xcbd6832ebc203e49e2b771897067fce3c58575ac,0.050364,ETH,141.02
2026-02-17,07:58:35,2026-02-17T07:58:35.000Z,Rollbit,0xcbd6832ebc203e49e2b771897067fce3c58575ac,0.000176,ETH,0.49
2026-02-17,07:58:35,2026-02-17T07:58:35.000Z,Rainbet,0x307576dd4f73f91bb8c4a2edb762938e8e067d31,0.021084,ETH,59.03
2026-02-17,07:58:47,2026-02-17T07:58:47.000Z,Rainbet,0x307576dd4f73f91bb8c4a2edb762938e8e067d31,0.011007,ETH,30.82
2026-02-17,07:59:59,2026-02-17T07:59:59.000Z,Rainbet,0x307576dd4f73f91bb8c4a2edb762938e8e067d31,0.018165,ETH,50.86
2026-02-17,07:59:59,2026-02-17T07:59:59.000Z,Rainbet,0x307576dd4f73f91bb8c4a2edb762938e8e067d31,0.014889,ETH,41.69
2026-02-17,07:59:59,2026-02-17T07:59:59.000Z,Rainbet,0x307576dd4f73f91bb8c4a2edb762938e8e067d31,1.115659,ETH,3123.84
2026-02-17,08:00:23,2026-02-17T08:00:23.000Z,Rainbet,0x307576dd4f73f91bb8c4a2edb762938e8e067d31,0.041678,ETH,116.70
2026-02-17,08:01:35,2026-02-17T08:01:35.000Z,Rollbit,0xcbd6832ebc203e49e2b771897067fce3c58575ac,0.023260,ETH,65.13
2026-02-17,08:02:35,2026-02-17T08:02:35.000Z,Rainbet,0x307576dd4f73f91bb8c4a2edb762938e8e067d31,0.009099,ETH,25.48
2026-02-17,08:02:47,2026-02-17T08:02:47.000Z,Rainbet,0x307576dd4f73f91bb8c4a2edb762938e8e067d31,0.060649,ETH,169.82
2026-02-17,08:02:47,2026-02-17T08:02:47.000Z,Rainbet,0x307576dd4f73f91bb8c4a2edb762938e8e067d31,0.023839,ETH,66.75
2026-02-17,08:02:47,2026-02-17T08:02:47.000Z,Rainbet,0x307576dd4f73f91bb8c4a2edb762938e8e067d31,0.050829,ETH,142.32
2026-02-17,08:03:11,2026-02-17T08:03:11.000Z,Rollbit,0xcbd6832ebc203e49e2b771897067fce3c58575ac,0.233624,ETH,654.15
2026-02-17,08:04:11,2026-02-17T08:04:11.000Z,Rainbet,0x307576dd4f73f91bb8c4a2edb762938e8e067d31,0.020222,ETH,56.62
2026-02-17,08:04:59,2026-02-17T08:04:59.000Z,Rainbet,0x307576dd4f73f91bb8c4a2edb762938e8e067d31,0.009669,ETH,27.07
2026-02-17,08:05:47,2026-02-17T08:05:47.000Z,Rainbet,0x307576dd4f73f91bb8c4a2edb762938e8e067d31,0.112109,ETH,313.90
2026-02-17,08:05:47,2026-02-17T08:05:47.000Z,Rainbet,0x307576dd4f73f91bb8c4a2edb762938e8e067d31,0.050314,ETH,140.88
2026-02-17,08:05:47,2026-02-17T08:05:47.000Z,Rainbet,0x307576dd4f73f91bb8c4a2edb762938e8e067d31,0.009989,ETH,27.97
2026-02-17,08:06:11,2026-02-17T08:06:11.000Z,Rainbet,0x307576dd4f73f91bb8c4a2edb762938e8e067d31,0.018148,ETH,50.81
2026-02-17,08:06:59,2026-02-17T08:06:59.000Z,Rainbet,0x307576dd4f73f91bb8c4a2edb762938e8e067d31,0.020287,ETH,56.80
2026-02-17,08:06:59,2026-02-17T08:06:59.000Z,Rainbet,0x307576dd4f73f91bb8c4a2edb762938e8e067d31,0.045300,ETH,126.84
2026-02-17,08:06:59,2026-02-17T08:06:59.000Z,Rainbet,0x307576dd4f73f91bb8c4a2edb762938e8e067d31,0.251737,ETH,704.86
2026-02-17,08:07:35,2026-02-17T08:07:35.000Z,Rollbit,0xcbd6832ebc203e49e2b771897067fce3c58575ac,0.009799,ETH,27.44
2026-02-17,08:07:47,2026-02-17T08:07:47.000Z,Stake 11,0x787b8840100d9baadd7463f4a73b5ba73b00c6ca,0.007797,ETH,21.83
2026-02-17,08:07:47,2026-02-17T08:07:47.000Z,Stake 11,0x787b8840100d9baadd7463f4a73b5ba73b00c6ca,0.450708,ETH,1261.98
2026-02-17,08:07:59,2026-02-17T08:07:59.000Z,Rainbet,0x307576dd4f73f91bb8c4a2edb762938e8e067d31,0.092141,ETH,257.99
2026-02-17,08:07:59,2026-02-17T08:07:59.000Z,Rainbet,0x307576dd4f73f91bb8c4a2edb762938e8e067d31,0.029043,ETH,81.32
2026-02-17,08:07:59,2026-02-17T08:07:59.000Z,Rainbet,0x307576dd4f73f91bb8c4a2edb762938e8e067d31,0.034709,ETH,97.18
2026-02-17,08:08:23,2026-02-17T08:08:23.000Z,Rainbet,0x307576dd4f73f91bb8c4a2edb762938e8e067d31,0.050214,ETH,140.60
2026-02-17,08:08:23,2026-02-17T08:08:23.000Z,Rainbet,0x307576dd4f73f91bb8c4a2edb762938e8e067d31,0.016889,ETH,47.29
2026-02-17,08:08:23,2026-02-17T08:08:23.000Z,Rainbet,0x307576dd4f73f91bb8c4a2edb762938e8e067d31,0.161779,ETH,452.98
2026-02-17,08:08:23,2026-02-17T08:08:23.000Z,Rainbet,0x307576dd4f73f91bb8c4a2edb762938e8e067d31,0.011015,ETH,30.84
2026-02-17,08:08:23,2026-02-17T08:08:23.000Z,Rainbet,0x307576dd4f73f91bb8c4a2edb762938e8e067d31,0.012061,ETH,33.77
2026-02-17,08:08:23,2026-02-17T08:08:23.000Z,Rainbet,0x307576dd4f73f91bb8c4a2edb762938e8e067d31,0.011335,ETH,31.74
2026-02-17,08:08:23,2026-02-17T08:08:23.000Z,Rainbet,0x307576dd4f73f91bb8c4a2edb762938e8e067d31,0.033898,ETH,94.92
2026-02-17,08:08:35,2026-02-17T08:08:35.000Z,Rollbit,0xcbd6832ebc203e49e2b771897067fce3c58575ac,0.000174,ETH,0.49
2026-02-17,08:08:59,2026-02-17T08:08:59.000Z,Rainbet,0x307576dd4f73f91bb8c4a2edb762938e8e067d31,0.010039,ETH,28.11
2026-02-17,08:09:35,2026-02-17T08:09:35.000Z,Rainbet,0x307576dd4f73f91bb8c4a2edb762938e8e067d31,0.020469,ETH,57.31
2026-02-17,08:09:47,2026-02-17T08:09:47.000Z,Rainbet,0x307576dd4f73f91bb8c4a2edb762938e8e067d31,0.725370,ETH,2031.04
2026-02-17,08:10:23,2026-02-17T08:10:23.000Z,Rollbit,0xcbd6832ebc203e49e2b771897067fce3c58575ac,0.393349,ETH,1101.38
2026-02-17,08:10:35,2026-02-17T08:10:35.000Z,Rainbet,0x307576dd4f73f91bb8c4a2edb762938e8e067d31,0.046048,ETH,128.93
2026-02-17,08:10:35,2026-02-17T08:10:35.000Z,Rainbet,0x307576dd4f73f91bb8c4a2edb762938e8e067d31,1.648690,ETH,4616.33
2026-02-17,08:10:35,2026-02-17T08:10:35.000Z,Rainbet,0x307576dd4f73f91bb8c4a2edb762938e8e067d31,0.064459,ETH,180.49
2026-02-17,08:11:23,2026-02-17T08:11:23.000Z,Rainbet,0x307576dd4f73f91bb8c4a2edb762938e8e067d31,0.046775,ETH,130.97
2026-02-17,08:11:23,2026-02-17T08:11:23.000Z,Rainbet,0x307576dd4f73f91bb8c4a2edb762938e8e067d31,0.190155,ETH,532.44
2026-02-17,08:11:35,2026-02-17T08:11:35.000Z,Rainbet,0x307576dd4f73f91bb8c4a2edb762938e8e067d31,0.024917,ETH,69.77
2026-02-17,08:11:47,2026-02-17T08:11:47.000Z,Rainbet,0x307576dd4f73f91bb8c4a2edb762938e8e067d31,0.027047,ETH,75.73
2026-02-17,08:12:47,2026-02-17T08:12:47.000Z,Rollbit,0xcbd6832ebc203e49e2b771897067fce3c58575ac,0.038922,ETH,108.98
2026-02-17,08:13:23,2026-02-17T08:13:23.000Z,Rollbit,0xcbd6832ebc203e49e2b771897067fce3c58575ac,0.014482,ETH,40.55
2026-02-17,08:13:47,2026-02-17T08:13:47.000Z,Rainbet,0x307576dd4f73f91bb8c4a2edb762938e8e067d31,0.033673,ETH,94.28
2026-02-17,08:13:47,2026-02-17T08:13:47.000Z,Rainbet,0x307576dd4f73f91bb8c4a2edb762938e8e067d31,0.026145,ETH,73.21
2026-02-17,08:14:35,2026-02-17T08:14:35.000Z,Rainbet,0x307576dd4f73f91bb8c4a2edb762938e8e067d31,0.020629,ETH,57.76
2026-02-17,08:14:59,2026-02-17T08:14:59.000Z,Roobet,0xc94ebb328ac25b95db0e0aa968371885fa516215,20.825918,ETH,58312.57
2026-02-17,08:14:59,2026-02-17T08:14:59.000Z,Rainbet,0x307576dd4f73f91bb8c4a2edb762938e8e067d31,0.018142,ETH,50.80
2026-02-17,08:15:35,2026-02-17T08:15:35.000Z,Rollbit,0xcbd6832ebc203e49e2b771897067fce3c58575ac,0.046701,ETH,130.76
2026-02-17,08:15:47,2026-02-17T08:15:47.000Z,Rainbet,0x307576dd4f73f91bb8c4a2edb762938e8e067d31,0.017599,ETH,49.28
2026-02-17,08:16:11,2026-02-17T08:16:11.000Z,Rainbet,0x307576dd4f73f91bb8c4a2edb762938e8e067d31,0.020277,ETH,56.78
2026-02-17,08:16:11,2026-02-17T08:16:11.000Z,Rainbet,0x307576dd4f73f91bb8c4a2edb762938e8e067d31,0.031029,ETH,86.88
2026-02-17,08:16:23,2026-02-17T08:16:23.000Z,Rainbet,0x307576dd4f73f91bb8c4a2edb762938e8e067d31,0.169307,ETH,474.06
2026-02-17,08:16:23,2026-02-17T08:16:23.000Z,Rainbet,0x307576dd4f73f91bb8c4a2edb762938e8e067d31,0.089716,ETH,251.21
2026-02-17,08:16:23,2026-02-17T08:16:23.000Z,Rainbet,0x307576dd4f73f91bb8c4a2edb762938e8e067d31,0.013080,ETH,36.62
2026-02-17,08:16:23,2026-02-17T08:16:23.000Z,Rainbet,0x307576dd4f73f91bb8c4a2edb762938e8e067d31,0.011570,ETH,32.40
2026-02-17,08:16:47,2026-02-17T08:16:47.000Z,Stake,0x974CaA59e49682CdA0AD2bbe82983419A2ECC400,0.000064,ETH,0.18
2026-02-17,08:16:47,2026-02-17T08:16:47.000Z,Stake,0x974CaA59e49682CdA0AD2bbe82983419A2ECC400,0.000071,ETH,0.20
2026-02-17,08:16:47,2026-02-17T08:16:47.000Z,Stake,0x974CaA59e49682CdA0AD2bbe82983419A2ECC400,0.000071,ETH,0.20
2026-02-17,08:16:47,2026-02-17T08:16:47.000Z,Stake,0x974CaA59e49682CdA0AD2bbe82983419A2ECC400,0.030893,ETH,86.50
2026-02-17,08:16:47,2026-02-17T08:16:47.000Z,Stake,0x974CaA59e49682CdA0AD2bbe82983419A2ECC400,0.000064,ETH,0.18
2026-02-17,08:16:47,2026-02-17T08:16:47.000Z,Stake,0x974CaA59e49682CdA0AD2bbe82983419A2ECC400,0.000077,ETH,0.21
2026-02-17,08:16:47,2026-02-17T08:16:47.000Z,Stake,0x974CaA59e49682CdA0AD2bbe82983419A2ECC400,0.000064,ETH,0.18
2026-02-17,08:16:47,2026-02-17T08:16:47.000Z,Stake,0x974CaA59e49682CdA0AD2bbe82983419A2ECC400,0.000077,ETH,0.21
2026-02-17,08:16:47,2026-02-17T08:16:47.000Z,Stake,0x974CaA59e49682CdA0AD2bbe82983419A2ECC400,0.000064,ETH,0.18
2026-02-17,08:16:47,2026-02-17T08:16:47.000Z,Stake,0x974CaA59e49682CdA0AD2bbe82983419A2ECC400,0.000064,ETH,0.18
2026-02-17,08:16:47,2026-02-17T08:16:47.000Z,Stake,0x974CaA59e49682CdA0AD2bbe82983419A2ECC400,0.000698,ETH,1.96
2026-02-17,08:16:47,2026-02-17T08:16:47.000Z,Stake,0x974CaA59e49682CdA0AD2bbe82983419A2ECC400,0.000077,ETH,0.21
2026-02-17,08:16:47,2026-02-17T08:16:47.000Z,Stake,0x974CaA59e49682CdA0AD2bbe82983419A2ECC400,0.000064,ETH,0.18
2026-02-17,08:16:47,2026-02-17T08:16:47.000Z,Stake,0x974CaA59e49682CdA0AD2bbe82983419A2ECC400,0.000064,ETH,0.18
2026-02-17,08:16:47,2026-02-17T08:16:47.000Z,Stake,0x974CaA59e49682CdA0AD2bbe82983419A2ECC400,0.113699,ETH,318.36
2026-02-17,08:16:47,2026-02-17T08:16:47.000Z,Stake,0x974CaA59e49682CdA0AD2bbe82983419A2ECC400,0.000071,ETH,0.20
2026-02-17,08:16:47,2026-02-17T08:16:47.000Z,Stake,0x974CaA59e49682CdA0AD2bbe82983419A2ECC400,0.000077,ETH,0.22
2026-02-17,08:16:47,2026-02-17T08:16:47.000Z,Stake,0x974CaA59e49682CdA0AD2bbe82983419A2ECC400,0.000064,ETH,0.18
2026-02-17,08:16:47,2026-02-17T08:16:47.000Z,Stake,0x974CaA59e49682CdA0AD2bbe82983419A2ECC400,0.000077,ETH,0.22
2026-02-17,08:16:47,2026-02-17T08:16:47.000Z,Stake,0x974CaA59e49682CdA0AD2bbe82983419A2ECC400,0.000064,ETH,0.18
2026-02-17,08:16:47,2026-02-17T08:16:47.000Z,Stake,0x974CaA59e49682CdA0AD2bbe82983419A2ECC400,0.000077,ETH,0.21
2026-02-17,08:16:47,2026-02-17T08:16:47.000Z,Stake,0x974CaA59e49682CdA0AD2bbe82983419A2ECC400,0.000077,ETH,0.22
2026-02-17,08:16:47,2026-02-17T08:16:47.000Z,Stake,0x974CaA59e49682CdA0AD2bbe82983419A2ECC400,0.000064,ETH,0.18
2026-02-17,08:16:47,2026-02-17T08:16:47.000Z,Stake,0x974CaA59e49682CdA0AD2bbe82983419A2ECC400,0.000075,ETH,0.21
2026-02-17,08:16:47,2026-02-17T08:16:47.000Z,Stake,0x974CaA59e49682CdA0AD2bbe82983419A2ECC400,0.000075,ETH,0.21
2026-02-17,08:16:47,2026-02-17T08:16:47.000Z,Stake,0x974CaA59e49682CdA0AD2bbe82983419A2ECC400,0.000075,ETH,0.21
2026-02-17,08:16:47,2026-02-17T08:16:47.000Z,Stake,0x974CaA59e49682CdA0AD2bbe82983419A2ECC400,0.000075,ETH,0.21
2026-02-17,08:16:47,2026-02-17T08:16:47.000Z,Stake,0x974CaA59e49682CdA0AD2bbe82983419A2ECC400,0.000075,ETH,0.21
2026-02-17,08:16:47,2026-02-17T08:16:47.000Z,Stake,0x974CaA59e49682CdA0AD2bbe82983419A2ECC400,0.000075,ETH,0.21
2026-02-17,08:16:47,2026-02-17T08:16:47.000Z,Stake,0x974CaA59e49682CdA0AD2bbe82983419A2ECC400,0.000075,ETH,0.21
2026-02-17,08:16:47,2026-02-17T08:16:47.000Z,Stake,0x974CaA59e49682CdA0AD2bbe82983419A2ECC400,0.000075,ETH,0.21
2026-02-17,08:16:47,2026-02-17T08:16:47.000Z,Stake,0x974CaA59e49682CdA0AD2bbe82983419A2ECC400,0.000064,ETH,0.18
2026-02-17,08:16:47,2026-02-17T08:16:47.000Z,Stake,0x974CaA59e49682CdA0AD2bbe82983419A2ECC400,0.000064,ETH,0.18
2026-02-17,08:16:47,2026-02-17T08:16:47.000Z,Stake,0x974CaA59e49682CdA0AD2bbe82983419A2ECC400,0.000075,ETH,0.21
2026-02-17,08:16:47,2026-02-17T08:16:47.000Z,Stake,0x974CaA59e49682CdA0AD2bbe82983419A2ECC400,0.000144,ETH,0.40
2026-02-17,08:16:47,2026-02-17T08:16:47.000Z,Stake,0x974CaA59e49682CdA0AD2bbe82983419A2ECC400,0.000075,ETH,0.21
2026-02-17,08:16:47,2026-02-17T08:16:47.000Z,Stake,0x974CaA59e49682CdA0AD2bbe82983419A2ECC400,0.000075,ETH,0.21
2026-02-17,08:16:47,2026-02-17T08:16:47.000Z,Stake,0x974CaA59e49682CdA0AD2bbe82983419A2ECC400,0.000075,ETH,0.21
2026-02-17,08:16:47,2026-02-17T08:16:47.000Z,Stake,0x974CaA59e49682CdA0AD2bbe82983419A2ECC400,0.000075,ETH,0.21
2026-02-17,08:16:47,2026-02-17T08:16:47.000Z,Stake,0x974CaA59e49682CdA0AD2bbe82983419A2ECC400,0.000075,ETH,0.21
2026-02-17,08:16:47,2026-02-17T08:16:47.000Z,Stake,0x974CaA59e49682CdA0AD2bbe82983419A2ECC400,0.000064,ETH,0.18
2026-02-17,08:16:47,2026-02-17T08:16:47.000Z,Stake,0x974CaA59e49682CdA0AD2bbe82983419A2ECC400,0.000064,ETH,0.18
2026-02-17,08:16:47,2026-02-17T08:16:47.000Z,Stake,0x974CaA59e49682CdA0AD2bbe82983419A2ECC400,0.000064,ETH,0.18
2026-02-17,08:16:47,2026-02-17T08:16:47.000Z,Stake,0x974CaA59e49682CdA0AD2bbe82983419A2ECC400,0.000075,ETH,0.21
2026-02-17,08:16:47,2026-02-17T08:16:47.000Z,Stake,0x974CaA59e49682CdA0AD2bbe82983419A2ECC400,0.054289,ETH,152.01
2026-02-17,08:16:47,2026-02-17T08:16:47.000Z,Stake,0x974CaA59e49682CdA0AD2bbe82983419A2ECC400,0.000064,ETH,0.18
2026-02-17,08:16:47,2026-02-17T08:16:47.000Z,Stake,0x974CaA59e49682CdA0AD2bbe82983419A2ECC400,0.000075,ETH,0.21
2026-02-17,08:16:47,2026-02-17T08:16:47.000Z,Stake,0x974CaA59e49682CdA0AD2bbe82983419A2ECC400,0.000064,ETH,0.18
2026-02-17,08:16:47,2026-02-17T08:16:47.000Z,Stake,0x974CaA59e49682CdA0AD2bbe82983419A2ECC400,0.000064,ETH,0.18
2026-02-17,08:16:47,2026-02-17T08:16:47.000Z,Stake,0x974CaA59e49682CdA0AD2bbe82983419A2ECC400,0.000075,ETH,0.21
2026-02-17,08:16:47,2026-02-17T08:16:47.000Z,Stake,0x974CaA59e49682CdA0AD2bbe82983419A2ECC400,0.000075,ETH,0.21
2026-02-17,08:16:47,2026-02-17T08:16:47.000Z,Stake,0x974CaA59e49682CdA0AD2bbe82983419A2ECC400,0.000064,ETH,0.18
2026-02-17,08:16:47,2026-02-17T08:16:47.000Z,Stake,0x974CaA59e49682CdA0AD2bbe82983419A2ECC400,0.000064,ETH,0.18
2026-02-17,08:16:47,2026-02-17T08:16:47.000Z,Stake,0x974CaA59e49682CdA0AD2bbe82983419A2ECC400,0.000064,ETH,0.18
2026-02-17,08:16:47,2026-02-17T08:16:47.000Z,Stake,0x974CaA59e49682CdA0AD2bbe82983419A2ECC400,0.000075,ETH,0.21
2026-02-17,08:16:47,2026-02-17T08:16:47.000Z,Stake,0x974CaA59e49682CdA0AD2bbe82983419A2ECC400,0.000064,ETH,0.18
2026-02-17,08:16:47,2026-02-17T08:16:47.000Z,Stake,0x974CaA59e49682CdA0AD2bbe82983419A2ECC400,0.000064,ETH,0.18
2026-02-17,08:16:47,2026-02-17T08:16:47.000Z,Stake,0x974CaA59e49682CdA0AD2bbe82983419A2ECC400,0.000075,ETH,0.21
2026-02-17,08:16:47,2026-02-17T08:16:47.000Z,Stake,0x974CaA59e49682CdA0AD2bbe82983419A2ECC400,0.000064,ETH,0.18
2026-02-17,08:16:47,2026-02-17T08:16:47.000Z,Stake,0x974CaA59e49682CdA0AD2bbe82983419A2ECC400,0.000075,ETH,0.21
2026-02-17,08:16:47,2026-02-17T08:16:47.000Z,Stake,0x974CaA59e49682CdA0AD2bbe82983419A2ECC400,0.000064,ETH,0.18
2026-02-17,08:16:47,2026-02-17T08:16:47.000Z,Stake,0x974CaA59e49682CdA0AD2bbe82983419A2ECC400,0.000064,ETH,0.18
2026-02-17,08:16:47,2026-02-17T08:16:47.000Z,Stake,0x974CaA59e49682CdA0AD2bbe82983419A2ECC400,0.000075,ETH,0.21
2026-02-17,08:16:47,2026-02-17T08:16:47.000Z,Stake,0x974CaA59e49682CdA0AD2bbe82983419A2ECC400,0.000075,ETH,0.21
2026-02-17,08:16:47,2026-02-17T08:16:47.000Z,Stake,0x974CaA59e49682CdA0AD2bbe82983419A2ECC400,0.000064,ETH,0.18
2026-02-17,08:16:59,2026-02-17T08:16:59.000Z,Rollbit,0xcbd6832ebc203e49e2b771897067fce3c58575ac,0.014214,ETH,39.80
2026-02-17,08:17:59,2026-02-17T08:17:59.000Z,Stake,0x974CaA59e49682CdA0AD2bbe82983419A2ECC400,0.027833,ETH,77.93
2026-02-17,08:17:59,2026-02-17T08:17:59.000Z,Stake,0x974CaA59e49682CdA0AD2bbe82983419A2ECC400,0.011401,ETH,31.92
2026-02-17,08:18:11,2026-02-17T08:18:11.000Z,Stake,0x974CaA59e49682CdA0AD2bbe82983419A2ECC400,0.000073,ETH,0.21
2026-02-17,08:18:11,2026-02-17T08:18:11.000Z,Stake,0x974CaA59e49682CdA0AD2bbe82983419A2ECC400,1.030914,ETH,2886.56
2026-02-17,08:18:11,2026-02-17T08:18:11.000Z,Stake,0x974CaA59e49682CdA0AD2bbe82983419A2ECC400,0.004772,ETH,13.36
2026-02-17,08:18:11,2026-02-17T08:18:11.000Z,Rainbet,0x307576dd4f73f91bb8c4a2edb762938e8e067d31,0.073591,ETH,206.06
2026-02-17,08:18:11,2026-02-17T08:18:11.000Z,Rainbet,0x307576dd4f73f91bb8c4a2edb762938e8e067d31,0.016817,ETH,47.09
2026-02-17,08:18:35,2026-02-17T08:18:35.000Z,Rainbet,0x307576dd4f73f91bb8c4a2edb762938e8e067d31,0.023817,ETH,66.69
2026-02-17,08:18:59,2026-02-17T08:18:59.000Z,Rainbet,0x307576dd4f73f91bb8c4a2edb762938e8e067d31,0.033924,ETH,94.99
2026-02-17,08:19:47,2026-02-17T08:19:47.000Z,Rainbet,0x307576dd4f73f91bb8c4a2edb762938e8e067d31,3.696706,ETH,10350.78
2026-02-17,08:19:47,2026-02-17T08:19:47.000Z,Rainbet,0x307576dd4f73f91bb8c4a2edb762938e8e067d31,0.054199,ETH,151.76
2026-02-17,08:19:59,2026-02-17T08:19:59.000Z,Rainbet,0x307576dd4f73f91bb8c4a2edb762938e8e067d31,0.020622,ETH,57.74
2026-02-17,08:20:11,2026-02-17T08:20:11.000Z,Stake,0x974CaA59e49682CdA0AD2bbe82983419A2ECC400,0.026842,ETH,75.16
2026-02-17,08:20:11,2026-02-17T08:20:11.000Z,Stake,0x974CaA59e49682CdA0AD2bbe82983419A2ECC400,0.011143,ETH,31.20
2026-02-17,08:20:11,2026-02-17T08:20:11.000Z,Stake,0x974CaA59e49682CdA0AD2bbe82983419A2ECC400,2.659457,ETH,7446.48
2026-02-17,08:20:11,2026-02-17T08:20:11.000Z,Stake,0x974CaA59e49682CdA0AD2bbe82983419A2ECC400,10.256181,ETH,28717.31
2026-02-17,08:20:11,2026-02-17T08:20:11.000Z,Stake,0x974CaA59e49682CdA0AD2bbe82983419A2ECC400,0.005081,ETH,14.23
2026-02-17,08:20:11,2026-02-17T08:20:11.000Z,Stake,0x974CaA59e49682CdA0AD2bbe82983419A2ECC400,0.041637,ETH,116.58
2026-02-17,08:20:11,2026-02-17T08:20:11.000Z,Stake,0x974CaA59e49682CdA0AD2bbe82983419A2ECC400,0.003027,ETH,8.48
2026-02-17,08:20:11,2026-02-17T08:20:11.000Z,Stake,0x974CaA59e49682CdA0AD2bbe82983419A2ECC400,0.010029,ETH,28.08
2026-02-17,08:20:11,2026-02-17T08:20:11.000Z,Stake,0x974CaA59e49682CdA0AD2bbe82983419A2ECC400,0.007964,ETH,22.30
2026-02-17,08:20:11,2026-02-17T08:20:11.000Z,Stake,0x974CaA59e49682CdA0AD2bbe82983419A2ECC400,0.001922,ETH,5.38
2026-02-17,08:20:23,2026-02-17T08:20:23.000Z,Rollbit,0xcbd6832ebc203e49e2b771897067fce3c58575ac,0.047731,ETH,133.65
2026-02-17,08:20:35,2026-02-17T08:20:35.000Z,Stake,0x974CaA59e49682CdA0AD2bbe82983419A2ECC400,0.000099,ETH,0.28
2026-02-17,08:20:35,2026-02-17T08:20:35.000Z,Stake,0x974CaA59e49682CdA0AD2bbe82983419A2ECC400,0.000134,ETH,0.38
2026-02-17,08:20:35,2026-02-17T08:20:35.000Z,Stake,0x974CaA59e49682CdA0AD2bbe82983419A2ECC400,0.047421,ETH,132.78
2026-02-17,08:20:35,2026-02-17T08:20:35.000Z,Stake,0x974CaA59e49682CdA0AD2bbe82983419A2ECC400,0.029617,ETH,82.93
2026-02-17,08:20:35,2026-02-17T08:20:35.000Z,Stake,0x974CaA59e49682CdA0AD2bbe82983419A2ECC400,0.296929,ETH,831.40
2026-02-17,08:20:35,2026-02-17T08:20:35.000Z,Stake,0x974CaA59e49682CdA0AD2bbe82983419A2ECC400,0.029991,ETH,83.97
2026-02-17,08:20:35,2026-02-17T08:20:35.000Z,Stake,0x974CaA59e49682CdA0AD2bbe82983419A2ECC400,0.015951,ETH,44.66
2026-02-17,08:20:35,2026-02-17T08:20:35.000Z,Stake,0x974CaA59e49682CdA0AD2bbe82983419A2ECC400,0.008800,ETH,24.64
2026-02-17,08:20:35,2026-02-17T08:20:35.000Z,Stake,0x974CaA59e49682CdA0AD2bbe82983419A2ECC400,0.004994,ETH,13.98
2026-02-17,08:20:35,2026-02-17T08:20:35.000Z,Stake,0x974CaA59e49682CdA0AD2bbe82983419A2ECC400,0.007971,ETH,22.32
2026-02-17,08:20:35,2026-02-17T08:20:35.000Z,Stake,0x974CaA59e49682CdA0AD2bbe82983419A2ECC400,0.030047,ETH,84.13
2026-02-17,08:20:35,2026-02-17T08:20:35.000Z,Stake,0x974CaA59e49682CdA0AD2bbe82983419A2ECC400,0.054056,ETH,151.36
2026-02-17,08:20:35,2026-02-17T08:20:35.000Z,Stake,0x974CaA59e49682CdA0AD2bbe82983419A2ECC400,0.023862,ETH,66.81
2026-02-17,08:20:35,2026-02-17T08:20:35.000Z,Stake,0x974CaA59e49682CdA0AD2bbe82983419A2ECC400,0.030278,ETH,84.78
2026-02-17,08:20:35,2026-02-17T08:20:35.000Z,Stake,0x974CaA59e49682CdA0AD2bbe82983419A2ECC400,0.038012,ETH,106.43
2026-02-17,08:20:35,2026-02-17T08:20:35.000Z,Stake,0x974CaA59e49682CdA0AD2bbe82983419A2ECC400,0.009999,ETH,28.00
2026-02-17,08:20:35,2026-02-17T08:20:35.000Z,Stake,0x974CaA59e49682CdA0AD2bbe82983419A2ECC400,0.008494,ETH,23.78
2026-02-17,08:20:35,2026-02-17T08:20:35.000Z,Stake,0x974CaA59e49682CdA0AD2bbe82983419A2ECC400,0.000099,ETH,0.28
2026-02-17,08:20:35,2026-02-17T08:20:35.000Z,Stake,0x974CaA59e49682CdA0AD2bbe82983419A2ECC400,0.056499,ETH,158.20
2026-02-17,08:20:35,2026-02-17T08:20:35.000Z,Stake,0x974CaA59e49682CdA0AD2bbe82983419A2ECC400,0.060284,ETH,168.79
2026-02-17,08:20:35,2026-02-17T08:20:35.000Z,Stake,0x974CaA59e49682CdA0AD2bbe82983419A2ECC400,0.000099,ETH,0.28
2026-02-17,08:20:35,2026-02-17T08:20:35.000Z,Stake,0x974CaA59e49682CdA0AD2bbe82983419A2ECC400,0.000131,ETH,0.37
2026-02-17,08:20:35,2026-02-17T08:20:35.000Z,Stake,0x974CaA59e49682CdA0AD2bbe82983419A2ECC400,0.184401,ETH,516.32
2026-02-17,08:20:35,2026-02-17T08:20:35.000Z,Stake,0x974CaA59e49682CdA0AD2bbe82983419A2ECC400,0.000406,ETH,1.14
2026-02-17,08:20:35,2026-02-17T08:20:35.000Z,Stake,0x974CaA59e49682CdA0AD2bbe82983419A2ECC400,0.010636,ETH,29.78
2026-02-17,08:20:35,2026-02-17T08:20:35.000Z,Stake,0x974CaA59e49682CdA0AD2bbe82983419A2ECC400,0.078499,ETH,219.80
2026-02-17,08:20:35,2026-02-17T08:20:35.000Z,Stake,0x974CaA59e49682CdA0AD2bbe82983419A2ECC400,0.016715,ETH,46.80
2026-02-17,08:20:35,2026-02-17T08:20:35.000Z,Stake,0x974CaA59e49682CdA0AD2bbe82983419A2ECC400,0.000099,ETH,0.28
2026-02-17,08:20:35,2026-02-17T08:20:35.000Z,Stake,0x974CaA59e49682CdA0AD2bbe82983419A2ECC400,0.042558,ETH,119.16
2026-02-17,08:20:35,2026-02-17T08:20:35.000Z,Stake,0x974CaA59e49682CdA0AD2bbe82983419A2ECC400,0.011918,ETH,33.37
2026-02-17,08:20:35,2026-02-17T08:20:35.000Z,Stake,0x974CaA59e49682CdA0AD2bbe82983419A2ECC400,0.050601,ETH,141.68
2026-02-17,08:20:35,2026-02-17T08:20:35.000Z,Stake,0x974CaA59e49682CdA0AD2bbe82983419A2ECC400,0.005940,ETH,16.63
2026-02-17,08:20:35,2026-02-17T08:20:35.000Z,Stake,0x974CaA59e49682CdA0AD2bbe82983419A2ECC400,0.000131,ETH,0.37
2026-02-17,08:20:47,2026-02-17T08:20:47.000Z,Rainbet,0x307576dd4f73f91bb8c4a2edb762938e8e067d31,0.010970,ETH,30.72
2026-02-17,08:20:59,2026-02-17T08:20:59.000Z,Rollbit,0xcbd6832ebc203e49e2b771897067fce3c58575ac,0.016363,ETH,45.82
2026-02-17,08:21:11,2026-02-17T08:21:11.000Z,Bitcasino,0x5bcbdfb6cc624b959c39a2d16110d1f2d9204f72,0.169149,ETH,473.62
2026-02-17,08:21:23,2026-02-17T08:21:23.000Z,Stake,0x974CaA59e49682CdA0AD2bbe82983419A2ECC400,0.968157,ETH,2710.84
2026-02-17,08:21:23,2026-02-17T08:21:23.000Z,Stake,0x974CaA59e49682CdA0AD2bbe82983419A2ECC400,0.455802,ETH,1276.25
2026-02-17,08:21:23,2026-02-17T08:21:23.000Z,Stake,0x974CaA59e49682CdA0AD2bbe82983419A2ECC400,0.107861,ETH,302.01
2026-02-17,08:21:23,2026-02-17T08:21:23.000Z,Stake,0x974CaA59e49682CdA0AD2bbe82983419A2ECC400,0.000099,ETH,0.28
2026-02-17,08:21:23,2026-02-17T08:21:23.000Z,Stake,0x974CaA59e49682CdA0AD2bbe82983419A2ECC400,0.000108,ETH,0.30
2026-02-17,08:21:23,2026-02-17T08:21:23.000Z,Stake,0x974CaA59e49682CdA0AD2bbe82983419A2ECC400,0.702690,ETH,1967.53
2026-02-17,08:21:23,2026-02-17T08:21:23.000Z,Stake,0x974CaA59e49682CdA0AD2bbe82983419A2ECC400,0.239999,ETH,672.00
2026-02-17,08:21:23,2026-02-17T08:21:23.000Z,Stake,0x974CaA59e49682CdA0AD2bbe82983419A2ECC400,0.012004,ETH,33.61
2026-02-17,08:21:23,2026-02-17T08:21:23.000Z,Stake,0x974CaA59e49682CdA0AD2bbe82983419A2ECC400,0.011638,ETH,32.59
2026-02-17,08:21:23,2026-02-17T08:21:23.000Z,Stake,0x974CaA59e49682CdA0AD2bbe82983419A2ECC400,0.001419,ETH,3.97
2026-02-17,08:21:23,2026-02-17T08:21:23.000Z,Stake,0x974CaA59e49682CdA0AD2bbe82983419A2ECC400,0.047240,ETH,132.27
2026-02-17,08:21:23,2026-02-17T08:21:23.000Z,Stake,0x974CaA59e49682CdA0AD2bbe82983419A2ECC400,0.050626,ETH,141.75
2026-02-17,08:21:23,2026-02-17T08:21:23.000Z,Stake,0x974CaA59e49682CdA0AD2bbe82983419A2ECC400,0.006005,ETH,16.81
2026-02-17,08:21:23,2026-02-17T08:21:23.000Z,Stake,0x974CaA59e49682CdA0AD2bbe82983419A2ECC400,0.040498,ETH,113.39
2026-02-17,08:21:23,2026-02-17T08:21:23.000Z,Stake,0x974CaA59e49682CdA0AD2bbe82983419A2ECC400,2.999999,ETH,8400.00
2026-02-17,08:21:23,2026-02-17T08:21:23.000Z,Stake,0x974CaA59e49682CdA0AD2bbe82983419A2ECC400,0.077899,ETH,218.12
2026-02-17,08:21:23,2026-02-17T08:21:23.000Z,Stake,0x974CaA59e49682CdA0AD2bbe82983419A2ECC400,0.044699,ETH,125.16
2026-02-17,08:21:23,2026-02-17T08:21:23.000Z,Stake,0x974CaA59e49682CdA0AD2bbe82983419A2ECC400,0.009499,ETH,26.60
2026-02-17,08:21:23,2026-02-17T08:21:23.000Z,Stake,0x974CaA59e49682CdA0AD2bbe82983419A2ECC400,0.000113,ETH,0.32
2026-02-17,08:21:23,2026-02-17T08:21:23.000Z,Stake,0x974CaA59e49682CdA0AD2bbe82983419A2ECC400,0.059999,ETH,168.00
2026-02-17,08:21:23,2026-02-17T08:21:23.000Z,Stake,0x974CaA59e49682CdA0AD2bbe82983419A2ECC400,0.010701,ETH,29.96
2026-02-17,08:21:23,2026-02-17T08:21:23.000Z,Stake,0x974CaA59e49682CdA0AD2bbe82983419A2ECC400,0.116357,ETH,325.80
2026-02-17,08:21:35,2026-02-17T08:21:35.000Z,Rainbet,0x307576dd4f73f91bb8c4a2edb762938e8e067d31,0.012297,ETH,34.43
2026-02-17,08:21:59,2026-02-17T08:21:59.000Z,Stake 11,0x787b8840100d9baadd7463f4a73b5ba73b00c6ca,0.080369,ETH,225.03
2026-02-17,08:21:59,2026-02-17T08:21:59.000Z,Bitcasino,0x5bcbdfb6cc624b959c39a2d16110d1f2d9204f72,0.039694,ETH,111.14
2026-02-17,08:22:11,2026-02-17T08:22:11.000Z,Rainbet,0x307576dd4f73f91bb8c4a2edb762938e8e067d31,0.054806,ETH,153.46
2026-02-17,08:22:11,2026-02-17T08:22:11.000Z,Rainbet,0x307576dd4f73f91bb8c4a2edb762938e8e067d31,0.132352,ETH,370.59
2026-02-17,08:22:35,2026-02-17T08:22:35.000Z,Rainbet,0x307576dd4f73f91bb8c4a2edb762938e8e067d31,7.393414,ETH,20701.56
2026-02-17,08:22:47,2026-02-17T08:22:47.000Z,Rainbet,0x307576dd4f73f91bb8c4a2edb762938e8e067d31,0.037293,ETH,104.42
2026-02-17,08:22:47,2026-02-17T08:22:47.000Z,Rainbet,0x307576dd4f73f91bb8c4a2edb762938e8e067d31,0.231672,ETH,648.68
2026-02-17,08:23:35,2026-02-17T08:23:35.000Z,Rainbet,0x307576dd4f73f91bb8c4a2edb762938e8e067d31,0.048799,ETH,136.64
2026-02-17,08:23:35,2026-02-17T08:23:35.000Z,Rainbet,0x307576dd4f73f91bb8c4a2edb762938e8e067d31,0.012499,ETH,35.00
2026-02-17,08:23:47,2026-02-17T08:23:47.000Z,Rollbit,0xcbd6832ebc203e49e2b771897067fce3c58575ac,0.014359,ETH,40.20
2026-02-17,08:23:59,2026-02-17T08:23:59.000Z,Stake,0x974CaA59e49682CdA0AD2bbe82983419A2ECC400,0.015560,ETH,43.57
2026-02-17,08:23:59,2026-02-17T08:23:59.000Z,Stake,0x974CaA59e49682CdA0AD2bbe82983419A2ECC400,5.618504,ETH,15731.81
2026-02-17,08:23:59,2026-02-17T08:23:59.000Z,Stake,0x974CaA59e49682CdA0AD2bbe82983419A2ECC400,0.203999,ETH,571.20
2026-02-17,08:23:59,2026-02-17T08:23:59.000Z,Bitcasino,0x5bcbdfb6cc624b959c39a2d16110d1f2d9204f72,0.031484,ETH,88.16
2026-02-17,08:24:47,2026-02-17T08:24:47.000Z,Roobet,0xc94ebb328ac25b95db0e0aa968371885fa516215,0.000001,ETH,0.00
2026-02-17,08:25:23,2026-02-17T08:25:23.000Z,Rollbit,0xcbd6832ebc203e49e2b771897067fce3c58575ac,0.014999,ETH,42.00
2026-02-17,08:25:23,2026-02-17T08:25:23.000Z,Rainbet,0x307576dd4f73f91bb8c4a2edb762938e8e067d31,0.017680,ETH,49.50
2026-02-17,08:25:59,2026-02-17T08:25:59.000Z,Bitcasino,0x5bcbdfb6cc624b959c39a2d16110d1f2d9204f72,0.113499,ETH,317.80
2026-02-17,08:26:11,2026-02-17T08:26:11.000Z,Stake 11,0x787b8840100d9baadd7463f4a73b5ba73b00c6ca,0.099859,ETH,279.61
2026-02-17,08:26:11,2026-02-17T08:26:11.000Z,Stake 11,0x787b8840100d9baadd7463f4a73b5ba73b00c6ca,0.010002,ETH,28.00
2026-02-17,08:26:23,2026-02-17T08:26:23.000Z,Rainbet,0x307576dd4f73f91bb8c4a2edb762938e8e067d31,0.014239,ETH,39.87
2026-02-17,08:26:23,2026-02-17T08:26:23.000Z,Rainbet,0x307576dd4f73f91bb8c4a2edb762938e8e067d31,0.037810,ETH,105.87
2026-02-17,08:26:23,2026-02-17T08:26:23.000Z,Rainbet,0x307576dd4f73f91bb8c4a2edb762938e8e067d31,0.007599,ETH,21.28
2026-02-17,08:26:23,2026-02-17T08:26:23.000Z,Rainbet,0x307576dd4f73f91bb8c4a2edb762938e8e067d31,4.805719,ETH,13456.01
2026-02-17,08:26:35,2026-02-17T08:26:35.000Z,Stake 11,0x787b8840100d9baadd7463f4a73b5ba73b00c6ca,0.029274,ETH,81.97
2026-02-17,08:26:47,2026-02-17T08:26:47.000Z,Rainbet,0x307576dd4f73f91bb8c4a2edb762938e8e067d31,0.057277,ETH,160.38
2026-02-17,08:26:59,2026-02-17T08:26:59.000Z,Rollbit,0xcbd6832ebc203e49e2b771897067fce3c58575ac,0.381668,ETH,1068.67
2026-02-17,08:26:59,2026-02-17T08:26:59.000Z,Rainbet,0x307576dd4f73f91bb8c4a2edb762938e8e067d31,0.012809,ETH,35.87
2026-02-17,08:27:11,2026-02-17T08:27:11.000Z,Rainbet,0x307576dd4f73f91bb8c4a2edb762938e8e067d31,0.209457,ETH,586.48
2026-02-17,08:27:47,2026-02-17T08:27:47.000Z,Rainbet,0x307576dd4f73f91bb8c4a2edb762938e8e067d31,0.036376,ETH,101.85
2026-02-17,08:27:47,2026-02-17T08:27:47.000Z,Rainbet,0x307576dd4f73f91bb8c4a2edb762938e8e067d31,0.020327,ETH,56.92
2026-02-17,08:27:47,2026-02-17T08:27:47.000Z,Rainbet,0x307576dd4f73f91bb8c4a2edb762938e8e067d31,0.209457,ETH,586.48
2026-02-17,08:28:23,2026-02-17T08:28:23.000Z,Rainbet,0x307576dd4f73f91bb8c4a2edb762938e8e067d31,0.007999,ETH,22.40
2026-02-17,08:28:35,2026-02-17T08:28:35.000Z,Stake 11,0x787b8840100d9baadd7463f4a73b5ba73b00c6ca,0.023809,ETH,66.67
2026-02-17,08:28:35,2026-02-17T08:28:35.000Z,Stake 11,0x787b8840100d9baadd7463f4a73b5ba73b00c6ca,0.215132,ETH,602.37
2026-02-17,08:28:35,2026-02-17T08:28:35.000Z,Stake 11,0x787b8840100d9baadd7463f4a73b5ba73b00c6ca,0.102008,ETH,285.62
2026-02-17,08:28:35,2026-02-17T08:28:35.000Z,Stake 11,0x787b8840100d9baadd7463f4a73b5ba73b00c6ca,0.007514,ETH,21.04
2026-02-17,08:28:47,2026-02-17T08:28:47.000Z,Rollbit,0xcbd6832ebc203e49e2b771897067fce3c58575ac,0.050417,ETH,141.17
2026-02-17,08:29:11,2026-02-17T08:29:11.000Z,Roobet,0xc94ebb328ac25b95db0e0aa968371885fa516215,0.000000,ETH,0.00
2026-02-17,08:30:11,2026-02-17T08:30:11.000Z,Rainbet,0x307576dd4f73f91bb8c4a2edb762938e8e067d31,0.049735,ETH,139.26
2026-02-17,08:30:23,2026-02-17T08:30:23.000Z,Rollbit,0xcbd6832ebc203e49e2b771897067fce3c58575ac,0.000207,ETH,0.58
2026-02-17,08:30:47,2026-02-17T08:30:47.000Z,Rainbet,0x307576dd4f73f91bb8c4a2edb762938e8e067d31,0.052906,ETH,148.14
2026-02-17,08:30:59,2026-02-17T08:30:59.000Z,Rainbet,0x307576dd4f73f91bb8c4a2edb762938e8e067d31,0.000000,ETH,0.00
2026-02-17,08:31:35,2026-02-17T08:31:35.000Z,Rainbet,0x307576dd4f73f91bb8c4a2edb762938e8e067d31,0.796349,ETH,2229.78
2026-02-17,08:31:35,2026-02-17T08:31:35.000Z,Rainbet,0x307576dd4f73f91bb8c4a2edb762938e8e067d31,0.018479,ETH,51.74
2026-02-17,08:31:47,2026-02-17T08:31:47.000Z,Rainbet,0x307576dd4f73f91bb8c4a2edb762938e8e067d31,0.035348,ETH,98.97
2026-02-17,08:31:59,2026-02-17T08:31:59.000Z,Stake,0x974CaA59e49682CdA0AD2bbe82983419A2ECC400,0.000196,ETH,0.55
2026-02-17,08:31:59,2026-02-17T08:31:59.000Z,Stake,0x974CaA59e49682CdA0AD2bbe82983419A2ECC400,0.000196,ETH,0.55
2026-02-17,08:31:59,2026-02-17T08:31:59.000Z,Stake,0x974CaA59e49682CdA0AD2bbe82983419A2ECC400,0.000196,ETH,0.55
2026-02-17,08:31:59,2026-02-17T08:31:59.000Z,Stake,0x974CaA59e49682CdA0AD2bbe82983419A2ECC400,0.000196,ETH,0.55
2026-02-17,08:31:59,2026-02-17T08:31:59.000Z,Stake,0x974CaA59e49682CdA0AD2bbe82983419A2ECC400,0.000196,ETH,0.55
2026-02-17,08:31:59,2026-02-17T08:31:59.000Z,Stake,0x974CaA59e49682CdA0AD2bbe82983419A2ECC400,0.000196,ETH,0.55
2026-02-17,08:31:59,2026-02-17T08:31:59.000Z,Stake,0x974CaA59e49682CdA0AD2bbe82983419A2ECC400,0.000196,ETH,0.55
2026-02-17,08:31:59,2026-02-17T08:31:59.000Z,Stake,0x974CaA59e49682CdA0AD2bbe82983419A2ECC400,0.000206,ETH,0.58
2026-02-17,08:31:59,2026-02-17T08:31:59.000Z,Stake,0x974CaA59e49682CdA0AD2bbe82983419A2ECC400,0.000206,ETH,0.58
2026-02-17,08:31:59,2026-02-17T08:31:59.000Z,Stake,0x974CaA59e49682CdA0AD2bbe82983419A2ECC400,0.000206,ETH,0.58
2026-02-17,08:31:59,2026-02-17T08:31:59.000Z,Stake,0x974CaA59e49682CdA0AD2bbe82983419A2ECC400,0.000206,ETH,0.58
2026-02-17,08:31:59,2026-02-17T08:31:59.000Z,Stake,0x974CaA59e49682CdA0AD2bbe82983419A2ECC400,0.000196,ETH,0.55
2026-02-17,08:31:59,2026-02-17T08:31:59.000Z,Stake,0x974CaA59e49682CdA0AD2bbe82983419A2ECC400,0.000206,ETH,0.58
2026-02-17,08:31:59,2026-02-17T08:31:59.000Z,Stake,0x974CaA59e49682CdA0AD2bbe82983419A2ECC400,0.000206,ETH,0.58
2026-02-17,08:31:59,2026-02-17T08:31:59.000Z,Stake,0x974CaA59e49682CdA0AD2bbe82983419A2ECC400,0.000206,ETH,0.58
2026-02-17,08:31:59,2026-02-17T08:31:59.000Z,Stake,0x974CaA59e49682CdA0AD2bbe82983419A2ECC400,0.000206,ETH,0.58
2026-02-17,08:31:59,2026-02-17T08:31:59.000Z,Stake,0x974CaA59e49682CdA0AD2bbe82983419A2ECC400,0.000206,ETH,0.58
2026-02-17,08:31:59,2026-02-17T08:31:59.000Z,Stake,0x974CaA59e49682CdA0AD2bbe82983419A2ECC400,0.000206,ETH,0.58
2026-02-17,08:31:59,2026-02-17T08:31:59.000Z,Stake,0x974CaA59e49682CdA0AD2bbe82983419A2ECC400,0.000206,ETH,0.58
2026-02-17,08:31:59,2026-02-17T08:31:59.000Z,Stake,0x974CaA59e49682CdA0AD2bbe82983419A2ECC400,0.000206,ETH,0.58
2026-02-17,08:31:59,2026-02-17T08:31:59.000Z,Stake,0x974CaA59e49682CdA0AD2bbe82983419A2ECC400,0.000206,ETH,0.58
2026-02-17,08:31:59,2026-02-17T08:31:59.000Z,Stake,0x974CaA59e49682CdA0AD2bbe82983419A2ECC400,0.000196,ETH,0.55
2026-02-17,08:31:59,2026-02-17T08:31:59.000Z,Stake,0x974CaA59e49682CdA0AD2bbe82983419A2ECC400,0.000196,ETH,0.55
2026-02-17,08:31:59,2026-02-17T08:31:59.000Z,Stake,0x974CaA59e49682CdA0AD2bbe82983419A2ECC400,0.000206,ETH,0.58
2026-02-17,08:31:59,2026-02-17T08:31:59.000Z,Stake,0x974CaA59e49682CdA0AD2bbe82983419A2ECC400,0.000206,ETH,0.58
2026-02-17,08:31:59,2026-02-17T08:31:59.000Z,Stake,0x974CaA59e49682CdA0AD2bbe82983419A2ECC400,0.000196,ETH,0.55
2026-02-17,08:31:59,2026-02-17T08:31:59.000Z,Stake,0x974CaA59e49682CdA0AD2bbe82983419A2ECC400,0.000206,ETH,0.58
2026-02-17,08:31:59,2026-02-17T08:31:59.000Z,Stake,0x974CaA59e49682CdA0AD2bbe82983419A2ECC400,0.000206,ETH,0.58
2026-02-17,08:31:59,2026-02-17T08:31:59.000Z,Stake,0x974CaA59e49682CdA0AD2bbe82983419A2ECC400,0.000206,ETH,0.58
2026-02-17,08:31:59,2026-02-17T08:31:59.000Z,Rollbit,0xcbd6832ebc203e49e2b771897067fce3c58575ac,0.036917,ETH,103.37
2026-02-17,08:31:59,2026-02-17T08:31:59.000Z,Rainbet,0x307576dd4f73f91bb8c4a2edb762938e8e067d31,0.024977,ETH,69.94
2026-02-17,08:32:35,2026-02-17T08:32:35.000Z,Rainbet,0x307576dd4f73f91bb8c4a2edb762938e8e067d31,0.011702,ETH,32.77
2026-02-17,08:33:47,2026-02-17T08:33:47.000Z,Stake 11,0x787b8840100d9baadd7463f4a73b5ba73b00c6ca,0.586163,ETH,1641.26
2026-02-17,08:33:47,2026-02-17T08:33:47.000Z,Rainbet,0x307576dd4f73f91bb8c4a2edb762938e8e067d31,0.010094,ETH,28.26
2026-02-17,08:33:47,2026-02-17T08:33:47.000Z,Rainbet,0x307576dd4f73f91bb8c4a2edb762938e8e067d31,0.065350,ETH,182.98
2026-02-17,08:33:47,2026-02-17T08:33:47.000Z,Rainbet,0x307576dd4f73f91bb8c4a2edb762938e8e067d31,0.010260,ETH,28.73
2026-02-17,08:33:47,2026-02-17T08:33:47.000Z,Rainbet,0x307576dd4f73f91bb8c4a2edb762938e8e067d31,0.690980,ETH,1934.75
2026-02-17,08:34:11,2026-02-17T08:34:11.000Z,Rainbet,0x307576dd4f73f91bb8c4a2edb762938e8e067d31,0.012699,ETH,35.56
2026-02-17,08:34:23,2026-02-17T08:34:23.000Z,Rainbet,0x307576dd4f73f91bb8c4a2edb762938e8e067d31,0.010913,ETH,30.56
2026-02-17,08:35:11,2026-02-17T08:35:11.000Z,Rollbit,0xcbd6832ebc203e49e2b771897067fce3c58575ac,0.003018,ETH,8.45
2026-02-17,08:35:35,2026-02-17T08:35:35.000Z,Rainbet,0x307576dd4f73f91bb8c4a2edb762938e8e067d31,0.050417,ETH,141.17
2026-02-17,08:35:35,2026-02-17T08:35:35.000Z,Rainbet,0x307576dd4f73f91bb8c4a2edb762938e8e067d31,0.506614,ETH,1418.52
2026-02-17,08:35:35,2026-02-17T08:35:35.000Z,Rainbet,0x307576dd4f73f91bb8c4a2edb762938e8e067d31,0.016842,ETH,47.16
2026-02-17,08:35:35,2026-02-17T08:35:35.000Z,Rainbet,0x307576dd4f73f91bb8c4a2edb762938e8e067d31,0.075642,ETH,211.80
2026-02-17,08:35:35,2026-02-17T08:35:35.000Z,Rainbet,0x307576dd4f73f91bb8c4a2edb762938e8e067d31,0.036414,ETH,101.96
2026-02-17,08:35:47,2026-02-17T08:35:47.000Z,Rainbet,0x307576dd4f73f91bb8c4a2edb762938e8e067d31,0.017443,ETH,48.84
2026-02-17,08:35:59,2026-02-17T08:35:59.000Z,Rollbit,0xcbd6832ebc203e49e2b771897067fce3c58575ac,0.013314,ETH,37.28
2026-02-17,08:37:23,2026-02-17T08:37:23.000Z,Rollbit,0xcbd6832ebc203e49e2b771897067fce3c58575ac,0.009544,ETH,26.72
2026-02-17,08:37:47,2026-02-17T08:37:47.000Z,Rainbet,0x307576dd4f73f91bb8c4a2edb762938e8e067d31,1.303896,ETH,3650.91
2026-02-17,08:38:47,2026-02-17T08:38:47.000Z,Rainbet,0x307576dd4f73f91bb8c4a2edb762938e8e067d31,0.238704,ETH,668.37
2026-02-17,08:38:47,2026-02-17T08:38:47.000Z,Rainbet,0x307576dd4f73f91bb8c4a2edb762938e8e067d31,0.051148,ETH,143.21
2026-02-17,08:38:47,2026-02-17T08:38:47.000Z,Rainbet,0x307576dd4f73f91bb8c4a2edb762938e8e067d31,0.031745,ETH,88.89
2026-02-17,08:38:59,2026-02-17T08:38:59.000Z,Rainbet,0x307576dd4f73f91bb8c4a2edb762938e8e067d31,0.008799,ETH,24.64
2026-02-17,08:39:11,2026-02-17T08:39:11.000Z,Rollbit,0xcbd6832ebc203e49e2b771897067fce3c58575ac,0.007592,ETH,21.26
2026-02-17,08:39:11,2026-02-17T08:39:11.000Z,Rollbit,0xcbd6832ebc203e49e2b771897067fce3c58575ac,0.134511,ETH,376.63
2026-02-17,08:39:59,2026-02-17T08:39:59.000Z,Rainbet,0x307576dd4f73f91bb8c4a2edb762938e8e067d31,0.149999,ETH,420.00
2026-02-17,08:39:59,2026-02-17T08:39:59.000Z,Rainbet,0x307576dd4f73f91bb8c4a2edb762938e8e067d31,0.087447,ETH,244.85
2026-02-17,08:39:59,2026-02-17T08:39:59.000Z,Rainbet,0x307576dd4f73f91bb8c4a2edb762938e8e067d31,0.010319,ETH,28.89
2026-02-17,08:40:11,2026-02-17T08:40:11.000Z,Rollbit,0xcbd6832ebc203e49e2b771897067fce3c58575ac,0.028599,ETH,80.08
2026-02-17,08:40:35,2026-02-17T08:40:35.000Z,Rainbet,0x307576dd4f73f91bb8c4a2edb762938e8e067d31,0.012453,ETH,34.87
2026-02-17,08:40:47,2026-02-17T08:40:47.000Z,Rainbet,0x307576dd4f73f91bb8c4a2edb762938e8e067d31,0.096728,ETH,270.84
2026-02-17,08:40:47,2026-02-17T08:40:47.000Z,Rainbet,0x307576dd4f73f91bb8c4a2edb762938e8e067d31,0.506100,ETH,1417.08
2026-02-17,08:40:59,2026-02-17T08:40:59.000Z,Rainbet,0x307576dd4f73f91bb8c4a2edb762938e8e067d31,0.034655,ETH,97.03
2026-02-17,08:41:23,2026-02-17T08:41:23.000Z,Rainbet,0x307576dd4f73f91bb8c4a2edb762938e8e067d31,0.015670,ETH,43.88
2026-02-17,08:41:35,2026-02-17T08:41:35.000Z,Rollbit,0xcbd6832ebc203e49e2b771897067fce3c58575ac,0.020999,ETH,58.80
2026-02-17,08:41:35,2026-02-17T08:41:35.000Z,Rainbet,0x307576dd4f73f91bb8c4a2edb762938e8e067d31,0.016910,ETH,47.35
2026-02-17,08:41:35,2026-02-17T08:41:35.000Z,Rainbet,0x307576dd4f73f91bb8c4a2edb762938e8e067d31,0.010373,ETH,29.04
2026-02-17,08:41:59,2026-02-17T08:41:59.000Z,Rainbet,0x307576dd4f73f91bb8c4a2edb762938e8e067d31,0.040811,ETH,114.27
2026-02-17,08:42:35,2026-02-17T08:42:35.000Z,Rainbet,0x307576dd4f73f91bb8c4a2edb762938e8e067d31,0.047019,ETH,131.65
2026-02-17,08:42:47,2026-02-17T08:42:47.000Z,Rainbet,0x307576dd4f73f91bb8c4a2edb762938e8e067d31,0.012659,ETH,35.45
2026-02-17,08:43:23,2026-02-17T08:43:23.000Z,Rollbit,0xcbd6832ebc203e49e2b771897067fce3c58575ac,0.062142,ETH,174.00
2026-02-17,08:43:35,2026-02-17T08:43:35.000Z,Rainbet,0x307576dd4f73f91bb8c4a2edb762938e8e067d31,0.026336,ETH,73.74
2026-02-17,08:43:47,2026-02-17T08:43:47.000Z,Rollbit,0xcbd6832ebc203e49e2b771897067fce3c58575ac,0.000147,ETH,0.41
2026-02-17,08:44:47,2026-02-17T08:44:47.000Z,Rainbet,0x307576dd4f73f91bb8c4a2edb762938e8e067d31,0.051330,ETH,143.73
2026-02-17,08:45:11,2026-02-17T08:45:11.000Z,Rainbet,0x307576dd4f73f91bb8c4a2edb762938e8e067d31,0.033898,ETH,94.91
2026-02-17,08:45:47,2026-02-17T08:45:47.000Z,Rainbet,0x307576dd4f73f91bb8c4a2edb762938e8e067d31,0.120069,ETH,336.19
2026-02-17,08:45:47,2026-02-17T08:45:47.000Z,Rainbet,0x307576dd4f73f91bb8c4a2edb762938e8e067d31,0.242999,ETH,680.40
2026-02-17,08:45:47,2026-02-17T08:45:47.000Z,Rainbet,0x307576dd4f73f91bb8c4a2edb762938e8e067d31,0.073484,ETH,205.75
2026-02-17,08:46:11,2026-02-17T08:46:11.000Z,Rainbet,0x307576dd4f73f91bb8c4a2edb762938e8e067d31,0.051729,ETH,144.84
2026-02-17,08:46:23,2026-02-17T08:46:23.000Z,Rollbit,0xcbd6832ebc203e49e2b771897067fce3c58575ac,0.388291,ETH,1087.21
2026-02-17,08:46:59,2026-02-17T08:46:59.000Z,Rollbit,0xcbd6832ebc203e49e2b771897067fce3c58575ac,0.042846,ETH,119.97
2026-02-17,08:46:59,2026-02-17T08:46:59.000Z,Rollbit,0xcbd6832ebc203e49e2b771897067fce3c58575ac,0.003610,ETH,10.11
2026-02-17,08:47:11,2026-02-17T08:47:11.000Z,Rainbet,0x307576dd4f73f91bb8c4a2edb762938e8e067d31,0.102306,ETH,286.46
2026-02-17,08:47:23,2026-02-17T08:47:23.000Z,Rollbit,0xcbd6832ebc203e49e2b771897067fce3c58575ac,0.023999,ETH,67.20
2026-02-17,08:47:23,2026-02-17T08:47:23.000Z,Rainbet,0x307576dd4f73f91bb8c4a2edb762938e8e067d31,0.059940,ETH,167.83
2026-02-17,08:47:23,2026-02-17T08:47:23.000Z,Rainbet,0x307576dd4f73f91bb8c4a2edb762938e8e067d31,0.324226,ETH,907.83
2026-02-17,08:47:23,2026-02-17T08:47:23.000Z,Rainbet,0x307576dd4f73f91bb8c4a2edb762938e8e067d31,28.017641,ETH,78449.39
2026-02-17,08:47:35,2026-02-17T08:47:35.000Z,Rainbet,0x307576dd4f73f91bb8c4a2edb762938e8e067d31,0.146704,ETH,410.77
2026-02-17,08:47:35,2026-02-17T08:47:35.000Z,Rainbet,0x307576dd4f73f91bb8c4a2edb762938e8e067d31,0.011977,ETH,33.53
2026-02-17,08:47:35,2026-02-17T08:47:35.000Z,Rainbet,0x307576dd4f73f91bb8c4a2edb762938e8e067d31,0.032189,ETH,90.13
2026-02-17,08:47:35,2026-02-17T08:47:35.000Z,Rainbet,0x307576dd4f73f91bb8c4a2edb762938e8e067d31,0.101438,ETH,284.03
2026-02-17,08:48:35,2026-02-17T08:48:35.000Z,Rainbet,0x307576dd4f73f91bb8c4a2edb762938e8e067d31,0.238859,ETH,668.80
2026-02-17,08:48:35,2026-02-17T08:48:35.000Z,Rainbet,0x307576dd4f73f91bb8c4a2edb762938e8e067d31,0.009994,ETH,27.98
2026-02-17,08:48:47,2026-02-17T08:48:47.000Z,Rollbit,0xcbd6832ebc203e49e2b771897067fce3c58575ac,0.000206,ETH,0.58
2026-02-17,08:49:35,2026-02-17T08:49:35.000Z,Rainbet,0x307576dd4f73f91bb8c4a2edb762938e8e067d31,0.074552,ETH,208.75
2026-02-17,08:50:11,2026-02-17T08:50:11.000Z,Rainbet,0x307576dd4f73f91bb8c4a2edb762938e8e067d31,1.005960,ETH,2816.69
2026-02-17,08:50:11,2026-02-17T08:50:11.000Z,Rainbet,0x307576dd4f73f91bb8c4a2edb762938e8e067d31,0.007988,ETH,22.37
2026-02-17,08:50:11,2026-02-17T08:50:11.000Z,Rainbet,0x307576dd4f73f91bb8c4a2edb762938e8e067d31,0.051288,ETH,143.61
2026-02-17,08:50:35,2026-02-17T08:50:35.000Z,Rollbit,0xcbd6832ebc203e49e2b771897067fce3c58575ac,0.142417,ETH,398.77
2026-02-17,08:50:35,2026-02-17T08:50:35.000Z,Rainbet,0x307576dd4f73f91bb8c4a2edb762938e8e067d31,0.016909,ETH,47.34
2026-02-17,08:50:59,2026-02-17T08:50:59.000Z,Rollbit,0xcbd6832ebc203e49e2b771897067fce3c58575ac,0.019792,ETH,55.42
2026-02-17,08:51:11,2026-02-17T08:51:11.000Z,Rainbet,0x307576dd4f73f91bb8c4a2edb762938e8e067d31,0.011580,ETH,32.42
2026-02-17,08:51:47,2026-02-17T08:51:47.000Z,Rollbit,0xcbd6832ebc203e49e2b771897067fce3c58575ac,0.000211,ETH,0.59
2026-02-17,08:51:59,2026-02-17T08:51:59.000Z,Rainbet,0x307576dd4f73f91bb8c4a2edb762938e8e067d31,0.007639,ETH,21.39
2026-02-17,08:51:59,2026-02-17T08:51:59.000Z,Rainbet,0x307576dd4f73f91bb8c4a2edb762938e8e067d31,0.016892,ETH,47.30
2026-02-17,08:51:59,2026-02-17T08:51:59.000Z,Rainbet,0x307576dd4f73f91bb8c4a2edb762938e8e067d31,0.013336,ETH,37.34
2026-02-17,08:53:23,2026-02-17T08:53:23.000Z,Rainbet,0x307576dd4f73f91bb8c4a2edb762938e8e067d31,0.025797,ETH,72.23
2026-02-17,08:53:23,2026-02-17T08:53:23.000Z,Rainbet,0x307576dd4f73f91bb8c4a2edb762938e8e067d31,0.019731,ETH,55.25
2026-02-17,08:53:23,2026-02-17T08:53:23.000Z,Rainbet,0x307576dd4f73f91bb8c4a2edb762938e8e067d31,0.017459,ETH,48.89
2026-02-17,08:53:35,2026-02-17T08:53:35.000Z,Rainbet,0x307576dd4f73f91bb8c4a2edb762938e8e067d31,0.026207,ETH,73.38
2026-02-17,08:53:35,2026-02-17T08:53:35.000Z,Rainbet,0x307576dd4f73f91bb8c4a2edb762938e8e067d31,0.021064,ETH,58.98
2026-02-17,08:53:47,2026-02-17T08:53:47.000Z,Rainbet,0x307576dd4f73f91bb8c4a2edb762938e8e067d31,0.015587,ETH,43.64
2026-02-17,08:53:47,2026-02-17T08:53:47.000Z,Rainbet,0x307576dd4f73f91bb8c4a2edb762938e8e067d31,0.011644,ETH,32.60
2026-02-17,08:53:47,2026-02-17T08:53:47.000Z,Rainbet,0x307576dd4f73f91bb8c4a2edb762938e8e067d31,0.099999,ETH,280.00
2026-02-17,08:54:11,2026-02-17T08:54:11.000Z,Rollbit,0xcbd6832ebc203e49e2b771897067fce3c58575ac,0.007592,ETH,21.26
2026-02-17,08:54:47,2026-02-17T08:54:47.000Z,Rollbit,0xcbd6832ebc203e49e2b771897067fce3c58575ac,0.050606,ETH,141.70
2026-02-17,08:54:47,2026-02-17T08:54:47.000Z,Rainbet,0x307576dd4f73f91bb8c4a2edb762938e8e067d31,0.035863,ETH,100.42
2026-02-17,08:54:47,2026-02-17T08:54:47.000Z,Rainbet,0x307576dd4f73f91bb8c4a2edb762938e8e067d31,0.012775,ETH,35.77
2026-02-17,08:54:47,2026-02-17T08:54:47.000Z,Rainbet,0x307576dd4f73f91bb8c4a2edb762938e8e067d31,0.147573,ETH,413.20
2026-02-17,08:54:47,2026-02-17T08:54:47.000Z,Rainbet,0x307576dd4f73f91bb8c4a2edb762938e8e067d31,0.014395,ETH,40.31
2026-02-17,08:55:35,2026-02-17T08:55:35.000Z,Rollbit,0xcbd6832ebc203e49e2b771897067fce3c58575ac,0.624264,ETH,1747.94
2026-02-17,08:55:35,2026-02-17T08:55:35.000Z,Rollbit,0xcbd6832ebc203e49e2b771897067fce3c58575ac,0.596143,ETH,1669.20
2026-02-17,08:55:35,2026-02-17T08:55:35.000Z,Rainbet,0x307576dd4f73f91bb8c4a2edb762938e8e067d31,0.031029,ETH,86.88
2026-02-17,08:55:35,2026-02-17T08:55:35.000Z,Rainbet,0x307576dd4f73f91bb8c4a2edb762938e8e067d31,0.033805,ETH,94.65
2026-02-17,08:57:23,2026-02-17T08:57:23.000Z,Roobet,0xc94ebb328ac25b95db0e0aa968371885fa516215,0.000001,ETH,0.00
2026-02-17,08:57:23,2026-02-17T08:57:23.000Z,Bitcasino,0x5bcbdfb6cc624b959c39a2d16110d1f2d9204f72,0.277799,ETH,777.84
2026-02-17,08:57:47,2026-02-17T08:57:47.000Z,Rainbet,0x307576dd4f73f91bb8c4a2edb762938e8e067d31,0.032463,ETH,90.90
2026-02-17,08:57:47,2026-02-17T08:57:47.000Z,Rainbet,0x307576dd4f73f91bb8c4a2edb762938e8e067d31,0.020076,ETH,56.21
2026-02-17,08:58:11,2026-02-17T08:58:11.000Z,Bitcasino,0x5bcbdfb6cc624b959c39a2d16110d1f2d9204f72,0.296656,ETH,830.64
2026-02-17,08:58:23,2026-02-17T08:58:23.000Z,Rainbet,0x307576dd4f73f91bb8c4a2edb762938e8e067d31,0.176062,ETH,492.97
2026-02-17,08:58:59,2026-02-17T08:58:59.000Z,Rollbit,0xcbd6832ebc203e49e2b771897067fce3c58575ac,0.000206,ETH,0.58
2026-02-17,08:58:59,2026-02-17T08:58:59.000Z,Rainbet,0x307576dd4f73f91bb8c4a2edb762938e8e067d31,0.020215,ETH,56.60
2026-02-17,08:58:59,2026-02-17T08:58:59.000Z,Rainbet,0x307576dd4f73f91bb8c4a2edb762938e8e067d31,0.104523,ETH,292.66
2026-02-17,08:58:59,2026-02-17T08:58:59.000Z,Rainbet,0x307576dd4f73f91bb8c4a2edb762938e8e067d31,0.200415,ETH,561.16
2026-02-17,08:58:59,2026-02-17T08:58:59.000Z,Rainbet,0x307576dd4f73f91bb8c4a2edb762938e8e067d31,0.016910,ETH,47.35
2026-02-17,08:59:23,2026-02-17T08:59:23.000Z,Rainbet,0x307576dd4f73f91bb8c4a2edb762938e8e067d31,0.010066,ETH,28.19
2026-02-17,08:59:23,2026-02-17T08:59:23.000Z,Rainbet,0x307576dd4f73f91bb8c4a2edb762938e8e067d31,0.045475,ETH,127.33
2026-02-17,08:59:23,2026-02-17T08:59:23.000Z,Rainbet,0x307576dd4f73f91bb8c4a2edb762938e8e067d31,0.094062,ETH,263.37
2026-02-17,09:01:59,2026-02-17T09:01:59.000Z,Stake 11,0x787b8840100d9baadd7463f4a73b5ba73b00c6ca,0.003837,ETH,10.74
2026-02-17,09:01:59,2026-02-17T09:01:59.000Z,Stake 11,0x787b8840100d9baadd7463f4a73b5ba73b00c6ca,0.143607,ETH,402.10
2026-02-17,09:01:59,2026-02-17T09:01:59.000Z,Stake 11,0x787b8840100d9baadd7463f4a73b5ba73b00c6ca,0.028196,ETH,78.95
2026-02-17,09:02:35,2026-02-17T09:02:35.000Z,Rainbet,0x307576dd4f73f91bb8c4a2edb762938e8e067d31,0.033900,ETH,94.92
2026-02-17,09:02:35,2026-02-17T09:02:35.000Z,Rainbet,0x307576dd4f73f91bb8c4a2edb762938e8e067d31,0.012148,ETH,34.01
2026-02-17,09:02:35,2026-02-17T09:02:35.000Z,Rainbet,0x307576dd4f73f91bb8c4a2edb762938e8e067d31,0.157180,ETH,440.11
2026-02-17,09:02:47,2026-02-17T09:02:47.000Z,Rainbet,0x307576dd4f73f91bb8c4a2edb762938e8e067d31,0.470173,ETH,1316.48
2026-02-17,09:02:47,2026-02-17T09:02:47.000Z,Rainbet,0x307576dd4f73f91bb8c4a2edb762938e8e067d31,0.093561,ETH,261.97
2026-02-17,09:02:47,2026-02-17T09:02:47.000Z,Rainbet,0x307576dd4f73f91bb8c4a2edb762938e8e067d31,0.512212,ETH,1434.19
2026-02-17,09:03:11,2026-02-17T09:03:11.000Z,Rainbet,0x307576dd4f73f91bb8c4a2edb762938e8e067d31,0.008316,ETH,23.28
2026-02-17,09:03:23,2026-02-17T09:03:23.000Z,Rollbit,0xcbd6832ebc203e49e2b771897067fce3c58575ac,0.049590,ETH,138.85
2026-02-17,09:03:23,2026-02-17T09:03:23.000Z,Rollbit,0xcbd6832ebc203e49e2b771897067fce3c58575ac,0.058979,ETH,165.14
2026-02-17,09:03:23,2026-02-17T09:03:23.000Z,Rainbet,0x307576dd4f73f91bb8c4a2edb762938e8e067d31,0.000001,ETH,0.00
2026-02-17,09:03:35,2026-02-17T09:03:35.000Z,Rainbet,0x307576dd4f73f91bb8c4a2edb762938e8e067d31,0.077429,ETH,216.80
2026-02-17,09:05:23,2026-02-17T09:05:23.000Z,Rainbet,0x307576dd4f73f91bb8c4a2edb762938e8e067d31,0.039699,ETH,111.16
2026-02-17,09:05:23,2026-02-17T09:05:23.000Z,Rainbet,0x307576dd4f73f91bb8c4a2edb762938e8e067d31,0.050156,ETH,140.44
2026-02-17,09:05:35,2026-02-17T09:05:35.000Z,Rainbet,0x307576dd4f73f91bb8c4a2edb762938e8e067d31,0.124697,ETH,349.15
2026-02-17,09:05:59,2026-02-17T09:05:59.000Z,Stake 11,0x787b8840100d9baadd7463f4a73b5ba73b00c6ca,2.603147,ETH,7288.81
2026-02-17,09:05:59,2026-02-17T09:05:59.000Z,Stake 11,0x787b8840100d9baadd7463f4a73b5ba73b00c6ca,0.043018,ETH,120.45
2026-02-17,09:05:59,2026-02-17T09:05:59.000Z,Stake 11,0x787b8840100d9baadd7463f4a73b5ba73b00c6ca,0.152816,ETH,427.88
2026-02-17,09:05:59,2026-02-17T09:05:59.000Z,Stake 11,0x787b8840100d9baadd7463f4a73b5ba73b00c6ca,0.000062,ETH,0.17
2026-02-17,09:05:59,2026-02-17T09:05:59.000Z,Stake 11,0x787b8840100d9baadd7463f4a73b5ba73b00c6ca,0.020858,ETH,58.40
2026-02-17,09:05:59,2026-02-17T09:05:59.000Z,Stake 11,0x787b8840100d9baadd7463f4a73b5ba73b00c6ca,0.018788,ETH,52.61
2026-02-17,09:05:59,2026-02-17T09:05:59.000Z,Stake 11,0x787b8840100d9baadd7463f4a73b5ba73b00c6ca,0.000062,ETH,0.17
2026-02-17,09:05:59,2026-02-17T09:05:59.000Z,Stake 11,0x787b8840100d9baadd7463f4a73b5ba73b00c6ca,0.000062,ETH,0.17
2026-02-17,09:05:59,2026-02-17T09:05:59.000Z,Rollbit,0xcbd6832ebc203e49e2b771897067fce3c58575ac,0.010175,ETH,28.49
2026-02-17,09:05:59,2026-02-17T09:05:59.000Z,Rainbet,0x307576dd4f73f91bb8c4a2edb762938e8e067d31,0.118433,ETH,331.61
2026-02-17,09:05:59,2026-02-17T09:05:59.000Z,Rainbet,0x307576dd4f73f91bb8c4a2edb762938e8e067d31,0.050409,ETH,141.15
2026-02-17,09:06:23,2026-02-17T09:06:23.000Z,Rainbet,0x307576dd4f73f91bb8c4a2edb762938e8e067d31,0.033858,ETH,94.80
2026-02-17,09:06:23,2026-02-17T09:06:23.000Z,Rainbet,0x307576dd4f73f91bb8c4a2edb762938e8e067d31,0.050349,ETH,140.98
2026-02-17,09:06:35,2026-02-17T09:06:35.000Z,Rainbet,0x307576dd4f73f91bb8c4a2edb762938e8e067d31,0.072953,ETH,204.27
2026-02-17,09:06:35,2026-02-17T09:06:35.000Z,Rainbet,0x307576dd4f73f91bb8c4a2edb762938e8e067d31,0.034071,ETH,95.40
2026-02-17,09:07:35,2026-02-17T09:07:35.000Z,Rainbet,0x307576dd4f73f91bb8c4a2edb762938e8e067d31,0.064829,ETH,181.52
2026-02-17,09:07:35,2026-02-17T09:07:35.000Z,Rainbet,0x307576dd4f73f91bb8c4a2edb762938e8e067d31,0.064809,ETH,181.47
2026-02-17,09:07:59,2026-02-17T09:07:59.000Z,Rainbet,0x307576dd4f73f91bb8c4a2edb762938e8e067d31,0.034043,ETH,95.32
2026-02-17,09:08:11,2026-02-17T09:08:11.000Z,Rainbet,0x307576dd4f73f91bb8c4a2edb762938e8e067d31,0.019999,ETH,56.00
2026-02-17,09:09:11,2026-02-17T09:09:11.000Z,Rainbet,0x307576dd4f73f91bb8c4a2edb762938e8e067d31,0.027206,ETH,76.18
2026-02-17,09:09:23,2026-02-17T09:09:23.000Z,Rainbet,0x307576dd4f73f91bb8c4a2edb762938e8e067d31,0.999221,ETH,2797.82
2026-02-17,09:09:35,2026-02-17T09:09:35.000Z,Rainbet,0x307576dd4f73f91bb8c4a2edb762938e8e067d31,0.008838,ETH,24.75
2026-02-17,09:09:47,2026-02-17T09:09:47.000Z,Rollbit,0xcbd6832ebc203e49e2b771897067fce3c58575ac,0.006581,ETH,18.43
2026-02-17,09:10:47,2026-02-17T09:10:47.000Z,Rollbit,0xcbd6832ebc203e49e2b771897067fce3c58575ac,0.041222,ETH,115.42
2026-02-17,09:10:47,2026-02-17T09:10:47.000Z,Rollbit,0xcbd6832ebc203e49e2b771897067fce3c58575ac,0.015351,ETH,42.98
2026-02-17,09:10:59,2026-02-17T09:10:59.000Z,Rollbit,0xcbd6832ebc203e49e2b771897067fce3c58575ac,0.034095,ETH,95.47
2026-02-17,09:11:35,2026-02-17T09:11:35.000Z,Rainbet,0x307576dd4f73f91bb8c4a2edb762938e8e067d31,0.020958,ETH,58.68
2026-02-17,09:11:59,2026-02-17T09:11:59.000Z,Rainbet,0x307576dd4f73f91bb8c4a2edb762938e8e067d31,0.020583,ETH,57.63
2026-02-17,09:11:59,2026-02-17T09:11:59.000Z,Rainbet,0x307576dd4f73f91bb8c4a2edb762938e8e067d31,0.036618,ETH,102.53
2026-02-17,09:11:59,2026-02-17T09:11:59.000Z,Rainbet,0x307576dd4f73f91bb8c4a2edb762938e8e067d31,0.007917,ETH,22.17
2026-02-17,09:11:59,2026-02-17T09:11:59.000Z,Rainbet,0x307576dd4f73f91bb8c4a2edb762938e8e067d31,0.270944,ETH,758.64
2026-02-17,09:12:35,2026-02-17T09:12:35.000Z,Rollbit,0xcbd6832ebc203e49e2b771897067fce3c58575ac,0.000219,ETH,0.61
2026-02-17,09:12:35,2026-02-17T09:12:35.000Z,Rainbet,0x307576dd4f73f91bb8c4a2edb762938e8e067d31,0.008755,ETH,24.51
2026-02-17,09:12:47,2026-02-17T09:12:47.000Z,Rainbet,0x307576dd4f73f91bb8c4a2edb762938e8e067d31,0.023758,ETH,66.52
2026-02-17,09:13:35,2026-02-17T09:13:35.000Z,Rainbet,0x307576dd4f73f91bb8c4a2edb762938e8e067d31,0.018339,ETH,51.35
2026-02-17,09:13:35,2026-02-17T09:13:35.000Z,Rainbet,0x307576dd4f73f91bb8c4a2edb762938e8e067d31,0.037972,ETH,106.32
2026-02-17,09:13:47,2026-02-17T09:13:47.000Z,Rainbet,0x307576dd4f73f91bb8c4a2edb762938e8e067d31,0.059999,ETH,168.00
2026-02-17,09:13:47,2026-02-17T09:13:47.000Z,Rainbet,0x307576dd4f73f91bb8c4a2edb762938e8e067d31,0.190906,ETH,534.54
2026-02-17,09:14:11,2026-02-17T09:14:11.000Z,Rollbit,0xcbd6832ebc203e49e2b771897067fce3c58575ac,0.043735,ETH,122.46
2026-02-17,09:14:23,2026-02-17T09:14:23.000Z,Rollbit,0xcbd6832ebc203e49e2b771897067fce3c58575ac,0.015169,ETH,42.47
2026-02-17,09:14:35,2026-02-17T09:14:35.000Z,Rainbet,0x307576dd4f73f91bb8c4a2edb762938e8e067d31,0.014417,ETH,40.37
2026-02-17,09:14:59,2026-02-17T09:14:59.000Z,Rainbet,0x307576dd4f73f91bb8c4a2edb762938e8e067d31,0.011633,ETH,32.57
2026-02-17,09:15:23,2026-02-17T09:15:23.000Z,Rollbit,0xcbd6832ebc203e49e2b771897067fce3c58575ac,0.130604,ETH,365.69
2026-02-17,09:15:23,2026-02-17T09:15:23.000Z,Roobet,0xc94ebb328ac25b95db0e0aa968371885fa516215,26.472252,ETH,74122.31
2026-02-17,09:16:59,2026-02-17T09:16:59.000Z,Rainbet,0x307576dd4f73f91bb8c4a2edb762938e8e067d31,0.068310,ETH,191.27
2026-02-17,09:16:59,2026-02-17T09:16:59.000Z,Rainbet,0x307576dd4f73f91bb8c4a2edb762938e8e067d31,1.009145,ETH,2825.61
2026-02-17,09:17:11,2026-02-17T09:17:11.000Z,Rainbet,0x307576dd4f73f91bb8c4a2edb762938e8e067d31,0.024034,ETH,67.29
2026-02-17,09:18:11,2026-02-17T09:18:11.000Z,Rollbit,0xcbd6832ebc203e49e2b771897067fce3c58575ac,0.000206,ETH,0.58
2026-02-17,09:18:23,2026-02-17T09:18:23.000Z,Rollbit,0xcbd6832ebc203e49e2b771897067fce3c58575ac,0.050146,ETH,140.41
2026-02-17,09:18:23,2026-02-17T09:18:23.000Z,Rainbet,0x307576dd4f73f91bb8c4a2edb762938e8e067d31,0.012577,ETH,35.22
2026-02-17,09:18:35,2026-02-17T09:18:35.000Z,Rainbet,0x307576dd4f73f91bb8c4a2edb762938e8e067d31,0.116129,ETH,325.16
2026-02-17,09:18:35,2026-02-17T09:18:35.000Z,Rainbet,0x307576dd4f73f91bb8c4a2edb762938e8e067d31,0.253640,ETH,710.19
2026-02-17,09:18:35,2026-02-17T09:18:35.000Z,Rainbet,0x307576dd4f73f91bb8c4a2edb762938e8e067d31,0.048919,ETH,136.97
2026-02-17,09:18:59,2026-02-17T09:18:59.000Z,Rainbet,0x307576dd4f73f91bb8c4a2edb762938e8e067d31,0.135850,ETH,380.38
2026-02-17,09:19:23,2026-02-17T09:19:23.000Z,Rainbet,0x307576dd4f73f91bb8c4a2edb762938e8e067d31,0.081346,ETH,227.77
2026-02-17,09:20:23,2026-02-17T09:20:23.000Z,Rollbit,0xcbd6832ebc203e49e2b771897067fce3c58575ac,0.059115,ETH,165.52
2026-02-17,09:20:23,2026-02-17T09:20:23.000Z,Rainbet,0x307576dd4f73f91bb8c4a2edb762938e8e067d31,0.034189,ETH,95.73
2026-02-17,09:21:11,2026-02-17T09:21:11.000Z,Rainbet,0x307576dd4f73f91bb8c4a2edb762938e8e067d31,0.012607,ETH,35.30
2026-02-17,09:21:35,2026-02-17T09:21:35.000Z,Rainbet,0x307576dd4f73f91bb8c4a2edb762938e8e067d31,0.043134,ETH,120.78
2026-02-17,09:22:35,2026-02-17T09:22:35.000Z,Rollbit,0xcbd6832ebc203e49e2b771897067fce3c58575ac,0.037191,ETH,104.13
2026-02-17,09:22:35,2026-02-17T09:22:35.000Z,Rollbit,0xcbd6832ebc203e49e2b771897067fce3c58575ac,0.253685,ETH,710.32
2026-02-17,09:22:35,2026-02-17T09:22:35.000Z,Rainbet,0x307576dd4f73f91bb8c4a2edb762938e8e067d31,0.030871,ETH,86.44
2026-02-17,09:22:35,2026-02-17T09:22:35.000Z,Rainbet,0x307576dd4f73f91bb8c4a2edb762938e8e067d31,3.708001,ETH,10382.40
2026-02-17,09:22:35,2026-02-17T09:22:35.000Z,Rainbet,0x307576dd4f73f91bb8c4a2edb762938e8e067d31,0.079985,ETH,223.96
2026-02-17,09:22:47,2026-02-17T09:22:47.000Z,Rainbet,0x307576dd4f73f91bb8c4a2edb762938e8e067d31,0.012109,ETH,33.91
2026-02-17,09:22:59,2026-02-17T09:22:59.000Z,Rollbit,0xcbd6832ebc203e49e2b771897067fce3c58575ac,0.091479,ETH,256.14
2026-02-17,09:23:11,2026-02-17T09:23:11.000Z,Rainbet,0x307576dd4f73f91bb8c4a2edb762938e8e067d31,0.011997,ETH,33.59
2026-02-17,09:23:11,2026-02-17T09:23:11.000Z,Rainbet,0x307576dd4f73f91bb8c4a2edb762938e8e067d31,0.050761,ETH,142.13
2026-02-17,09:23:59,2026-02-17T09:23:59.000Z,Rainbet,0x307576dd4f73f91bb8c4a2edb762938e8e067d31,0.150091,ETH,420.25
2026-02-17,09:24:23,2026-02-17T09:24:23.000Z,Rainbet,0x307576dd4f73f91bb8c4a2edb762938e8e067d31,0.038143,ETH,106.80
2026-02-17,09:24:47,2026-02-17T09:24:47.000Z,Rainbet,0x307576dd4f73f91bb8c4a2edb762938e8e067d31,0.009994,ETH,27.98
2026-02-17,09:24:47,2026-02-17T09:24:47.000Z,Rainbet,0x307576dd4f73f91bb8c4a2edb762938e8e067d31,1.268120,ETH,3550.74
2026-02-17,09:24:47,2026-02-17T09:24:47.000Z,Rainbet,0x307576dd4f73f91bb8c4a2edb762938e8e067d31,0.048959,ETH,137.09
2026-02-17,09:25:11,2026-02-17T09:25:11.000Z,Rainbet,0x307576dd4f73f91bb8c4a2edb762938e8e067d31,0.056489,ETH,158.17
2026-02-17,09:25:11,2026-02-17T09:25:11.000Z,Rainbet,0x307576dd4f73f91bb8c4a2edb762938e8e067d31,0.349176,ETH,977.69
2026-02-17,09:25:11,2026-02-17T09:25:11.000Z,Rainbet,0x307576dd4f73f91bb8c4a2edb762938e8e067d31,0.073893,ETH,206.90
2026-02-17,09:26:11,2026-02-17T09:26:11.000Z,Rainbet,0x307576dd4f73f91bb8c4a2edb762938e8e067d31,0.000000,ETH,0.00
2026-02-17,09:26:11,2026-02-17T09:26:11.000Z,Rainbet,0x307576dd4f73f91bb8c4a2edb762938e8e067d31,0.032948,ETH,92.25
2026-02-17,09:26:23,2026-02-17T09:26:23.000Z,Rainbet,0x307576dd4f73f91bb8c4a2edb762938e8e067d31,0.016855,ETH,47.19
2026-02-17,09:26:35,2026-02-17T09:26:35.000Z,Rollbit,0xcbd6832ebc203e49e2b771897067fce3c58575ac,0.003970,ETH,11.12
2026-02-17,09:26:47,2026-02-17T09:26:47.000Z,Rainbet,0x307576dd4f73f91bb8c4a2edb762938e8e067d31,0.507322,ETH,1420.50
2026-02-17,09:27:11,2026-02-17T09:27:11.000Z,Rainbet,0x307576dd4f73f91bb8c4a2edb762938e8e067d31,0.048094,ETH,134.66
2026-02-17,09:27:11,2026-02-17T09:27:11.000Z,Rainbet,0x307576dd4f73f91bb8c4a2edb762938e8e067d31,0.011403,ETH,31.93
2026-02-17,09:27:59,2026-02-17T09:27:59.000Z,Rainbet,0x307576dd4f73f91bb8c4a2edb762938e8e067d31,0.030551,ETH,85.54
2026-02-17,09:28:11,2026-02-17T09:28:11.000Z,Rainbet,0x307576dd4f73f91bb8c4a2edb762938e8e067d31,0.065009,ETH,182.03
2026-02-17,09:28:35,2026-02-17T09:28:35.000Z,Rainbet,0x307576dd4f73f91bb8c4a2edb762938e8e067d31,0.019681,ETH,55.11
2026-02-17,09:28:47,2026-02-17T09:28:47.000Z,Rainbet,0x307576dd4f73f91bb8c4a2edb762938e8e067d31,0.050260,ETH,140.73
2026-02-17,09:28:47,2026-02-17T09:28:47.000Z,Rainbet,0x307576dd4f73f91bb8c4a2edb762938e8e067d31,0.150772,ETH,422.16
2026-02-17,09:28:47,2026-02-17T09:28:47.000Z,Rainbet,0x307576dd4f73f91bb8c4a2edb762938e8e067d31,0.332320,ETH,930.50
2026-02-17,09:29:35,2026-02-17T09:29:35.000Z,Rollbit,0xcbd6832ebc203e49e2b771897067fce3c58575ac,0.024859,ETH,69.61
2026-02-17,09:29:35,2026-02-17T09:29:35.000Z,Rainbet,0x307576dd4f73f91bb8c4a2edb762938e8e067d31,0.043548,ETH,121.93
2026-02-17,09:29:47,2026-02-17T09:29:47.000Z,Rainbet,0x307576dd4f73f91bb8c4a2edb762938e8e067d31,0.017505,ETH,49.01
2026-02-17,09:30:11,2026-02-17T09:30:11.000Z,Rollbit,0xcbd6832ebc203e49e2b771897067fce3c58575ac,0.015899,ETH,44.52
2026-02-17,09:30:35,2026-02-17T09:30:35.000Z,Rainbet,0x307576dd4f73f91bb8c4a2edb762938e8e067d31,0.363867,ETH,1018.83
2026-02-17,09:31:35,2026-02-17T09:31:35.000Z,Rainbet,0x307576dd4f73f91bb8c4a2edb762938e8e067d31,0.253499,ETH,709.80
2026-02-17,09:31:59,2026-02-17T09:31:59.000Z,Rollbit,0xcbd6832ebc203e49e2b771897067fce3c58575ac,0.050696,ETH,141.95
2026-02-17,09:31:59,2026-02-17T09:31:59.000Z,Rainbet,0x307576dd4f73f91bb8c4a2edb762938e8e067d31,0.011671,ETH,32.68
2026-02-17,09:31:59,2026-02-17T09:31:59.000Z,Rainbet,0x307576dd4f73f91bb8c4a2edb762938e8e067d31,0.349205,ETH,977.77
2026-02-17,09:32:47,2026-02-17T09:32:47.000Z,Rainbet,0x307576dd4f73f91bb8c4a2edb762938e8e067d31,1.259704,ETH,3527.17
2026-02-17,09:33:23,2026-02-17T09:33:23.000Z,Rainbet,0x307576dd4f73f91bb8c4a2edb762938e8e067d31,0.033838,ETH,94.75
2026-02-17,09:34:11,2026-02-17T09:34:11.000Z,Rollbit,0xcbd6832ebc203e49e2b771897067fce3c58575ac,0.010831,ETH,30.33
2026-02-17,09:34:11,2026-02-17T09:34:11.000Z,Rollbit,0xcbd6832ebc203e49e2b771897067fce3c58575ac,0.011999,ETH,33.60
2026-02-17,09:34:11,2026-02-17T09:34:11.000Z,Rainbet,0x307576dd4f73f91bb8c4a2edb762938e8e067d31,0.118693,ETH,332.34
2026-02-17,09:34:23,2026-02-17T09:34:23.000Z,Rainbet,0x307576dd4f73f91bb8c4a2edb762938e8e067d31,0.025726,ETH,72.03
2026-02-17,09:34:35,2026-02-17T09:34:35.000Z,Rainbet,0x307576dd4f73f91bb8c4a2edb762938e8e067d31,0.107138,ETH,299.99
2026-02-17,09:34:35,2026-02-17T09:34:35.000Z,Rainbet,0x307576dd4f73f91bb8c4a2edb762938e8e067d31,0.030884,ETH,86.48
2026-02-17,09:34:35,2026-02-17T09:34:35.000Z,Rainbet,0x307576dd4f73f91bb8c4a2edb762938e8e067d31,0.033792,ETH,94.62
2026-02-17,09:34:35,2026-02-17T09:34:35.000Z,Rainbet,0x307576dd4f73f91bb8c4a2edb762938e8e067d31,0.019092,ETH,53.46
2026-02-17,09:34:35,2026-02-17T09:34:35.000Z,Rainbet,0x307576dd4f73f91bb8c4a2edb762938e8e067d31,0.023319,ETH,65.29
2026-02-17,09:34:47,2026-02-17T09:34:47.000Z,Rainbet,0x307576dd4f73f91bb8c4a2edb762938e8e067d31,0.052876,ETH,148.05
2026-02-17,09:34:47,2026-02-17T09:34:47.000Z,Rainbet,0x307576dd4f73f91bb8c4a2edb762938e8e067d31,0.023279,ETH,65.18
2026-02-17,09:35:23,2026-02-17T09:35:23.000Z,Rollbit,0xcbd6832ebc203e49e2b771897067fce3c58575ac,0.020675,ETH,57.89
2026-02-17,09:35:23,2026-02-17T09:35:23.000Z,Rainbet,0x307576dd4f73f91bb8c4a2edb762938e8e067d31,0.027315,ETH,76.48
2026-02-17,09:35:35,2026-02-17T09:35:35.000Z,Rainbet,0x307576dd4f73f91bb8c4a2edb762938e8e067d31,0.404816,ETH,1133.49
2026-02-17,09:35:47,2026-02-17T09:35:47.000Z,Rainbet,0x307576dd4f73f91bb8c4a2edb762938e8e067d31,0.008779,ETH,24.58
2026-02-17,09:35:47,2026-02-17T09:35:47.000Z,Rainbet,0x307576dd4f73f91bb8c4a2edb762938e8e067d31,0.029090,ETH,81.45
2026-02-17,09:35:47,2026-02-17T09:35:47.000Z,Rainbet,0x307576dd4f73f91bb8c4a2edb762938e8e067d31,0.055193,ETH,154.54
2026-02-17,09:36:11,2026-02-17T09:36:11.000Z,Rainbet,0x307576dd4f73f91bb8c4a2edb762938e8e067d31,0.050691,ETH,141.93
2026-02-17,09:36:35,2026-02-17T09:36:35.000Z,Rainbet,0x307576dd4f73f91bb8c4a2edb762938e8e067d31,0.065059,ETH,182.16
2026-02-17,09:36:35,2026-02-17T09:36:35.000Z,Rainbet,0x307576dd4f73f91bb8c4a2edb762938e8e067d31,0.026359,ETH,73.81
2026-02-17,09:36:47,2026-02-17T09:36:47.000Z,Rollbit,0xcbd6832ebc203e49e2b771897067fce3c58575ac,0.276055,ETH,772.95
2026-02-17,09:36:47,2026-02-17T09:36:47.000Z,Rainbet,0x307576dd4f73f91bb8c4a2edb762938e8e067d31,0.509314,ETH,1426.08
2026-02-17,09:36:59,2026-02-17T09:36:59.000Z,Rainbet,0x307576dd4f73f91bb8c4a2edb762938e8e067d31,0.019978,ETH,55.94
2026-02-17,09:36:59,2026-02-17T09:36:59.000Z,Rainbet,0x307576dd4f73f91bb8c4a2edb762938e8e067d31,0.098999,ETH,277.20
2026-02-17,09:37:35,2026-02-17T09:37:35.000Z,Rollbit,0xcbd6832ebc203e49e2b771897067fce3c58575ac,0.028363,ETH,79.42
2026-02-17,09:37:47,2026-02-17T09:37:47.000Z,Rollbit,0xcbd6832ebc203e49e2b771897067fce3c58575ac,0.131810,ETH,369.07
2026-02-17,09:37:47,2026-02-17T09:37:47.000Z,Rainbet,0x307576dd4f73f91bb8c4a2edb762938e8e067d31,0.035106,ETH,98.30
2026-02-17,09:37:59,2026-02-17T09:37:59.000Z,Rainbet,0x307576dd4f73f91bb8c4a2edb762938e8e067d31,0.154943,ETH,433.84
2026-02-17,09:38:35,2026-02-17T09:38:35.000Z,Rainbet,0x307576dd4f73f91bb8c4a2edb762938e8e067d31,0.037699,ETH,105.56
2026-02-17,09:38:47,2026-02-17T09:38:47.000Z,Rainbet,0x307576dd4f73f91bb8c4a2edb762938e8e067d31,0.379725,ETH,1063.23
2026-02-17,09:38:59,2026-02-17T09:38:59.000Z,Rainbet,0x307576dd4f73f91bb8c4a2edb762938e8e067d31,0.048165,ETH,134.86
2026-02-17,09:39:11,2026-02-17T09:39:11.000Z,Rainbet,0x307576dd4f73f91bb8c4a2edb762938e8e067d31,0.041962,ETH,117.49
2026-02-17,09:39:11,2026-02-17T09:39:11.000Z,Rainbet,0x307576dd4f73f91bb8c4a2edb762938e8e067d31,0.060509,ETH,169.43
2026-02-17,09:40:35,2026-02-17T09:40:35.000Z,Rainbet,0x307576dd4f73f91bb8c4a2edb762938e8e067d31,0.008041,ETH,22.52
2026-02-17,09:41:11,2026-02-17T09:41:11.000Z,Rainbet,0x307576dd4f73f91bb8c4a2edb762938e8e067d31,0.507014,ETH,1419.64
2026-02-17,09:41:23,2026-02-17T09:41:23.000Z,Rollbit,0xcbd6832ebc203e49e2b771897067fce3c58575ac,0.013415,ETH,37.56
2026-02-17,09:41:47,2026-02-17T09:41:47.000Z,Rollbit,0xcbd6832ebc203e49e2b771897067fce3c58575ac,0.050707,ETH,141.98
2026-02-17,09:41:47,2026-02-17T09:41:47.000Z,Rollbit,0xcbd6832ebc203e49e2b771897067fce3c58575ac,0.109999,ETH,308.00
2026-02-17,09:42:11,2026-02-17T09:42:11.000Z,Rainbet,0x307576dd4f73f91bb8c4a2edb762938e8e067d31,0.349247,ETH,977.89
2026-02-17,09:42:11,2026-02-17T09:42:11.000Z,Rainbet,0x307576dd4f73f91bb8c4a2edb762938e8e067d31,0.367752,ETH,1029.70
2026-02-17,09:42:11,2026-02-17T09:42:11.000Z,Rainbet,0x307576dd4f73f91bb8c4a2edb762938e8e067d31,0.031660,ETH,88.65
2026-02-17,09:42:23,2026-02-17T09:42:23.000Z,Rollbit,0xcbd6832ebc203e49e2b771897067fce3c58575ac,0.019211,ETH,53.79
2026-02-17,09:42:23,2026-02-17T09:42:23.000Z,Rainbet,0x307576dd4f73f91bb8c4a2edb762938e8e067d31,0.036606,ETH,102.50
2026-02-17,09:42:47,2026-02-17T09:42:47.000Z,Rainbet,0x307576dd4f73f91bb8c4a2edb762938e8e067d31,1.716983,ETH,4807.55
2026-02-17,09:43:11,2026-02-17T09:43:11.000Z,Rainbet,0x307576dd4f73f91bb8c4a2edb762938e8e067d31,0.276089,ETH,773.05
2026-02-17,09:43:47,2026-02-17T09:43:47.000Z,Rollbit,0xcbd6832ebc203e49e2b771897067fce3c58575ac,0.038177,ETH,106.90
2026-02-17,09:43:47,2026-02-17T09:43:47.000Z,Rollbit,0xcbd6832ebc203e49e2b771897067fce3c58575ac,0.028114,ETH,78.72
2026-02-17,09:44:23,2026-02-17T09:44:23.000Z,Rainbet,0x307576dd4f73f91bb8c4a2edb762938e8e067d31,0.029728,ETH,83.24
2026-02-17,09:44:23,2026-02-17T09:44:23.000Z,Rainbet,0x307576dd4f73f91bb8c4a2edb762938e8e067d31,0.012613,ETH,35.32
2026-02-17,09:44:47,2026-02-17T09:44:47.000Z,Rainbet,0x307576dd4f73f91bb8c4a2edb762938e8e067d31,0.191866,ETH,537.23
2026-02-17,09:46:59,2026-02-17T09:46:59.000Z,Rainbet,0x307576dd4f73f91bb8c4a2edb762938e8e067d31,0.022922,ETH,64.18
2026-02-17,09:46:59,2026-02-17T09:46:59.000Z,Rainbet,0x307576dd4f73f91bb8c4a2edb762938e8e067d31,0.195052,ETH,546.15
2026-02-17,09:47:11,2026-02-17T09:47:11.000Z,Rainbet,0x307576dd4f73f91bb8c4a2edb762938e8e067d31,0.030916,ETH,86.57
2026-02-17,09:47:23,2026-02-17T09:47:23.000Z,Rainbet,0x307576dd4f73f91bb8c4a2edb762938e8e067d31,0.012569,ETH,35.19
2026-02-17,09:47:35,2026-02-17T09:47:35.000Z,Rainbet,0x307576dd4f73f91bb8c4a2edb762938e8e067d31,0.007898,ETH,22.11
2026-02-17,09:47:59,2026-02-17T09:47:59.000Z,Rainbet,0x307576dd4f73f91bb8c4a2edb762938e8e067d31,0.012277,ETH,34.38
2026-02-17,09:48:35,2026-02-17T09:48:35.000Z,Rollbit,0xcbd6832ebc203e49e2b771897067fce3c58575ac,0.014999,ETH,42.00
2026-02-17,09:49:23,2026-02-17T09:49:23.000Z,Rainbet,0x307576dd4f73f91bb8c4a2edb762938e8e067d31,0.069151,ETH,193.62
2026-02-17,09:49:35,2026-02-17T09:49:35.000Z,Rainbet,0x307576dd4f73f91bb8c4a2edb762938e8e067d31,0.047909,ETH,134.15
2026-02-17,09:50:11,2026-02-17T09:50:11.000Z,Rollbit,0xcbd6832ebc203e49e2b771897067fce3c58575ac,0.000231,ETH,0.65
2026-02-17,09:50:35,2026-02-17T09:50:35.000Z,Rainbet,0x307576dd4f73f91bb8c4a2edb762938e8e067d31,0.008311,ETH,23.27
2026-02-17,09:50:47,2026-02-17T09:50:47.000Z,Rainbet,0x307576dd4f73f91bb8c4a2edb762938e8e067d31,0.025873,ETH,72.44
2026-02-17,09:51:35,2026-02-17T09:51:35.000Z,Rollbit,0xcbd6832ebc203e49e2b771897067fce3c58575ac,0.003039,ETH,8.51
2026-02-17,09:51:35,2026-02-17T09:51:35.000Z,Rollbit,0xcbd6832ebc203e49e2b771897067fce3c58575ac,0.020663,ETH,57.86
2026-02-17,09:51:47,2026-02-17T09:51:47.000Z,Rainbet,0x307576dd4f73f91bb8c4a2edb762938e8e067d31,0.089999,ETH,252.00
2026-02-17,09:51:47,2026-02-17T09:51:47.000Z,Rainbet,0x307576dd4f73f91bb8c4a2edb762938e8e067d31,0.348738,ETH,976.47
2026-02-17,09:51:59,2026-02-17T09:51:59.000Z,Rainbet,0x307576dd4f73f91bb8c4a2edb762938e8e067d31,0.015971,ETH,44.72
2026-02-17,09:51:59,2026-02-17T09:51:59.000Z,Rainbet,0x307576dd4f73f91bb8c4a2edb762938e8e067d31,0.013137,ETH,36.78
2026-02-17,09:52:35,2026-02-17T09:52:35.000Z,Stake 11,0x787b8840100d9baadd7463f4a73b5ba73b00c6ca,126.654588,ETH,354632.85
2026-02-17,09:52:47,2026-02-17T09:52:47.000Z,Rainbet,0x307576dd4f73f91bb8c4a2edb762938e8e067d31,0.009797,ETH,27.43
2026-02-17,09:53:11,2026-02-17T09:53:11.000Z,Rainbet,0x307576dd4f73f91bb8c4a2edb762938e8e067d31,0.017233,ETH,48.25
2026-02-17,09:53:35,2026-02-17T09:53:35.000Z,Rollbit,0xcbd6832ebc203e49e2b771897067fce3c58575ac,0.148498,ETH,415.80
2026-02-17,09:53:59,2026-02-17T09:53:59.000Z,Rainbet,0x307576dd4f73f91bb8c4a2edb762938e8e067d31,0.018266,ETH,51.14
2026-02-17,09:55:11,2026-02-17T09:55:11.000Z,Rollbit,0xcbd6832ebc203e49e2b771897067fce3c58575ac,0.121544,ETH,340.32
2026-02-17,09:55:11,2026-02-17T09:55:11.000Z,Rainbet,0x307576dd4f73f91bb8c4a2edb762938e8e067d31,0.041061,ETH,114.97
2026-02-17,09:55:11,2026-02-17T09:55:11.000Z,Rainbet,0x307576dd4f73f91bb8c4a2edb762938e8e067d31,0.012580,ETH,35.23
2026-02-17,09:55:11,2026-02-17T09:55:11.000Z,Rainbet,0x307576dd4f73f91bb8c4a2edb762938e8e067d31,0.033774,ETH,94.57
2026-02-17,09:55:11,2026-02-17T09:55:11.000Z,Rainbet,0x307576dd4f73f91bb8c4a2edb762938e8e067d31,0.028629,ETH,80.16
2026-02-17,09:55:23,2026-02-17T09:55:23.000Z,Rainbet,0x307576dd4f73f91bb8c4a2edb762938e8e067d31,0.034122,ETH,95.54
2026-02-17,09:55:59,2026-02-17T09:55:59.000Z,Rainbet,0x307576dd4f73f91bb8c4a2edb762938e8e067d31,0.012259,ETH,34.33
2026-02-17,09:55:59,2026-02-17T09:55:59.000Z,Rainbet,0x307576dd4f73f91bb8c4a2edb762938e8e067d31,0.022536,ETH,63.10
2026-02-17,09:55:59,2026-02-17T09:55:59.000Z,Rainbet,0x307576dd4f73f91bb8c4a2edb762938e8e067d31,0.039182,ETH,109.71
2026-02-17,09:56:35,2026-02-17T09:56:35.000Z,Rollbit,0xcbd6832ebc203e49e2b771897067fce3c58575ac,0.029148,ETH,81.61
2026-02-17,09:56:59,2026-02-17T09:56:59.000Z,Rollbit,0xcbd6832ebc203e49e2b771897067fce3c58575ac,0.109999,ETH,308.00
2026-02-17,09:56:59,2026-02-17T09:56:59.000Z,Rollbit,0xcbd6832ebc203e49e2b771897067fce3c58575ac,0.050625,ETH,141.75
2026-02-17,09:56:59,2026-02-17T09:56:59.000Z,Rainbet,0x307576dd4f73f91bb8c4a2edb762938e8e067d31,0.028464,ETH,79.70
2026-02-17,09:56:59,2026-02-17T09:56:59.000Z,Rainbet,0x307576dd4f73f91bb8c4a2edb762938e8e067d31,0.020071,ETH,56.20
2026-02-17,09:57:11,2026-02-17T09:57:11.000Z,Rollbit,0xcbd6832ebc203e49e2b771897067fce3c58575ac,0.126527,ETH,354.27
2026-02-17,09:57:23,2026-02-17T09:57:23.000Z,Rainbet,0x307576dd4f73f91bb8c4a2edb762938e8e067d31,0.126497,ETH,354.19
2026-02-17,09:57:23,2026-02-17T09:57:23.000Z,Rainbet,0x307576dd4f73f91bb8c4a2edb762938e8e067d31,0.042911,ETH,120.15
2026-02-17,09:57:35,2026-02-17T09:57:35.000Z,Rollbit,0xcbd6832ebc203e49e2b771897067fce3c58575ac,0.029789,ETH,83.41
2026-02-17,09:57:59,2026-02-17T09:57:59.000Z,Rainbet,0x307576dd4f73f91bb8c4a2edb762938e8e067d31,0.019979,ETH,55.94
2026-02-17,09:58:11,2026-02-17T09:58:11.000Z,Rollbit,0xcbd6832ebc203e49e2b771897067fce3c58575ac,0.019176,ETH,53.69
2026-02-17,09:58:35,2026-02-17T09:58:35.000Z,Rollbit,0xcbd6832ebc203e49e2b771897067fce3c58575ac,0.106574,ETH,298.41
2026-02-17,09:58:35,2026-02-17T09:58:35.000Z,Rainbet,0x307576dd4f73f91bb8c4a2edb762938e8e067d31,0.176055,ETH,492.95
2026-02-17,09:58:47,2026-02-17T09:58:47.000Z,Rollbit,0xcbd6832ebc203e49e2b771897067fce3c58575ac,0.015329,ETH,42.92
2026-02-17,09:58:47,2026-02-17T09:58:47.000Z,Rainbet,0x307576dd4f73f91bb8c4a2edb762938e8e067d31,0.008578,ETH,24.02
2026-02-17,09:58:47,2026-02-17T09:58:47.000Z,Rainbet,0x307576dd4f73f91bb8c4a2edb762938e8e067d31,0.113628,ETH,318.16
2026-02-17,09:59:23,2026-02-17T09:59:23.000Z,Rainbet,0x307576dd4f73f91bb8c4a2edb762938e8e067d31,0.008309,ETH,23.27
2026-02-17,09:59:23,2026-02-17T09:59:23.000Z,Rainbet,0x307576dd4f73f91bb8c4a2edb762938e8e067d31,0.017387,ETH,48.68
2026-02-17,09:59:47,2026-02-17T09:59:47.000Z,Rainbet,0x307576dd4f73f91bb8c4a2edb762938e8e067d31,0.011977,ETH,33.54
2026-02-17,09:59:47,2026-02-17T09:59:47.000Z,Bitcasino,0x5bcbdfb6cc624b959c39a2d16110d1f2d9204f72,0.021971,ETH,61.52
2026-02-17,10:00:47,2026-02-17T10:00:47.000Z,Rainbet,0x307576dd4f73f91bb8c4a2edb762938e8e067d31,0.150311,ETH,420.87
2026-02-17,10:01:11,2026-02-17T10:01:11.000Z,Rainbet,0x307576dd4f73f91bb8c4a2edb762938e8e067d31,0.035021,ETH,98.06
2026-02-17,10:01:11,2026-02-17T10:01:11.000Z,Bitcasino,0x5bcbdfb6cc624b959c39a2d16110d1f2d9204f72,0.160139,ETH,448.39
2026-02-17,10:01:23,2026-02-17T10:01:23.000Z,Rainbet,0x307576dd4f73f91bb8c4a2edb762938e8e067d31,0.009809,ETH,27.47
2026-02-17,10:01:35,2026-02-17T10:01:35.000Z,Bitcasino,0x5bcbdfb6cc624b959c39a2d16110d1f2d9204f72,0.505877,ETH,1416.46
2026-02-17,10:01:59,2026-02-17T10:01:59.000Z,Rainbet,0x307576dd4f73f91bb8c4a2edb762938e8e067d31,0.034801,ETH,97.44
2026-02-17,10:01:59,2026-02-17T10:01:59.000Z,Rainbet,0x307576dd4f73f91bb8c4a2edb762938e8e067d31,0.034157,ETH,95.64
2026-02-17,10:01:59,2026-02-17T10:01:59.000Z,Rainbet,0x307576dd4f73f91bb8c4a2edb762938e8e067d31,0.050227,ETH,140.64
2026-02-17,10:02:23,2026-02-17T10:02:23.000Z,Rollbit,0xcbd6832ebc203e49e2b771897067fce3c58575ac,0.000206,ETH,0.58
2026-02-17,10:02:23,2026-02-17T10:02:23.000Z,Rainbet,0x307576dd4f73f91bb8c4a2edb762938e8e067d31,0.029999,ETH,84.00
2026-02-17,10:02:23,2026-02-17T10:02:23.000Z,Rainbet,0x307576dd4f73f91bb8c4a2edb762938e8e067d31,0.030122,ETH,84.34
2026-02-17,10:02:23,2026-02-17T10:02:23.000Z,Rainbet,0x307576dd4f73f91bb8c4a2edb762938e8e067d31,0.346991,ETH,971.57
2026-02-17,10:02:35,2026-02-17T10:02:35.000Z,Rainbet,0x307576dd4f73f91bb8c4a2edb762938e8e067d31,0.214199,ETH,599.76
2026-02-17,10:03:11,2026-02-17T10:03:11.000Z,Rollbit,0xcbd6832ebc203e49e2b771897067fce3c58575ac,0.018597,ETH,52.07
2026-02-17,10:03:23,2026-02-17T10:03:23.000Z,Rainbet,0x307576dd4f73f91bb8c4a2edb762938e8e067d31,0.063239,ETH,177.07
2026-02-17,10:03:35,2026-02-17T10:03:35.000Z,Rollbit,0xcbd6832ebc203e49e2b771897067fce3c58575ac,0.000205,ETH,0.57
2026-02-17,10:03:35,2026-02-17T10:03:35.000Z,Rainbet,0x307576dd4f73f91bb8c4a2edb762938e8e067d31,0.051229,ETH,143.44
2026-02-17,10:04:35,2026-02-17T10:04:35.000Z,Rainbet,0x307576dd4f73f91bb8c4a2edb762938e8e067d31,0.034292,ETH,96.02
2026-02-17,10:04:35,2026-02-17T10:04:35.000Z,Rainbet,0x307576dd4f73f91bb8c4a2edb762938e8e067d31,0.075050,ETH,210.14
2026-02-17,10:04:47,2026-02-17T10:04:47.000Z,Rainbet,0x307576dd4f73f91bb8c4a2edb762938e8e067d31,0.017084,ETH,47.84
2026-02-17,10:05:23,2026-02-17T10:05:23.000Z,Rainbet,0x307576dd4f73f91bb8c4a2edb762938e8e067d31,0.030867,ETH,86.43
2026-02-17,10:05:35,2026-02-17T10:05:35.000Z,Rollbit,0xcbd6832ebc203e49e2b771897067fce3c58575ac,0.253162,ETH,708.85
2026-02-17,10:05:35,2026-02-17T10:05:35.000Z,Roobet,0xc94ebb328ac25b95db0e0aa968371885fa516215,22.921543,ETH,64180.32
2026-02-17,10:05:35,2026-02-17T10:05:35.000Z,Rainbet,0x307576dd4f73f91bb8c4a2edb762938e8e067d31,0.037049,ETH,103.74
2026-02-17,10:06:11,2026-02-17T10:06:11.000Z,Rainbet,0x307576dd4f73f91bb8c4a2edb762938e8e067d31,0.012272,ETH,34.36
2026-02-17,10:06:23,2026-02-17T10:06:23.000Z,Rainbet,0x307576dd4f73f91bb8c4a2edb762938e8e067d31,0.177679,ETH,497.50
2026-02-17,10:06:23,2026-02-17T10:06:23.000Z,Rainbet,0x307576dd4f73f91bb8c4a2edb762938e8e067d31,0.018263,ETH,51.14
2026-02-17,10:06:35,2026-02-17T10:06:35.000Z,Rollbit,0xcbd6832ebc203e49e2b771897067fce3c58575ac,0.018466,ETH,51.70
2026-02-17,10:06:47,2026-02-17T10:06:47.000Z,Rollbit,0xcbd6832ebc203e49e2b771897067fce3c58575ac,0.000119,ETH,0.33
2026-02-17,10:06:47,2026-02-17T10:06:47.000Z,Rainbet,0x307576dd4f73f91bb8c4a2edb762938e8e067d31,0.033792,ETH,94.62
2026-02-17,10:06:47,2026-02-17T10:06:47.000Z,Rainbet,0x307576dd4f73f91bb8c4a2edb762938e8e067d31,0.028203,ETH,78.97
2026-02-17,10:06:47,2026-02-17T10:06:47.000Z,Rainbet,0x307576dd4f73f91bb8c4a2edb762938e8e067d31,0.018753,ETH,52.51
2026-02-17,10:06:47,2026-02-17T10:06:47.000Z,Rainbet,0x307576dd4f73f91bb8c4a2edb762938e8e067d31,0.029978,ETH,83.94
2026-02-17,10:08:11,2026-02-17T10:08:11.000Z,Rainbet,0x307576dd4f73f91bb8c4a2edb762938e8e067d31,0.016589,ETH,46.45
2026-02-17,10:08:11,2026-02-17T10:08:11.000Z,Rainbet,0x307576dd4f73f91bb8c4a2edb762938e8e067d31,0.010999,ETH,30.80
2026-02-17,10:08:35,2026-02-17T10:08:35.000Z,Rainbet,0x307576dd4f73f91bb8c4a2edb762938e8e067d31,0.068658,ETH,192.24
2026-02-17,10:09:11,2026-02-17T10:09:11.000Z,Rollbit,0xcbd6832ebc203e49e2b771897067fce3c58575ac,0.031975,ETH,89.53
2026-02-17,10:09:35,2026-02-17T10:09:35.000Z,Rainbet,0x307576dd4f73f91bb8c4a2edb762938e8e067d31,0.030034,ETH,84.10
2026-02-17,10:09:35,2026-02-17T10:09:35.000Z,Rainbet,0x307576dd4f73f91bb8c4a2edb762938e8e067d31,0.016941,ETH,47.43
2026-02-17,10:10:23,2026-02-17T10:10:23.000Z,Rainbet,0x307576dd4f73f91bb8c4a2edb762938e8e067d31,0.015289,ETH,42.81
2026-02-17,10:11:23,2026-02-17T10:11:23.000Z,Rainbet,0x307576dd4f73f91bb8c4a2edb762938e8e067d31,0.035375,ETH,99.05
2026-02-17,10:11:23,2026-02-17T10:11:23.000Z,Rainbet,0x307576dd4f73f91bb8c4a2edb762938e8e067d31,0.012279,ETH,34.38
2026-02-17,10:11:35,2026-02-17T10:11:35.000Z,Rollbit,0xcbd6832ebc203e49e2b771897067fce3c58575ac,0.011604,ETH,32.49
2026-02-17,10:11:59,2026-02-17T10:11:59.000Z,Rollbit,0xcbd6832ebc203e49e2b771897067fce3c58575ac,0.000206,ETH,0.58
2026-02-17,10:11:59,2026-02-17T10:11:59.000Z,Rollbit,0xcbd6832ebc203e49e2b771897067fce3c58575ac,0.199999,ETH,560.00
2026-02-17,10:13:35,2026-02-17T10:13:35.000Z,Rainbet,0x307576dd4f73f91bb8c4a2edb762938e8e067d31,0.050417,ETH,141.17
2026-02-17,10:13:35,2026-02-17T10:13:35.000Z,Rainbet,0x307576dd4f73f91bb8c4a2edb762938e8e067d31,0.014571,ETH,40.80
2026-02-17,10:13:35,2026-02-17T10:13:35.000Z,Rainbet,0x307576dd4f73f91bb8c4a2edb762938e8e067d31,0.050635,ETH,141.78
2026-02-17,10:14:11,2026-02-17T10:14:11.000Z,Rainbet,0x307576dd4f73f91bb8c4a2edb762938e8e067d31,0.078209,ETH,218.98
2026-02-17,10:14:35,2026-02-17T10:14:35.000Z,Rainbet,0x307576dd4f73f91bb8c4a2edb762938e8e067d31,0.020199,ETH,56.56
2026-02-17,10:14:35,2026-02-17T10:14:35.000Z,Rainbet,0x307576dd4f73f91bb8c4a2edb762938e8e067d31,0.405572,ETH,1135.60
2026-02-17,10:14:35,2026-02-17T10:14:35.000Z,Rainbet,0x307576dd4f73f91bb8c4a2edb762938e8e067d31,0.019002,ETH,53.20
2026-02-17,10:16:23,2026-02-17T10:16:23.000Z,Rainbet,0x307576dd4f73f91bb8c4a2edb762938e8e067d31,0.012295,ETH,34.42
2026-02-17,10:16:23,2026-02-17T10:16:23.000Z,Rainbet,0x307576dd4f73f91bb8c4a2edb762938e8e067d31,0.149095,ETH,417.47
2026-02-17,10:16:23,2026-02-17T10:16:23.000Z,Rainbet,0x307576dd4f73f91bb8c4a2edb762938e8e067d31,0.477045,ETH,1335.73
2026-02-17,10:16:23,2026-02-17T10:16:23.000Z,Rainbet,0x307576dd4f73f91bb8c4a2edb762938e8e067d31,0.010362,ETH,29.01
2026-02-17,10:17:35,2026-02-17T10:17:35.000Z,Rollbit,0xcbd6832ebc203e49e2b771897067fce3c58575ac,0.000198,ETH,0.56
2026-02-17,10:17:35,2026-02-17T10:17:35.000Z,Rollbit,0xcbd6832ebc203e49e2b771897067fce3c58575ac,0.000204,ETH,0.57
2026-02-17,10:17:35,2026-02-17T10:17:35.000Z,Rainbet,0x307576dd4f73f91bb8c4a2edb762938e8e067d31,0.074739,ETH,209.27
2026-02-17,10:18:35,2026-02-17T10:18:35.000Z,Rainbet,0x307576dd4f73f91bb8c4a2edb762938e8e067d31,0.026213,ETH,73.40
2026-02-17,10:19:11,2026-02-17T10:19:11.000Z,Rainbet,0x307576dd4f73f91bb8c4a2edb762938e8e067d31,0.126872,ETH,355.24
2026-02-17,10:19:11,2026-02-17T10:19:11.000Z,Rainbet,0x307576dd4f73f91bb8c4a2edb762938e8e067d31,0.014233,ETH,39.85
2026-02-17,10:19:59,2026-02-17T10:19:59.000Z,Rollbit,0xcbd6832ebc203e49e2b771897067fce3c58575ac,0.048494,ETH,135.78
2026-02-17,10:20:11,2026-02-17T10:20:11.000Z,Rainbet,0x307576dd4f73f91bb8c4a2edb762938e8e067d31,0.042248,ETH,118.29
2026-02-17,10:20:23,2026-02-17T10:20:23.000Z,Rainbet,0x307576dd4f73f91bb8c4a2edb762938e8e067d31,0.008309,ETH,23.27
2026-02-17,10:20:47,2026-02-17T10:20:47.000Z,Rollbit,0xcbd6832ebc203e49e2b771897067fce3c58575ac,0.054839,ETH,153.55
2026-02-17,10:20:47,2026-02-17T10:20:47.000Z,Rainbet,0x307576dd4f73f91bb8c4a2edb762938e8e067d31,0.070075,ETH,196.21
2026-02-17,10:21:23,2026-02-17T10:21:23.000Z,Rainbet,0x307576dd4f73f91bb8c4a2edb762938e8e067d31,0.012345,ETH,34.57
2026-02-17,10:21:23,2026-02-17T10:21:23.000Z,Rainbet,0x307576dd4f73f91bb8c4a2edb762938e8e067d31,0.019978,ETH,55.94
2026-02-17,10:21:23,2026-02-17T10:21:23.000Z,Rainbet,0x307576dd4f73f91bb8c4a2edb762938e8e067d31,0.126792,ETH,355.02
2026-02-17,10:21:35,2026-02-17T10:21:35.000Z,Rainbet,0x307576dd4f73f91bb8c4a2edb762938e8e067d31,0.015266,ETH,42.74
2026-02-17,10:21:35,2026-02-17T10:21:35.000Z,Rainbet,0x307576dd4f73f91bb8c4a2edb762938e8e067d31,0.016629,ETH,46.56
2026-02-17,10:21:47,2026-02-17T10:21:47.000Z,Rollbit,0xcbd6832ebc203e49e2b771897067fce3c58575ac,0.029971,ETH,83.92
2026-02-17,10:22:11,2026-02-17T10:22:11.000Z,Rollbit,0xcbd6832ebc203e49e2b771897067fce3c58575ac,0.003311,ETH,9.27
2026-02-17,10:22:35,2026-02-17T10:22:35.000Z,Rollbit,0xcbd6832ebc203e49e2b771897067fce3c58575ac,0.000216,ETH,0.61
2026-02-17,10:22:35,2026-02-17T10:22:35.000Z,Rainbet,0x307576dd4f73f91bb8c4a2edb762938e8e067d31,0.020122,ETH,56.34
2026-02-17,10:22:59,2026-02-17T10:22:59.000Z,Rollbit,0xcbd6832ebc203e49e2b771897067fce3c58575ac,0.021999,ETH,61.60
2026-02-17,10:22:59,2026-02-17T10:22:59.000Z,Rainbet,0x307576dd4f73f91bb8c4a2edb762938e8e067d31,0.020386,ETH,57.08
2026-02-17,10:24:59,2026-02-17T10:24:59.000Z,Rainbet,0x307576dd4f73f91bb8c4a2edb762938e8e067d31,0.034289,ETH,96.01
2026-02-17,10:25:35,2026-02-17T10:25:35.000Z,Rainbet,0x307576dd4f73f91bb8c4a2edb762938e8e067d31,0.076493,ETH,214.18
2026-02-17,10:25:47,2026-02-17T10:25:47.000Z,Rainbet,0x307576dd4f73f91bb8c4a2edb762938e8e067d31,0.022899,ETH,64.12
2026-02-17,10:25:59,2026-02-17T10:25:59.000Z,Rollbit,0xcbd6832ebc203e49e2b771897067fce3c58575ac,0.054034,ETH,151.30
2026-02-17,10:26:23,2026-02-17T10:26:23.000Z,Roobet,0xc94ebb328ac25b95db0e0aa968371885fa516215,0.000001,ETH,0.00
2026-02-17,10:26:23,2026-02-17T10:26:23.000Z,Rainbet,0x307576dd4f73f91bb8c4a2edb762938e8e067d31,0.035206,ETH,98.58
2026-02-17,10:26:23,2026-02-17T10:26:23.000Z,Rainbet,0x307576dd4f73f91bb8c4a2edb762938e8e067d31,0.013089,ETH,36.65
2026-02-17,10:26:23,2026-02-17T10:26:23.000Z,Rainbet,0x307576dd4f73f91bb8c4a2edb762938e8e067d31,0.020321,ETH,56.90
2026-02-17,10:26:35,2026-02-17T10:26:35.000Z,Rollbit,0xcbd6832ebc203e49e2b771897067fce3c58575ac,0.008635,ETH,24.18
2026-02-17,10:26:35,2026-02-17T10:26:35.000Z,Rainbet,0x307576dd4f73f91bb8c4a2edb762938e8e067d31,0.074396,ETH,208.31
2026-02-17,10:26:47,2026-02-17T10:26:47.000Z,Rollbit,0xcbd6832ebc203e49e2b771897067fce3c58575ac,0.048816,ETH,136.69
2026-02-17,10:26:59,2026-02-17T10:26:59.000Z,Rollbit,0xcbd6832ebc203e49e2b771897067fce3c58575ac,0.199999,ETH,560.00
2026-02-17,10:28:35,2026-02-17T10:28:35.000Z,Rollbit,0xcbd6832ebc203e49e2b771897067fce3c58575ac,0.075507,ETH,211.42
2026-02-17,10:31:23,2026-02-17T10:31:23.000Z,Rollbit,0xcbd6832ebc203e49e2b771897067fce3c58575ac,0.011123,ETH,31.14
2026-02-17,10:32:11,2026-02-17T10:32:11.000Z,Rollbit,0xcbd6832ebc203e49e2b771897067fce3c58575ac,0.179140,ETH,501.59
2026-02-17,10:32:23,2026-02-17T10:32:23.000Z,Rollbit,0xcbd6832ebc203e49e2b771897067fce3c58575ac,0.346143,ETH,969.20
2026-02-17,10:33:59,2026-02-17T10:33:59.000Z,Rollbit,0xcbd6832ebc203e49e2b771897067fce3c58575ac,0.229999,ETH,644.00
2026-02-17,10:34:11,2026-02-17T10:34:11.000Z,Rollbit,0xcbd6832ebc203e49e2b771897067fce3c58575ac,0.014452,ETH,40.47
2026-02-17,10:35:47,2026-02-17T10:35:47.000Z,Rollbit,0xcbd6832ebc203e49e2b771897067fce3c58575ac,0.000209,ETH,0.59
2026-02-17,10:35:47,2026-02-17T10:35:47.000Z,Rollbit,0xcbd6832ebc203e49e2b771897067fce3c58575ac,0.014819,ETH,41.49
2026-02-17,10:36:47,2026-02-17T10:36:47.000Z,Rollbit,0xcbd6832ebc203e49e2b771897067fce3c58575ac,0.089795,ETH,251.43
2026-02-17,10:37:59,2026-02-17T10:37:59.000Z,Rollbit,0xcbd6832ebc203e49e2b771897067fce3c58575ac,0.018999,ETH,53.20
2026-02-17,10:39:35,2026-02-17T10:39:35.000Z,Rollbit,0xcbd6832ebc203e49e2b771897067fce3c58575ac,0.069191,ETH,193.74
2026-02-17,10:39:35,2026-02-17T10:39:35.000Z,Rollbit,0xcbd6832ebc203e49e2b771897067fce3c58575ac,0.010775,ETH,30.17
2026-02-17,10:40:59,2026-02-17T10:40:59.000Z,Rollbit,0xcbd6832ebc203e49e2b771897067fce3c58575ac,0.027164,ETH,76.06
2026-02-17,10:44:47,2026-02-17T10:44:47.000Z,Rollbit,0xcbd6832ebc203e49e2b771897067fce3c58575ac,0.018766,ETH,52.54
2026-02-17,10:45:35,2026-02-17T10:45:35.000Z,Rollbit,0xcbd6832ebc203e49e2b771897067fce3c58575ac,0.013999,ETH,39.20
2026-02-17,10:47:35,2026-02-17T10:47:35.000Z,Rollbit,0xcbd6832ebc203e49e2b771897067fce3c58575ac,0.150268,ETH,420.75
2026-02-17,10:47:59,2026-02-17T10:47:59.000Z,Rollbit,0xcbd6832ebc203e49e2b771897067fce3c58575ac,0.000207,ETH,0.58
2026-02-17,10:48:23,2026-02-17T10:48:23.000Z,Rollbit,0xcbd6832ebc203e49e2b771897067fce3c58575ac,0.005093,ETH,14.26
2026-02-17,10:48:35,2026-02-17T10:48:35.000Z,Rollbit,0xcbd6832ebc203e49e2b771897067fce3c58575ac,0.100871,ETH,282.44
2026-02-17,10:50:47,2026-02-17T10:50:47.000Z,Rollbit,0xcbd6832ebc203e49e2b771897067fce3c58575ac,0.016569,ETH,46.39
2026-02-17,10:50:47,2026-02-17T10:50:47.000Z,Rollbit,0xcbd6832ebc203e49e2b771897067fce3c58575ac,0.000934,ETH,2.61
2026-02-17,10:50:47,2026-02-17T10:50:47.000Z,Rollbit,0xcbd6832ebc203e49e2b771897067fce3c58575ac,0.057919,ETH,162.17
2026-02-17,10:51:47,2026-02-17T10:51:47.000Z,Rollbit,0xcbd6832ebc203e49e2b771897067fce3c58575ac,0.034186,ETH,95.72
2026-02-17,10:52:11,2026-02-17T10:52:11.000Z,Rollbit,0xcbd6832ebc203e49e2b771897067fce3c58575ac,0.118909,ETH,332.95
2026-02-17,10:54:11,2026-02-17T10:54:11.000Z,Rollbit,0xcbd6832ebc203e49e2b771897067fce3c58575ac,0.028499,ETH,79.80
2026-02-17,10:54:11,2026-02-17T10:54:11.000Z,Rollbit,0xcbd6832ebc203e49e2b771897067fce3c58575ac,0.005851,ETH,16.38
2026-02-17,10:56:35,2026-02-17T10:56:35.000Z,Rollbit,0xcbd6832ebc203e49e2b771897067fce3c58575ac,0.000212,ETH,0.59
2026-02-17,10:56:47,2026-02-17T10:56:47.000Z,Rollbit,0xcbd6832ebc203e49e2b771897067fce3c58575ac,0.239284,ETH,670.00
2026-02-17,10:57:35,2026-02-17T10:57:35.000Z,Rollbit,0xcbd6832ebc203e49e2b771897067fce3c58575ac,0.005091,ETH,14.25
2026-02-17,10:58:23,2026-02-17T10:58:23.000Z,Rollbit,0xcbd6832ebc203e49e2b771897067fce3c58575ac,0.031262,ETH,87.53
2026-02-17,11:01:35,2026-02-17T11:01:35.000Z,Rollbit,0xcbd6832ebc203e49e2b771897067fce3c58575ac,0.060297,ETH,168.83
2026-02-17,11:02:23,2026-02-17T11:02:23.000Z,Rollbit,0xcbd6832ebc203e49e2b771897067fce3c58575ac,0.000209,ETH,0.59
2026-02-17,11:02:47,2026-02-17T11:02:47.000Z,Rollbit,0xcbd6832ebc203e49e2b771897067fce3c58575ac,0.000209,ETH,0.59
2026-02-17,11:03:59,2026-02-17T11:03:59.000Z,Rollbit,0xcbd6832ebc203e49e2b771897067fce3c58575ac,0.010159,ETH,28.45
2026-02-17,11:03:59,2026-02-17T11:03:59.000Z,Rollbit,0xcbd6832ebc203e49e2b771897067fce3c58575ac,0.019999,ETH,56.00
2026-02-17,11:04:47,2026-02-17T11:04:47.000Z,Rollbit,0xcbd6832ebc203e49e2b771897067fce3c58575ac,0.058537,ETH,163.90
2026-02-17,11:05:11,2026-02-17T11:05:11.000Z,Rollbit,0xcbd6832ebc203e49e2b771897067fce3c58575ac,0.000215,ETH,0.60
2026-02-17,11:08:47,2026-02-17T11:08:47.000Z,Rollbit,0xcbd6832ebc203e49e2b771897067fce3c58575ac,0.000202,ETH,0.57
2026-02-17,11:08:47,2026-02-17T11:08:47.000Z,Rollbit,0xcbd6832ebc203e49e2b771897067fce3c58575ac,0.011590,ETH,32.45
2026-02-17,11:08:47,2026-02-17T11:08:47.000Z,Rollbit,0xcbd6832ebc203e49e2b771897067fce3c58575ac,0.345265,ETH,966.74
2026-02-17,11:09:35,2026-02-17T11:09:35.000Z,Rollbit,0xcbd6832ebc203e49e2b771897067fce3c58575ac,0.024621,ETH,68.94
2026-02-17,11:11:11,2026-02-17T11:11:11.000Z,Rollbit,0xcbd6832ebc203e49e2b771897067fce3c58575ac,0.000210,ETH,0.59
2026-02-17,11:11:23,2026-02-17T11:11:23.000Z,Rollbit,0xcbd6832ebc203e49e2b771897067fce3c58575ac,0.026492,ETH,74.18
2026-02-17,11:12:23,2026-02-17T11:12:23.000Z,Rollbit,0xcbd6832ebc203e49e2b771897067fce3c58575ac,0.034243,ETH,95.88
2026-02-17,11:12:59,2026-02-17T11:12:59.000Z,Rollbit,0xcbd6832ebc203e49e2b771897067fce3c58575ac,0.001670,ETH,4.67
2026-02-17,11:15:59,2026-02-17T11:15:59.000Z,Roobet,0xc94ebb328ac25b95db0e0aa968371885fa516215,27.969245,ETH,78313.89
2026-02-17,11:16:11,2026-02-17T11:16:11.000Z,Rollbit,0xcbd6832ebc203e49e2b771897067fce3c58575ac,0.002348,ETH,6.57
2026-02-17,11:18:23,2026-02-17T11:18:23.000Z,Rollbit,0xcbd6832ebc203e49e2b771897067fce3c58575ac,0.109999,ETH,308.00
2026-02-17,11:18:59,2026-02-17T11:18:59.000Z,Rollbit,0xcbd6832ebc203e49e2b771897067fce3c58575ac,0.029999,ETH,84.00
2026-02-17,11:18:59,2026-02-17T11:18:59.000Z,Rollbit,0xcbd6832ebc203e49e2b771897067fce3c58575ac,0.035399,ETH,99.12
2026-02-17,11:21:47,2026-02-17T11:21:47.000Z,Rollbit,0xcbd6832ebc203e49e2b771897067fce3c58575ac,0.037659,ETH,105.45
2026-02-17,11:21:59,2026-02-17T11:21:59.000Z,Rollbit,0xcbd6832ebc203e49e2b771897067fce3c58575ac,0.145086,ETH,406.24
2026-02-17,11:23:23,2026-02-17T11:23:23.000Z,Rollbit,0xcbd6832ebc203e49e2b771897067fce3c58575ac,0.129999,ETH,364.00
2026-02-17,11:24:35,2026-02-17T11:24:35.000Z,Rollbit,0xcbd6832ebc203e49e2b771897067fce3c58575ac,0.041079,ETH,115.02
2026-02-17,11:25:59,2026-02-17T11:25:59.000Z,Rollbit,0xcbd6832ebc203e49e2b771897067fce3c58575ac,0.042499,ETH,119.00
2026-02-17,11:25:59,2026-02-17T11:25:59.000Z,Rollbit,0xcbd6832ebc203e49e2b771897067fce3c58575ac,1.802404,ETH,5046.73
2026-02-17,11:26:23,2026-02-17T11:26:23.000Z,Rollbit,0xcbd6832ebc203e49e2b771897067fce3c58575ac,0.024075,ETH,67.41
2026-02-17,11:27:23,2026-02-17T11:27:23.000Z,Rollbit,0xcbd6832ebc203e49e2b771897067fce3c58575ac,0.079277,ETH,221.98
2026-02-17,11:28:23,2026-02-17T11:28:23.000Z,Rollbit,0xcbd6832ebc203e49e2b771897067fce3c58575ac,0.348682,ETH,976.31
2026-02-17,11:28:47,2026-02-17T11:28:47.000Z,Rollbit,0xcbd6832ebc203e49e2b771897067fce3c58575ac,0.032780,ETH,91.78
2026-02-17,11:29:59,2026-02-17T11:29:59.000Z,Rollbit,0xcbd6832ebc203e49e2b771897067fce3c58575ac,0.000206,ETH,0.58
2026-02-17,11:31:59,2026-02-17T11:31:59.000Z,Rollbit,0xcbd6832ebc203e49e2b771897067fce3c58575ac,0.004274,ETH,11.97
2026-02-17,11:32:59,2026-02-17T11:32:59.000Z,Rollbit,0xcbd6832ebc203e49e2b771897067fce3c58575ac,0.012825,ETH,35.91
2026-02-17,11:33:59,2026-02-17T11:33:59.000Z,Rollbit,0xcbd6832ebc203e49e2b771897067fce3c58575ac,0.072729,ETH,203.64
2026-02-17,11:35:59,2026-02-17T11:35:59.000Z,Rollbit,0xcbd6832ebc203e49e2b771897067fce3c58575ac,0.000208,ETH,0.58
2026-02-17,11:36:47,2026-02-17T11:36:47.000Z,Rollbit,0xcbd6832ebc203e49e2b771897067fce3c58575ac,0.000202,ETH,0.57
2026-02-17,11:39:35,2026-02-17T11:39:35.000Z,Rollbit,0xcbd6832ebc203e49e2b771897067fce3c58575ac,0.145096,ETH,406.27
2026-02-17,11:39:35,2026-02-17T11:39:35.000Z,Rollbit,0xcbd6832ebc203e49e2b771897067fce3c58575ac,0.000201,ETH,0.56
2026-02-17,11:40:59,2026-02-17T11:40:59.000Z,Rollbit,0xcbd6832ebc203e49e2b771897067fce3c58575ac,1.799805,ETH,5039.45
2026-02-17,11:41:35,2026-02-17T11:41:35.000Z,Rollbit,0xcbd6832ebc203e49e2b771897067fce3c58575ac,0.020299,ETH,56.84
2026-02-17,11:43:23,2026-02-17T11:43:23.000Z,Bitcasino,0x5bcbdfb6cc624b959c39a2d16110d1f2d9204f72,0.121999,ETH,341.60
2026-02-17,11:43:47,2026-02-17T11:43:47.000Z,Bitcasino,0x5bcbdfb6cc624b959c39a2d16110d1f2d9204f72,0.061013,ETH,170.84
2026-02-17,11:44:11,2026-02-17T11:44:11.000Z,Bitcasino,0x5bcbdfb6cc624b959c39a2d16110d1f2d9204f72,0.179999,ETH,504.00
2026-02-17,11:46:47,2026-02-17T11:46:47.000Z,Rollbit,0xcbd6832ebc203e49e2b771897067fce3c58575ac,0.054189,ETH,151.73
2026-02-17,11:47:23,2026-02-17T11:47:23.000Z,Rollbit,0xcbd6832ebc203e49e2b771897067fce3c58575ac,0.483845,ETH,1354.77
2026-02-17,11:49:11,2026-02-17T11:49:11.000Z,Rollbit,0xcbd6832ebc203e49e2b771897067fce3c58575ac,0.057798,ETH,161.83
2026-02-17,11:49:47,2026-02-17T11:49:47.000Z,Rollbit,0xcbd6832ebc203e49e2b771897067fce3c58575ac,0.037119,ETH,103.93
2026-02-17,11:53:11,2026-02-17T11:53:11.000Z,Rollbit,0xcbd6832ebc203e49e2b771897067fce3c58575ac,0.007152,ETH,20.02
2026-02-17,11:53:35,2026-02-17T11:53:35.000Z,Rollbit,0xcbd6832ebc203e49e2b771897067fce3c58575ac,0.109592,ETH,306.86
2026-02-17,11:53:47,2026-02-17T11:53:47.000Z,Rollbit,0xcbd6832ebc203e49e2b771897067fce3c58575ac,0.010019,ETH,28.05
2026-02-17,11:54:23,2026-02-17T11:54:23.000Z,Rollbit,0xcbd6832ebc203e49e2b771897067fce3c58575ac,0.027089,ETH,75.85
2026-02-17,11:56:11,2026-02-17T11:56:11.000Z,Rollbit,0xcbd6832ebc203e49e2b771897067fce3c58575ac,0.025061,ETH,70.17
2026-02-17,11:56:11,2026-02-17T11:56:11.000Z,Rollbit,0xcbd6832ebc203e49e2b771897067fce3c58575ac,0.053822,ETH,150.70
2026-02-17,12:00:11,2026-02-17T12:00:11.000Z,Rollbit,0xcbd6832ebc203e49e2b771897067fce3c58575ac,0.000257,ETH,0.72
2026-02-17,12:00:23,2026-02-17T12:00:23.000Z,Rollbit,0xcbd6832ebc203e49e2b771897067fce3c58575ac,0.000130,ETH,0.36
2026-02-17,12:01:23,2026-02-17T12:01:23.000Z,Rollbit,0xcbd6832ebc203e49e2b771897067fce3c58575ac,0.020228,ETH,56.64
2026-02-17,12:01:47,2026-02-17T12:01:47.000Z,Rollbit,0xcbd6832ebc203e49e2b771897067fce3c58575ac,0.014814,ETH,41.48
2026-02-17,12:02:11,2026-02-17T12:02:11.000Z,Rollbit,0xcbd6832ebc203e49e2b771897067fce3c58575ac,0.025416,ETH,71.17
2026-02-17,12:02:59,2026-02-17T12:02:59.000Z,Rollbit,0xcbd6832ebc203e49e2b771897067fce3c58575ac,0.000254,ETH,0.71
2026-02-17,12:03:35,2026-02-17T12:03:35.000Z,Rollbit,0xcbd6832ebc203e49e2b771897067fce3c58575ac,0.194479,ETH,544.54
2026-02-17,12:06:23,2026-02-17T12:06:23.000Z,Rollbit,0xcbd6832ebc203e49e2b771897067fce3c58575ac,0.165679,ETH,463.90
2026-02-17,12:06:23,2026-02-17T12:06:23.000Z,Rollbit,0xcbd6832ebc203e49e2b771897067fce3c58575ac,0.199999,ETH,560.00
2026-02-17,12:07:11,2026-02-17T12:07:11.000Z,Rollbit,0xcbd6832ebc203e49e2b771897067fce3c58575ac,0.000195,ETH,0.55
2026-02-17,12:08:11,2026-02-17T12:08:11.000Z,Rollbit,0xcbd6832ebc203e49e2b771897067fce3c58575ac,0.015975,ETH,44.73
2026-02-17,12:08:11,2026-02-17T12:08:11.000Z,Rollbit,0xcbd6832ebc203e49e2b771897067fce3c58575ac,0.105999,ETH,296.80
2026-02-17,12:08:47,2026-02-17T12:08:47.000Z,Rollbit,0xcbd6832ebc203e49e2b771897067fce3c58575ac,0.000328,ETH,0.92
2026-02-17,12:08:47,2026-02-17T12:08:47.000Z,Rollbit,0xcbd6832ebc203e49e2b771897067fce3c58575ac,0.010009,ETH,28.03
2026-02-17,12:09:11,2026-02-17T12:09:11.000Z,Rollbit,0xcbd6832ebc203e49e2b771897067fce3c58575ac,0.034953,ETH,97.87
2026-02-17,12:09:35,2026-02-17T12:09:35.000Z,Rollbit,0xcbd6832ebc203e49e2b771897067fce3c58575ac,0.120294,ETH,336.82
2026-02-17,12:10:47,2026-02-17T12:10:47.000Z,Rollbit,0xcbd6832ebc203e49e2b771897067fce3c58575ac,0.000191,ETH,0.53
2026-02-17,12:10:47,2026-02-17T12:10:47.000Z,Rollbit,0xcbd6832ebc203e49e2b771897067fce3c58575ac,0.144946,ETH,405.85
2026-02-17,12:10:47,2026-02-17T12:10:47.000Z,Rollbit,0xcbd6832ebc203e49e2b771897067fce3c58575ac,0.013729,ETH,38.44
2026-02-17,12:12:11,2026-02-17T12:12:11.000Z,Rollbit,0xcbd6832ebc203e49e2b771897067fce3c58575ac,0.075945,ETH,212.65
2026-02-17,12:13:35,2026-02-17T12:13:35.000Z,Rollbit,0xcbd6832ebc203e49e2b771897067fce3c58575ac,0.068988,ETH,193.17
2026-02-17,12:14:23,2026-02-17T12:14:23.000Z,Rollbit,0xcbd6832ebc203e49e2b771897067fce3c58575ac,0.000189,ETH,0.53
2026-02-17,12:15:23,2026-02-17T12:15:23.000Z,Rollbit,0xcbd6832ebc203e49e2b771897067fce3c58575ac,0.025074,ETH,70.21
2026-02-17,12:16:35,2026-02-17T12:16:35.000Z,Bitcasino,0x5bcbdfb6cc624b959c39a2d16110d1f2d9204f72,0.199999,ETH,560.00
2026-02-17,12:16:59,2026-02-17T12:16:59.000Z,Rollbit,0xcbd6832ebc203e49e2b771897067fce3c58575ac,0.000188,ETH,0.53
2026-02-17,12:16:59,2026-02-17T12:16:59.000Z,Bitcasino,0x5bcbdfb6cc624b959c39a2d16110d1f2d9204f72,0.058033,ETH,162.49
2026-02-17,12:17:35,2026-02-17T12:17:35.000Z,Bitcasino,0x5bcbdfb6cc624b959c39a2d16110d1f2d9204f72,0.055139,ETH,154.39
2026-02-17,12:18:47,2026-02-17T12:18:47.000Z,Rollbit,0xcbd6832ebc203e49e2b771897067fce3c58575ac,0.297775,ETH,833.77
2026-02-17,12:19:35,2026-02-17T12:19:35.000Z,Rollbit,0xcbd6832ebc203e49e2b771897067fce3c58575ac,0.033676,ETH,94.29
2026-02-17,12:21:35,2026-02-17T12:21:35.000Z,Rollbit,0xcbd6832ebc203e49e2b771897067fce3c58575ac,0.013542,ETH,37.92
2026-02-17,12:21:35,2026-02-17T12:21:35.000Z,Rollbit,0xcbd6832ebc203e49e2b771897067fce3c58575ac,0.039662,ETH,111.05
2026-02-17,12:22:11,2026-02-17T12:22:11.000Z,Rollbit,0xcbd6832ebc203e49e2b771897067fce3c58575ac,0.000186,ETH,0.52
2026-02-17,12:23:47,2026-02-17T12:23:47.000Z,Rollbit,0xcbd6832ebc203e49e2b771897067fce3c58575ac,0.000860,ETH,2.41
2026-02-17,12:23:47,2026-02-17T12:23:47.000Z,Rollbit,0xcbd6832ebc203e49e2b771897067fce3c58575ac,0.009119,ETH,25.53
2026-02-17,12:24:11,2026-02-17T12:24:11.000Z,Rollbit,0xcbd6832ebc203e49e2b771897067fce3c58575ac,0.063400,ETH,177.52
2026-02-17,12:24:35,2026-02-17T12:24:35.000Z,Rollbit,0xcbd6832ebc203e49e2b771897067fce3c58575ac,0.000185,ETH,0.52
2026-02-17,12:24:35,2026-02-17T12:24:35.000Z,Rollbit,0xcbd6832ebc203e49e2b771897067fce3c58575ac,0.000185,ETH,0.52
2026-02-17,12:25:23,2026-02-17T12:25:23.000Z,Rollbit,0xcbd6832ebc203e49e2b771897067fce3c58575ac,0.059974,ETH,167.93
2026-02-17,12:25:23,2026-02-17T12:25:23.000Z,Rollbit,0xcbd6832ebc203e49e2b771897067fce3c58575ac,0.000185,ETH,0.52
2026-02-17,12:25:23,2026-02-17T12:25:23.000Z,Rollbit,0xcbd6832ebc203e49e2b771897067fce3c58575ac,0.032070,ETH,89.80
2026-02-17,12:26:11,2026-02-17T12:26:11.000Z,Roobet,0xc94ebb328ac25b95db0e0aa968371885fa516215,30.095159,ETH,84266.45
2026-02-17,12:26:47,2026-02-17T12:26:47.000Z,Rollbit,0xcbd6832ebc203e49e2b771897067fce3c58575ac,0.034195,ETH,95.75
2026-02-17,12:28:11,2026-02-17T12:28:11.000Z,Rollbit,0xcbd6832ebc203e49e2b771897067fce3c58575ac,0.023827,ETH,66.72
2026-02-17,12:30:11,2026-02-17T12:30:11.000Z,Rollbit,0xcbd6832ebc203e49e2b771897067fce3c58575ac,0.051946,ETH,145.45
2026-02-17,12:30:11,2026-02-17T12:30:11.000Z,Rollbit,0xcbd6832ebc203e49e2b771897067fce3c58575ac,0.413361,ETH,1157.41
2026-02-17,12:31:35,2026-02-17T12:31:35.000Z,Rollbit,0xcbd6832ebc203e49e2b771897067fce3c58575ac,0.096526,ETH,270.27
2026-02-17,12:37:11,2026-02-17T12:37:11.000Z,Rollbit,0xcbd6832ebc203e49e2b771897067fce3c58575ac,0.093873,ETH,262.84
2026-02-17,12:37:35,2026-02-17T12:37:35.000Z,Rollbit,0xcbd6832ebc203e49e2b771897067fce3c58575ac,0.000199,ETH,0.56
2026-02-17,12:39:11,2026-02-17T12:39:11.000Z,Rollbit,0xcbd6832ebc203e49e2b771897067fce3c58575ac,0.000191,ETH,0.53
2026-02-17,12:39:23,2026-02-17T12:39:23.000Z,Rollbit,0xcbd6832ebc203e49e2b771897067fce3c58575ac,0.071016,ETH,198.85
2026-02-17,12:44:59,2026-02-17T12:44:59.000Z,Rollbit,0xcbd6832ebc203e49e2b771897067fce3c58575ac,0.027496,ETH,76.99
2026-02-17,12:47:11,2026-02-17T12:47:11.000Z,Rollbit,0xcbd6832ebc203e49e2b771897067fce3c58575ac,0.009246,ETH,25.89
2026-02-17,12:47:35,2026-02-17T12:47:35.000Z,Rollbit,0xcbd6832ebc203e49e2b771897067fce3c58575ac,0.178323,ETH,499.30
2026-02-17,12:47:59,2026-02-17T12:47:59.000Z,Bitcasino,0x5bcbdfb6cc624b959c39a2d16110d1f2d9204f72,0.138667,ETH,388.27
2026-02-17,12:48:23,2026-02-17T12:48:23.000Z,Bitcasino,0x5bcbdfb6cc624b959c39a2d16110d1f2d9204f72,0.024813,ETH,69.48
2026-02-17,12:48:47,2026-02-17T12:48:47.000Z,Bitcasino,0x5bcbdfb6cc624b959c39a2d16110d1f2d9204f72,0.067929,ETH,190.20
2026-02-17,12:50:47,2026-02-17T12:50:47.000Z,Rollbit,0xcbd6832ebc203e49e2b771897067fce3c58575ac,0.020579,ETH,57.62
2026-02-17,12:51:23,2026-02-17T12:51:23.000Z,Bitcasino,0x5bcbdfb6cc624b959c39a2d16110d1f2d9204f72,0.080388,ETH,225.09
2026-02-17,12:51:59,2026-02-17T12:51:59.000Z,Bitcasino,0x5bcbdfb6cc624b959c39a2d16110d1f2d9204f72,0.031498,ETH,88.19
2026-02-17,12:52:59,2026-02-17T12:52:59.000Z,Rollbit,0xcbd6832ebc203e49e2b771897067fce3c58575ac,2.094722,ETH,5865.22
2026-02-17,12:53:59,2026-02-17T12:53:59.000Z,Rollbit,0xcbd6832ebc203e49e2b771897067fce3c58575ac,0.006498,ETH,18.19
2026-02-17,12:54:23,2026-02-17T12:54:23.000Z,Rollbit,0xcbd6832ebc203e49e2b771897067fce3c58575ac,0.070399,ETH,197.12
2026-02-17,12:55:59,2026-02-17T12:55:59.000Z,Rollbit,0xcbd6832ebc203e49e2b771897067fce3c58575ac,0.004157,ETH,11.64
2026-02-17,12:58:11,2026-02-17T12:58:11.000Z,Rollbit,0xcbd6832ebc203e49e2b771897067fce3c58575ac,0.101514,ETH,284.24
2026-02-17,12:58:11,2026-02-17T12:58:11.000Z,Rollbit,0xcbd6832ebc203e49e2b771897067fce3c58575ac,0.000195,ETH,0.55
2026-02-17,12:59:47,2026-02-17T12:59:47.000Z,Rollbit,0xcbd6832ebc203e49e2b771897067fce3c58575ac,0.050755,ETH,142.11
2026-02-17,13:01:11,2026-02-17T13:01:11.000Z,Rollbit,0xcbd6832ebc203e49e2b771897067fce3c58575ac,0.003948,ETH,11.05
2026-02-17,13:01:47,2026-02-17T13:01:47.000Z,Rollbit,0xcbd6832ebc203e49e2b771897067fce3c58575ac,0.495810,ETH,1388.27
2026-02-17,13:06:11,2026-02-17T13:06:11.000Z,Rollbit,0xcbd6832ebc203e49e2b771897067fce3c58575ac,0.047635,ETH,133.38
2026-02-17,13:06:47,2026-02-17T13:06:47.000Z,Rollbit,0xcbd6832ebc203e49e2b771897067fce3c58575ac,0.010509,ETH,29.42
2026-02-17,13:09:23,2026-02-17T13:09:23.000Z,Rollbit,0xcbd6832ebc203e49e2b771897067fce3c58575ac,0.000190,ETH,0.53
2026-02-17,13:09:23,2026-02-17T13:09:23.000Z,Rollbit,0xcbd6832ebc203e49e2b771897067fce3c58575ac,0.071105,ETH,199.09
2026-02-17,13:13:59,2026-02-17T13:13:59.000Z,Rollbit,0xcbd6832ebc203e49e2b771897067fce3c58575ac,0.053385,ETH,149.48
2026-02-17,13:14:35,2026-02-17T13:14:35.000Z,Rollbit,0xcbd6832ebc203e49e2b771897067fce3c58575ac,0.032098,ETH,89.87
2026-02-17,13:16:23,2026-02-17T13:16:23.000Z,Rollbit,0xcbd6832ebc203e49e2b771897067fce3c58575ac,0.009658,ETH,27.04
2026-02-17,13:23:23,2026-02-17T13:23:23.000Z,Bitcasino,0x5bcbdfb6cc624b959c39a2d16110d1f2d9204f72,0.045667,ETH,127.87
2026-02-17,13:24:35,2026-02-17T13:24:35.000Z,Rollbit,0xcbd6832ebc203e49e2b771897067fce3c58575ac,0.105581,ETH,295.63
2026-02-17,13:25:23,2026-02-17T13:25:23.000Z,Rollbit,0xcbd6832ebc203e49e2b771897067fce3c58575ac,0.011858,ETH,33.20
2026-02-17,13:25:23,2026-02-17T13:25:23.000Z,Rollbit,0xcbd6832ebc203e49e2b771897067fce3c58575ac,0.000474,ETH,1.33
2026-02-17,13:26:59,2026-02-17T13:26:59.000Z,Rollbit,0xcbd6832ebc203e49e2b771897067fce3c58575ac,0.035400,ETH,99.12
2026-02-17,13:26:59,2026-02-17T13:26:59.000Z,Rollbit,0xcbd6832ebc203e49e2b771897067fce3c58575ac,0.004306,ETH,12.06
2026-02-17,13:28:23,2026-02-17T13:28:23.000Z,Rollbit,0xcbd6832ebc203e49e2b771897067fce3c58575ac,0.010035,ETH,28.10
2026-02-17,13:32:11,2026-02-17T13:32:11.000Z,Rollbit,0xcbd6832ebc203e49e2b771897067fce3c58575ac,0.000440,ETH,1.23
2026-02-17,13:34:23,2026-02-17T13:34:23.000Z,Rollbit,0xcbd6832ebc203e49e2b771897067fce3c58575ac,0.053825,ETH,150.71
2026-02-17,13:34:59,2026-02-17T13:34:59.000Z,Rollbit,0xcbd6832ebc203e49e2b771897067fce3c58575ac,0.011541,ETH,32.31
2026-02-17,13:34:59,2026-02-17T13:34:59.000Z,Rollbit,0xcbd6832ebc203e49e2b771897067fce3c58575ac,0.000189,ETH,0.53
2026-02-17,13:36:35,2026-02-17T13:36:35.000Z,Rollbit,0xcbd6832ebc203e49e2b771897067fce3c58575ac,0.223456,ETH,625.68
2026-02-17,13:37:35,2026-02-17T13:37:35.000Z,Rollbit,0xcbd6832ebc203e49e2b771897067fce3c58575ac,0.000709,ETH,1.98
2026-02-17,13:39:11,2026-02-17T13:39:11.000Z,Rollbit,0xcbd6832ebc203e49e2b771897067fce3c58575ac,0.010088,ETH,28.25
2026-02-17,13:39:47,2026-02-17T13:39:47.000Z,Rollbit,0xcbd6832ebc203e49e2b771897067fce3c58575ac,0.016790,ETH,47.01
2026-02-17,13:40:23,2026-02-17T13:40:23.000Z,Rollbit,0xcbd6832ebc203e49e2b771897067fce3c58575ac,0.000366,ETH,1.02
2026-02-17,13:41:35,2026-02-17T13:41:35.000Z,Rollbit,0xcbd6832ebc203e49e2b771897067fce3c58575ac,0.000390,ETH,1.09
2026-02-17,13:41:47,2026-02-17T13:41:47.000Z,Rollbit,0xcbd6832ebc203e49e2b771897067fce3c58575ac,0.008844,ETH,24.76
2026-02-17,13:41:59,2026-02-17T13:41:59.000Z,Rollbit,0xcbd6832ebc203e49e2b771897067fce3c58575ac,0.634173,ETH,1775.68
2026-02-17,13:43:59,2026-02-17T13:43:59.000Z,Rollbit,0xcbd6832ebc203e49e2b771897067fce3c58575ac,0.010088,ETH,28.25
2026-02-17,13:44:11,2026-02-17T13:44:11.000Z,Rollbit,0xcbd6832ebc203e49e2b771897067fce3c58575ac,0.014331,ETH,40.13
2026-02-17,13:47:23,2026-02-17T13:47:23.000Z,Rollbit,0xcbd6832ebc203e49e2b771897067fce3c58575ac,0.072698,ETH,203.55
2026-02-17,13:47:23,2026-02-17T13:47:23.000Z,Rollbit,0xcbd6832ebc203e49e2b771897067fce3c58575ac,0.174892,ETH,489.70
2026-02-17,13:53:11,2026-02-17T13:53:11.000Z,Rollbit,0xcbd6832ebc203e49e2b771897067fce3c58575ac,0.007262,ETH,20.33
2026-02-17,13:54:23,2026-02-17T13:54:23.000Z,Rollbit,0xcbd6832ebc203e49e2b771897067fce3c58575ac,0.046831,ETH,131.13
2026-02-17,13:54:35,2026-02-17T13:54:35.000Z,Roobet,0xc94ebb328ac25b95db0e0aa968371885fa516215,20.684059,ETH,57915.37
2026-02-17,13:54:59,2026-02-17T13:54:59.000Z,Rollbit,0xcbd6832ebc203e49e2b771897067fce3c58575ac,0.016763,ETH,46.94
2026-02-17,13:58:23,2026-02-17T13:58:23.000Z,Rollbit,0xcbd6832ebc203e49e2b771897067fce3c58575ac,0.000427,ETH,1.20
2026-02-17,14:00:23,2026-02-17T14:00:23.000Z,Rollbit,0xcbd6832ebc203e49e2b771897067fce3c58575ac,0.025783,ETH,72.19
2026-02-17,14:00:47,2026-02-17T14:00:47.000Z,Bitcasino,0x5bcbdfb6cc624b959c39a2d16110d1f2d9204f72,0.252134,ETH,705.98
2026-02-17,14:00:59,2026-02-17T14:00:59.000Z,Rollbit,0xcbd6832ebc203e49e2b771897067fce3c58575ac,0.000436,ETH,1.22
2026-02-17,14:02:23,2026-02-17T14:02:23.000Z,Rollbit,0xcbd6832ebc203e49e2b771897067fce3c58575ac,0.004998,ETH,13.99
2026-02-17,14:02:23,2026-02-17T14:02:23.000Z,Rollbit,0xcbd6832ebc203e49e2b771897067fce3c58575ac,0.000439,ETH,1.23
2026-02-17,14:04:23,2026-02-17T14:04:23.000Z,Rollbit,0xcbd6832ebc203e49e2b771897067fce3c58575ac,0.099998,ETH,279.99
2026-02-17,14:04:47,2026-02-17T14:04:47.000Z,Rollbit,0xcbd6832ebc203e49e2b771897067fce3c58575ac,0.057308,ETH,160.46
2026-02-17,14:08:59,2026-02-17T14:08:59.000Z,Rollbit,0xcbd6832ebc203e49e2b771897067fce3c58575ac,0.144989,ETH,405.97
2026-02-17,14:09:47,2026-02-17T14:09:47.000Z,Rollbit,0xcbd6832ebc203e49e2b771897067fce3c58575ac,0.035685,ETH,99.92
2026-02-17,14:14:47,2026-02-17T14:14:47.000Z,Roobet,0xc94ebb328ac25b95db0e0aa968371885fa516215,21.199620,ETH,59358.94
2026-02-17,14:15:11,2026-02-17T14:15:11.000Z,Rollbit,0xcbd6832ebc203e49e2b771897067fce3c58575ac,0.076465,ETH,214.10
2026-02-17,14:15:11,2026-02-17T14:15:11.000Z,Rollbit,0xcbd6832ebc203e49e2b771897067fce3c58575ac,0.092771,ETH,259.76
2026-02-17,14:15:47,2026-02-17T14:15:47.000Z,Rollbit,0xcbd6832ebc203e49e2b771897067fce3c58575ac,0.010555,ETH,29.55
2026-02-17,14:18:59,2026-02-17T14:18:59.000Z,Rollbit,0xcbd6832ebc203e49e2b771897067fce3c58575ac,0.179997,ETH,503.99
2026-02-17,14:19:23,2026-02-17T14:19:23.000Z,Rollbit,0xcbd6832ebc203e49e2b771897067fce3c58575ac,0.100324,ETH,280.91
2026-02-17,14:19:23,2026-02-17T14:19:23.000Z,Rollbit,0xcbd6832ebc203e49e2b771897067fce3c58575ac,0.058915,ETH,164.96
2026-02-17,14:19:59,2026-02-17T14:19:59.000Z,Rollbit,0xcbd6832ebc203e49e2b771897067fce3c58575ac,0.057127,ETH,159.96
2026-02-17,14:20:47,2026-02-17T14:20:47.000Z,Duelbits,0x014435b1e39945cf4f5f0c3cbb5833195a95cc9b,0.000000,ETH,0.00
2026-02-17,14:22:47,2026-02-17T14:22:47.000Z,Rollbit,0xcbd6832ebc203e49e2b771897067fce3c58575ac,0.000348,ETH,0.98
2026-02-17,14:23:35,2026-02-17T14:23:35.000Z,Rollbit,0xcbd6832ebc203e49e2b771897067fce3c58575ac,0.024703,ETH,69.17
2026-02-17,14:24:23,2026-02-17T14:24:23.000Z,Rollbit,0xcbd6832ebc203e49e2b771897067fce3c58575ac,0.999997,ETH,2799.99
2026-02-17,14:24:47,2026-02-17T14:24:47.000Z,Rollbit,0xcbd6832ebc203e49e2b771897067fce3c58575ac,0.000344,ETH,0.96
2026-02-17,14:26:47,2026-02-17T14:26:47.000Z,Rollbit,0xcbd6832ebc203e49e2b771897067fce3c58575ac,0.000398,ETH,1.11
2026-02-17,14:30:11,2026-02-17T14:30:11.000Z,Rollbit,0xcbd6832ebc203e49e2b771897067fce3c58575ac,0.234832,ETH,657.53
2026-02-17,14:30:47,2026-02-17T14:30:47.000Z,Rollbit,0xcbd6832ebc203e49e2b771897067fce3c58575ac,0.000389,ETH,1.09
2026-02-17,14:31:47,2026-02-17T14:31:47.000Z,Rollbit,0xcbd6832ebc203e49e2b771897067fce3c58575ac,0.000389,ETH,1.09
2026-02-17,14:33:35,2026-02-17T14:33:35.000Z,Rollbit,0xcbd6832ebc203e49e2b771897067fce3c58575ac,0.133441,ETH,373.64
2026-02-17,14:33:35,2026-02-17T14:33:35.000Z,Rollbit,0xcbd6832ebc203e49e2b771897067fce3c58575ac,0.043824,ETH,122.71
2026-02-17,14:33:35,2026-02-17T14:33:35.000Z,Rollbit,0xcbd6832ebc203e49e2b771897067fce3c58575ac,0.997932,ETH,2794.21
2026-02-17,14:34:35,2026-02-17T14:34:35.000Z,Rollbit,0xcbd6832ebc203e49e2b771897067fce3c58575ac,0.021483,ETH,60.15
2026-02-17,14:34:35,2026-02-17T14:34:35.000Z,Rollbit,0xcbd6832ebc203e49e2b771897067fce3c58575ac,0.146383,ETH,409.87
2026-02-17,14:37:11,2026-02-17T14:37:11.000Z,Rollbit,0xcbd6832ebc203e49e2b771897067fce3c58575ac,0.029454,ETH,82.47
2026-02-17,14:39:59,2026-02-17T14:39:59.000Z,Rollbit,0xcbd6832ebc203e49e2b771897067fce3c58575ac,1.004518,ETH,2812.65
2026-02-17,14:40:23,2026-02-17T14:40:23.000Z,Rollbit,0xcbd6832ebc203e49e2b771897067fce3c58575ac,0.024716,ETH,69.20
2026-02-17,14:41:11,2026-02-17T14:41:11.000Z,Rollbit,0xcbd6832ebc203e49e2b771897067fce3c58575ac,0.011578,ETH,32.42
2026-02-17,14:42:11,2026-02-17T14:42:11.000Z,Rollbit,0xcbd6832ebc203e49e2b771897067fce3c58575ac,0.000666,ETH,1.87
2026-02-17,14:42:23,2026-02-17T14:42:23.000Z,Rollbit,0xcbd6832ebc203e49e2b771897067fce3c58575ac,0.499997,ETH,1399.99
2026-02-17,14:48:59,2026-02-17T14:48:59.000Z,Rollbit,0xcbd6832ebc203e49e2b771897067fce3c58575ac,0.000559,ETH,1.56
2026-02-17,14:48:59,2026-02-17T14:48:59.000Z,Rollbit,0xcbd6832ebc203e49e2b771897067fce3c58575ac,0.016428,ETH,46.00
2026-02-17,14:51:35,2026-02-17T14:51:35.000Z,Rollbit,0xcbd6832ebc203e49e2b771897067fce3c58575ac,0.000485,ETH,1.36
2026-02-17,14:51:35,2026-02-17T14:51:35.000Z,Rollbit,0xcbd6832ebc203e49e2b771897067fce3c58575ac,0.011554,ETH,32.35
2026-02-17,14:51:47,2026-02-17T14:51:47.000Z,Rollbit,0xcbd6832ebc203e49e2b771897067fce3c58575ac,0.000549,ETH,1.54
2026-02-17,14:52:23,2026-02-17T14:52:23.000Z,Rollbit,0xcbd6832ebc203e49e2b771897067fce3c58575ac,0.006595,ETH,18.47
2026-02-17,14:52:23,2026-02-17T14:52:23.000Z,Rollbit,0xcbd6832ebc203e49e2b771897067fce3c58575ac,0.000542,ETH,1.52
2026-02-17,14:55:11,2026-02-17T14:55:11.000Z,Rollbit,0xcbd6832ebc203e49e2b771897067fce3c58575ac,0.000515,ETH,1.44
2026-02-17,14:55:11,2026-02-17T14:55:11.000Z,Rollbit,0xcbd6832ebc203e49e2b771897067fce3c58575ac,0.039361,ETH,110.21
2026-02-17,14:55:23,2026-02-17T14:55:23.000Z,Rollbit,0xcbd6832ebc203e49e2b771897067fce3c58575ac,0.013997,ETH,39.19
2026-02-17,14:55:23,2026-02-17T14:55:23.000Z,Rollbit,0xcbd6832ebc203e49e2b771897067fce3c58575ac,0.060552,ETH,169.55
2026-02-17,14:55:23,2026-02-17T14:55:23.000Z,Rollbit,0xcbd6832ebc203e49e2b771897067fce3c58575ac,0.012147,ETH,34.01
2026-02-17,14:55:35,2026-02-17T14:55:35.000Z,Rollbit,0xcbd6832ebc203e49e2b771897067fce3c58575ac,0.031884,ETH,89.28
2026-02-17,14:55:35,2026-02-17T14:55:35.000Z,Rollbit,0xcbd6832ebc203e49e2b771897067fce3c58575ac,0.071508,ETH,200.22
2026-02-17,14:57:59,2026-02-17T14:57:59.000Z,Rollbit,0xcbd6832ebc203e49e2b771897067fce3c58575ac,0.041866,ETH,117.23
2026-02-17,14:57:59,2026-02-17T14:57:59.000Z,Duelbits,0x014435b1e39945cf4f5f0c3cbb5833195a95cc9b,0.000000,ETH,0.00
2026-02-17,14:59:35,2026-02-17T14:59:35.000Z,Rollbit,0xcbd6832ebc203e49e2b771897067fce3c58575ac,0.000495,ETH,1.39
2026-02-17,14:59:35,2026-02-17T14:59:35.000Z,Rollbit,0xcbd6832ebc203e49e2b771897067fce3c58575ac,0.051968,ETH,145.51
2026-02-17,14:59:59,2026-02-17T14:59:59.000Z,Rollbit,0xcbd6832ebc203e49e2b771897067fce3c58575ac,0.022316,ETH,62.48
2026-02-17,15:00:35,2026-02-17T15:00:35.000Z,Rollbit,0xcbd6832ebc203e49e2b771897067fce3c58575ac,0.017996,ETH,50.39
2026-02-17,15:02:47,2026-02-17T15:02:47.000Z,Rollbit,0xcbd6832ebc203e49e2b771897067fce3c58575ac,0.022851,ETH,63.98
2026-02-17,15:02:59,2026-02-17T15:02:59.000Z,Rollbit,0xcbd6832ebc203e49e2b771897067fce3c58575ac,0.004616,ETH,12.93
2026-02-17,15:04:23,2026-02-17T15:04:23.000Z,Rollbit,0xcbd6832ebc203e49e2b771897067fce3c58575ac,0.000448,ETH,1.25
2026-02-17,15:06:11,2026-02-17T15:06:11.000Z,Rollbit,0xcbd6832ebc203e49e2b771897067fce3c58575ac,0.179414,ETH,502.36
2026-02-17,15:06:11,2026-02-17T15:06:11.000Z,Duelbits,0x014435b1e39945cf4f5f0c3cbb5833195a95cc9b,0.000000,ETH,0.00
2026-02-17,15:06:11,2026-02-17T15:06:11.000Z,Duelbits,0x014435b1e39945cf4f5f0c3cbb5833195a95cc9b,0.000000,ETH,0.00
2026-02-17,15:06:35,2026-02-17T15:06:35.000Z,Rollbit,0xcbd6832ebc203e49e2b771897067fce3c58575ac,0.000454,ETH,1.27
2026-02-17,15:06:35,2026-02-17T15:06:35.000Z,Rollbit,0xcbd6832ebc203e49e2b771897067fce3c58575ac,0.010857,ETH,30.40
2026-02-17,15:06:47,2026-02-17T15:06:47.000Z,Rollbit,0xcbd6832ebc203e49e2b771897067fce3c58575ac,0.082147,ETH,230.01
2026-02-17,15:07:35,2026-02-17T15:07:35.000Z,Rollbit,0xcbd6832ebc203e49e2b771897067fce3c58575ac,0.242696,ETH,679.55
2026-02-17,15:08:23,2026-02-17T15:08:23.000Z,Rollbit,0xcbd6832ebc203e49e2b771897067fce3c58575ac,0.024209,ETH,67.79
2026-02-17,15:08:23,2026-02-17T15:08:23.000Z,Rollbit,0xcbd6832ebc203e49e2b771897067fce3c58575ac,0.012675,ETH,35.49
2026-02-17,15:08:23,2026-02-17T15:08:23.000Z,Bitcasino,0x5bcbdfb6cc624b959c39a2d16110d1f2d9204f72,0.056543,ETH,158.32
2026-02-17,15:10:35,2026-02-17T15:10:35.000Z,Rollbit,0xcbd6832ebc203e49e2b771897067fce3c58575ac,0.098743,ETH,276.48
2026-02-17,15:10:35,2026-02-17T15:10:35.000Z,Rollbit,0xcbd6832ebc203e49e2b771897067fce3c58575ac,0.329554,ETH,922.75
2026-02-17,15:10:59,2026-02-17T15:10:59.000Z,Rollbit,0xcbd6832ebc203e49e2b771897067fce3c58575ac,0.020070,ETH,56.19
2026-02-17,15:10:59,2026-02-17T15:10:59.000Z,Rollbit,0xcbd6832ebc203e49e2b771897067fce3c58575ac,0.575795,ETH,1612.23
2026-02-17,15:10:59,2026-02-17T15:10:59.000Z,Rollbit,0xcbd6832ebc203e49e2b771897067fce3c58575ac,0.033389,ETH,93.49
2026-02-17,15:12:11,2026-02-17T15:12:11.000Z,Rollbit,0xcbd6832ebc203e49e2b771897067fce3c58575ac,0.197997,ETH,554.39
2026-02-17,15:17:35,2026-02-17T15:17:35.000Z,Rollbit,0xcbd6832ebc203e49e2b771897067fce3c58575ac,0.000594,ETH,1.66
2026-02-17,15:18:59,2026-02-17T15:18:59.000Z,Rollbit,0xcbd6832ebc203e49e2b771897067fce3c58575ac,0.024432,ETH,68.41
2026-02-17,15:19:23,2026-02-17T15:19:23.000Z,Rollbit,0xcbd6832ebc203e49e2b771897067fce3c58575ac,0.073599,ETH,206.08
2026-02-17,15:19:35,2026-02-17T15:19:35.000Z,Rollbit,0xcbd6832ebc203e49e2b771897067fce3c58575ac,0.102896,ETH,288.11
2026-02-17,15:19:59,2026-02-17T15:19:59.000Z,Rollbit,0xcbd6832ebc203e49e2b771897067fce3c58575ac,0.000691,ETH,1.94
2026-02-17,15:21:47,2026-02-17T15:21:47.000Z,Rollbit,0xcbd6832ebc203e49e2b771897067fce3c58575ac,0.177997,ETH,498.39
2026-02-17,15:21:47,2026-02-17T15:21:47.000Z,Rollbit,0xcbd6832ebc203e49e2b771897067fce3c58575ac,0.029042,ETH,81.32
2026-02-17,15:21:59,2026-02-17T15:21:59.000Z,Rollbit,0xcbd6832ebc203e49e2b771897067fce3c58575ac,0.023978,ETH,67.14
2026-02-17,15:22:59,2026-02-17T15:22:59.000Z,Rollbit,0xcbd6832ebc203e49e2b771897067fce3c58575ac,1.999997,ETH,5599.99
2026-02-17,15:24:11,2026-02-17T15:24:11.000Z,Rollbit,0xcbd6832ebc203e49e2b771897067fce3c58575ac,0.146634,ETH,410.57
2026-02-17,15:24:35,2026-02-17T15:24:35.000Z,Rollbit,0xcbd6832ebc203e49e2b771897067fce3c58575ac,0.020497,ETH,57.39
2026-02-17,15:25:59,2026-02-17T15:25:59.000Z,Rollbit,0xcbd6832ebc203e49e2b771897067fce3c58575ac,0.241544,ETH,676.32
2026-02-17,15:29:23,2026-02-17T15:29:23.000Z,Rollbit,0xcbd6832ebc203e49e2b771897067fce3c58575ac,0.028662,ETH,80.25
2026-02-17,15:29:23,2026-02-17T15:29:23.000Z,Rollbit,0xcbd6832ebc203e49e2b771897067fce3c58575ac,0.025296,ETH,70.83
2026-02-17,15:33:11,2026-02-17T15:33:11.000Z,Rollbit,0xcbd6832ebc203e49e2b771897067fce3c58575ac,0.065887,ETH,184.48
2026-02-17,15:33:59,2026-02-17T15:33:59.000Z,Rollbit,0xcbd6832ebc203e49e2b771897067fce3c58575ac,0.061185,ETH,171.32
2026-02-17,15:34:35,2026-02-17T15:34:35.000Z,Rollbit,0xcbd6832ebc203e49e2b771897067fce3c58575ac,0.110824,ETH,310.31
2026-02-17,15:35:59,2026-02-17T15:35:59.000Z,Rollbit,0xcbd6832ebc203e49e2b771897067fce3c58575ac,0.022367,ETH,62.63
2026-02-17,15:36:35,2026-02-17T15:36:35.000Z,Rollbit,0xcbd6832ebc203e49e2b771897067fce3c58575ac,2.499997,ETH,6999.99
2026-02-17,15:37:11,2026-02-17T15:37:11.000Z,Rollbit,0xcbd6832ebc203e49e2b771897067fce3c58575ac,0.000660,ETH,1.85
2026-02-17,15:37:23,2026-02-17T15:37:23.000Z,Rollbit,0xcbd6832ebc203e49e2b771897067fce3c58575ac,0.009197,ETH,25.75
2026-02-17,15:38:23,2026-02-17T15:38:23.000Z,Rollbit,0xcbd6832ebc203e49e2b771897067fce3c58575ac,0.000734,ETH,2.06
2026-02-17,15:38:59,2026-02-17T15:38:59.000Z,Roobet,0xc94ebb328ac25b95db0e0aa968371885fa516215,20.991262,ETH,58775.53
2026-02-17,15:39:47,2026-02-17T15:39:47.000Z,Rollbit,0xcbd6832ebc203e49e2b771897067fce3c58575ac,0.417623,ETH,1169.34
2026-02-17,15:40:47,2026-02-17T15:40:47.000Z,Rollbit,0xcbd6832ebc203e49e2b771897067fce3c58575ac,0.151445,ETH,424.04
2026-02-17,15:41:23,2026-02-17T15:41:23.000Z,Rollbit,0xcbd6832ebc203e49e2b771897067fce3c58575ac,1.499996,ETH,4199.99
2026-02-17,15:41:23,2026-02-17T15:41:23.000Z,Rollbit,0xcbd6832ebc203e49e2b771897067fce3c58575ac,0.000627,ETH,1.76
2026-02-17,15:42:23,2026-02-17T15:42:23.000Z,Rollbit,0xcbd6832ebc203e49e2b771897067fce3c58575ac,0.051428,ETH,144.00
2026-02-17,15:43:47,2026-02-17T15:43:47.000Z,Rollbit,0xcbd6832ebc203e49e2b771897067fce3c58575ac,0.008953,ETH,25.07
2026-02-17,15:44:23,2026-02-17T15:44:23.000Z,Rollbit,0xcbd6832ebc203e49e2b771897067fce3c58575ac,0.355651,ETH,995.82
2026-02-17,15:45:23,2026-02-17T15:45:23.000Z,Bitcasino,0x5bcbdfb6cc624b959c39a2d16110d1f2d9204f72,0.037705,ETH,105.57
2026-02-17,15:46:23,2026-02-17T15:46:23.000Z,Bitcasino,0x5bcbdfb6cc624b959c39a2d16110d1f2d9204f72,0.339659,ETH,951.04
2026-02-17,15:47:23,2026-02-17T15:47:23.000Z,Rollbit,0xcbd6832ebc203e49e2b771897067fce3c58575ac,0.537263,ETH,1504.34
2026-02-17,15:48:23,2026-02-17T15:48:23.000Z,Rollbit,0xcbd6832ebc203e49e2b771897067fce3c58575ac,0.512571,ETH,1435.20
2026-02-17,15:48:23,2026-02-17T15:48:23.000Z,Rollbit,0xcbd6832ebc203e49e2b771897067fce3c58575ac,0.000689,ETH,1.93
2026-02-17,15:49:11,2026-02-17T15:49:11.000Z,Rollbit,0xcbd6832ebc203e49e2b771897067fce3c58575ac,0.030293,ETH,84.82
2026-02-17,15:49:35,2026-02-17T15:49:35.000Z,Rollbit,0xcbd6832ebc203e49e2b771897067fce3c58575ac,0.000671,ETH,1.88
2026-02-17,15:50:11,2026-02-17T15:50:11.000Z,Rollbit,0xcbd6832ebc203e49e2b771897067fce3c58575ac,0.026047,ETH,72.93
2026-02-17,15:50:35,2026-02-17T15:50:35.000Z,Rollbit,0xcbd6832ebc203e49e2b771897067fce3c58575ac,0.077097,ETH,215.87
2026-02-17,15:50:35,2026-02-17T15:50:35.000Z,Rollbit,0xcbd6832ebc203e49e2b771897067fce3c58575ac,0.110244,ETH,308.68
2026-02-17,15:51:11,2026-02-17T15:51:11.000Z,Rollbit,0xcbd6832ebc203e49e2b771897067fce3c58575ac,0.027065,ETH,75.78
2026-02-17,15:51:11,2026-02-17T15:51:11.000Z,Rollbit,0xcbd6832ebc203e49e2b771897067fce3c58575ac,0.016895,ETH,47.31
2026-02-17,15:51:23,2026-02-17T15:51:23.000Z,Rollbit,0xcbd6832ebc203e49e2b771897067fce3c58575ac,0.000673,ETH,1.89
2026-02-17,15:53:35,2026-02-17T15:53:35.000Z,Rollbit,0xcbd6832ebc203e49e2b771897067fce3c58575ac,0.000678,ETH,1.90
2026-02-17,15:54:47,2026-02-17T15:54:47.000Z,Rollbit,0xcbd6832ebc203e49e2b771897067fce3c58575ac,0.000637,ETH,1.78
2026-02-17,15:55:47,2026-02-17T15:55:47.000Z,Rollbit,0xcbd6832ebc203e49e2b771897067fce3c58575ac,0.043125,ETH,120.75
2026-02-17,15:57:23,2026-02-17T15:57:23.000Z,Rollbit,0xcbd6832ebc203e49e2b771897067fce3c58575ac,0.053794,ETH,150.62
2026-02-17,15:59:35,2026-02-17T15:59:35.000Z,Roobet,0xc94ebb328ac25b95db0e0aa968371885fa516215,28.405361,ETH,79535.01
2026-02-17,16:02:59,2026-02-17T16:02:59.000Z,Rollbit,0xcbd6832ebc203e49e2b771897067fce3c58575ac,0.862274,ETH,2414.37
2026-02-17,16:02:59,2026-02-17T16:02:59.000Z,Rollbit,0xcbd6832ebc203e49e2b771897067fce3c58575ac,0.000664,ETH,1.86
2026-02-17,16:07:59,2026-02-17T16:07:59.000Z,Rollbit,0xcbd6832ebc203e49e2b771897067fce3c58575ac,0.189988,ETH,531.97
2026-02-17,16:09:23,2026-02-17T16:09:23.000Z,Roobet,0xc94ebb328ac25b95db0e0aa968371885fa516215,29.213094,ETH,81796.66
2026-02-17,16:09:35,2026-02-17T16:09:35.000Z,Rollbit,0xcbd6832ebc203e49e2b771897067fce3c58575ac,0.295767,ETH,828.15
2026-02-17,16:10:35,2026-02-17T16:10:35.000Z,Rollbit,0xcbd6832ebc203e49e2b771897067fce3c58575ac,2.000984,ETH,5602.75
2026-02-17,16:10:59,2026-02-17T16:10:59.000Z,Rollbit,0xcbd6832ebc203e49e2b771897067fce3c58575ac,0.999988,ETH,2799.97
2026-02-17,16:11:47,2026-02-17T16:11:47.000Z,Rollbit,0xcbd6832ebc203e49e2b771897067fce3c58575ac,0.317543,ETH,889.12
2026-02-17,16:12:23,2026-02-17T16:12:23.000Z,Rollbit,0xcbd6832ebc203e49e2b771897067fce3c58575ac,0.035687,ETH,99.92
2026-02-17,16:13:23,2026-02-17T16:13:23.000Z,Rollbit,0xcbd6832ebc203e49e2b771897067fce3c58575ac,0.226381,ETH,633.87
2026-02-17,16:13:23,2026-02-17T16:13:23.000Z,Rollbit,0xcbd6832ebc203e49e2b771897067fce3c58575ac,0.036155,ETH,101.23
2026-02-17,16:14:35,2026-02-17T16:14:35.000Z,Rollbit,0xcbd6832ebc203e49e2b771897067fce3c58575ac,0.003009,ETH,8.42
2026-02-17,16:16:59,2026-02-17T16:16:59.000Z,Rollbit,0xcbd6832ebc203e49e2b771897067fce3c58575ac,0.026380,ETH,73.87
2026-02-17,16:17:23,2026-02-17T16:17:23.000Z,Rollbit,0xcbd6832ebc203e49e2b771897067fce3c58575ac,0.513647,ETH,1438.21
2026-02-17,16:17:35,2026-02-17T16:17:35.000Z,Rollbit,0xcbd6832ebc203e49e2b771897067fce3c58575ac,0.092057,ETH,257.76
2026-02-17,16:18:23,2026-02-17T16:18:23.000Z,Rollbit,0xcbd6832ebc203e49e2b771897067fce3c58575ac,0.026242,ETH,73.48
2026-02-17,16:18:35,2026-02-17T16:18:35.000Z,Rollbit,0xcbd6832ebc203e49e2b771897067fce3c58575ac,0.050794,ETH,142.22
2026-02-17,16:18:35,2026-02-17T16:18:35.000Z,Rollbit,0xcbd6832ebc203e49e2b771897067fce3c58575ac,0.002002,ETH,5.61
2026-02-17,16:18:47,2026-02-17T16:18:47.000Z,Rollbit,0xcbd6832ebc203e49e2b771897067fce3c58575ac,0.006101,ETH,17.08
2026-02-17,16:20:35,2026-02-17T16:20:35.000Z,Rollbit,0xcbd6832ebc203e49e2b771897067fce3c58575ac,0.181067,ETH,506.99
2026-02-17,16:22:23,2026-02-17T16:22:23.000Z,Rollbit,0xcbd6832ebc203e49e2b771897067fce3c58575ac,0.178418,ETH,499.57
2026-02-17,16:23:11,2026-02-17T16:23:11.000Z,Rollbit,0xcbd6832ebc203e49e2b771897067fce3c58575ac,0.589992,ETH,1651.98
2026-02-17,16:23:47,2026-02-17T16:23:47.000Z,Bitcasino,0x5bcbdfb6cc624b959c39a2d16110d1f2d9204f72,0.293724,ETH,822.43
2026-02-17,16:24:23,2026-02-17T16:24:23.000Z,Bitcasino,0x5bcbdfb6cc624b959c39a2d16110d1f2d9204f72,0.023409,ETH,65.54
2026-02-17,16:24:47,2026-02-17T16:24:47.000Z,Bitcasino,0x5bcbdfb6cc624b959c39a2d16110d1f2d9204f72,0.053172,ETH,148.88
2026-02-17,16:25:23,2026-02-17T16:25:23.000Z,Bitcasino,0x5bcbdfb6cc624b959c39a2d16110d1f2d9204f72,0.134548,ETH,376.73
2026-02-17,16:26:23,2026-02-17T16:26:23.000Z,Rollbit,0xcbd6832ebc203e49e2b771897067fce3c58575ac,0.009107,ETH,25.50
2026-02-17,16:26:35,2026-02-17T16:26:35.000Z,Rollbit,0xcbd6832ebc203e49e2b771897067fce3c58575ac,0.024135,ETH,67.58
2026-02-17,16:27:23,2026-02-17T16:27:23.000Z,Rollbit,0xcbd6832ebc203e49e2b771897067fce3c58575ac,0.038391,ETH,107.50
2026-02-17,16:29:23,2026-02-17T16:29:23.000Z,Roobet,0xc94ebb328ac25b95db0e0aa968371885fa516215,20.885916,ETH,58480.56
2026-02-17,16:30:47,2026-02-17T16:30:47.000Z,Rollbit,0xcbd6832ebc203e49e2b771897067fce3c58575ac,0.029774,ETH,83.37
2026-02-17,16:32:11,2026-02-17T16:32:11.000Z,Rollbit,0xcbd6832ebc203e49e2b771897067fce3c58575ac,0.000957,ETH,2.68
2026-02-17,16:33:47,2026-02-17T16:33:47.000Z,Rollbit,0xcbd6832ebc203e49e2b771897067fce3c58575ac,0.314724,ETH,881.23
2026-02-17,16:35:23,2026-02-17T16:35:23.000Z,Rollbit,0xcbd6832ebc203e49e2b771897067fce3c58575ac,0.296351,ETH,829.78
2026-02-17,16:35:23,2026-02-17T16:35:23.000Z,Rollbit,0xcbd6832ebc203e49e2b771897067fce3c58575ac,0.628890,ETH,1760.89
2026-02-17,16:35:47,2026-02-17T16:35:47.000Z,Rollbit,0xcbd6832ebc203e49e2b771897067fce3c58575ac,0.030856,ETH,86.40
2026-02-17,16:37:11,2026-02-17T16:37:11.000Z,Rollbit,0xcbd6832ebc203e49e2b771897067fce3c58575ac,0.002776,ETH,7.77
2026-02-17,16:38:35,2026-02-17T16:38:35.000Z,Rollbit,0xcbd6832ebc203e49e2b771897067fce3c58575ac,0.018360,ETH,51.41
2026-02-17,16:38:35,2026-02-17T16:38:35.000Z,Rollbit,0xcbd6832ebc203e49e2b771897067fce3c58575ac,0.069991,ETH,195.97
2026-02-17,16:38:47,2026-02-17T16:38:47.000Z,Rollbit,0xcbd6832ebc203e49e2b771897067fce3c58575ac,0.015429,ETH,43.20
2026-02-17,16:38:59,2026-02-17T16:38:59.000Z,Rollbit,0xcbd6832ebc203e49e2b771897067fce3c58575ac,0.018502,ETH,51.81
2026-02-17,16:38:59,2026-02-17T16:38:59.000Z,Rollbit,0xcbd6832ebc203e49e2b771897067fce3c58575ac,0.014050,ETH,39.34
2026-02-17,16:39:23,2026-02-17T16:39:23.000Z,Rollbit,0xcbd6832ebc203e49e2b771897067fce3c58575ac,0.003294,ETH,9.22
2026-02-17,16:39:23,2026-02-17T16:39:23.000Z,Rollbit,0xcbd6832ebc203e49e2b771897067fce3c58575ac,0.003294,ETH,9.22
2026-02-17,16:40:11,2026-02-17T16:40:11.000Z,Rollbit,0xcbd6832ebc203e49e2b771897067fce3c58575ac,0.003251,ETH,9.10
2026-02-17,16:40:35,2026-02-17T16:40:35.000Z,Rollbit,0xcbd6832ebc203e49e2b771897067fce3c58575ac,0.010553,ETH,29.55
2026-02-17,16:41:23,2026-02-17T16:41:23.000Z,Rollbit,0xcbd6832ebc203e49e2b771897067fce3c58575ac,0.024082,ETH,67.43
2026-02-17,16:41:47,2026-02-17T16:41:47.000Z,Rollbit,0xcbd6832ebc203e49e2b771897067fce3c58575ac,0.075604,ETH,211.69
2026-02-17,16:41:47,2026-02-17T16:41:47.000Z,Rollbit,0xcbd6832ebc203e49e2b771897067fce3c58575ac,0.024204,ETH,67.77
2026-02-17,16:44:23,2026-02-17T16:44:23.000Z,Rollbit,0xcbd6832ebc203e49e2b771897067fce3c58575ac,0.008726,ETH,24.43
2026-02-17,16:44:47,2026-02-17T16:44:47.000Z,Rollbit,0xcbd6832ebc203e49e2b771897067fce3c58575ac,0.349430,ETH,978.40
2026-02-17,16:45:47,2026-02-17T16:45:47.000Z,Rollbit,0xcbd6832ebc203e49e2b771897067fce3c58575ac,0.029804,ETH,83.45
2026-02-17,16:46:35,2026-02-17T16:46:35.000Z,Rollbit,0xcbd6832ebc203e49e2b771897067fce3c58575ac,0.135074,ETH,378.21
2026-02-17,16:46:35,2026-02-17T16:46:35.000Z,Rollbit,0xcbd6832ebc203e49e2b771897067fce3c58575ac,0.001909,ETH,5.35
2026-02-17,16:46:59,2026-02-17T16:46:59.000Z,Rollbit,0xcbd6832ebc203e49e2b771897067fce3c58575ac,0.001870,ETH,5.24
2026-02-17,16:47:23,2026-02-17T16:47:23.000Z,Rollbit,0xcbd6832ebc203e49e2b771897067fce3c58575ac,0.510303,ETH,1428.85
2026-02-17,16:47:35,2026-02-17T16:47:35.000Z,Rollbit,0xcbd6832ebc203e49e2b771897067fce3c58575ac,0.025921,ETH,72.58
2026-02-17,16:48:47,2026-02-17T16:48:47.000Z,Rollbit,0xcbd6832ebc203e49e2b771897067fce3c58575ac,0.001743,ETH,4.88
2026-02-17,16:49:35,2026-02-17T16:49:35.000Z,Rollbit,0xcbd6832ebc203e49e2b771897067fce3c58575ac,0.029663,ETH,83.06
2026-02-17,16:49:35,2026-02-17T16:49:35.000Z,Rollbit,0xcbd6832ebc203e49e2b771897067fce3c58575ac,0.148570,ETH,416.00
2026-02-17,16:49:35,2026-02-17T16:49:35.000Z,Rollbit,0xcbd6832ebc203e49e2b771897067fce3c58575ac,0.027579,ETH,77.22
2026-02-17,16:50:23,2026-02-17T16:50:23.000Z,Rollbit,0xcbd6832ebc203e49e2b771897067fce3c58575ac,0.001671,ETH,4.68
2026-02-17,16:52:23,2026-02-17T16:52:23.000Z,Rollbit,0xcbd6832ebc203e49e2b771897067fce3c58575ac,0.009410,ETH,26.35
2026-02-17,16:53:11,2026-02-17T16:53:11.000Z,Rollbit,0xcbd6832ebc203e49e2b771897067fce3c58575ac,2.620331,ETH,7336.93
2026-02-17,16:54:11,2026-02-17T16:54:11.000Z,Rollbit,0xcbd6832ebc203e49e2b771897067fce3c58575ac,0.002609,ETH,7.31
2026-02-17,16:54:35,2026-02-17T16:54:35.000Z,Rollbit,0xcbd6832ebc203e49e2b771897067fce3c58575ac,0.001581,ETH,4.43
2026-02-17,16:55:47,2026-02-17T16:55:47.000Z,Rollbit,0xcbd6832ebc203e49e2b771897067fce3c58575ac,0.012934,ETH,36.21
2026-02-17,16:56:35,2026-02-17T16:56:35.000Z,Stake 11,0x787b8840100d9baadd7463f4a73b5ba73b00c6ca,0.004512,ETH,12.63
2026-02-17,16:56:35,2026-02-17T16:56:35.000Z,Stake 11,0x787b8840100d9baadd7463f4a73b5ba73b00c6ca,0.025110,ETH,70.31
2026-02-17,16:56:35,2026-02-17T16:56:35.000Z,Bitcasino,0x5bcbdfb6cc624b959c39a2d16110d1f2d9204f72,0.040749,ETH,114.10
2026-02-17,16:56:59,2026-02-17T16:56:59.000Z,Rollbit,0xcbd6832ebc203e49e2b771897067fce3c58575ac,0.002407,ETH,6.74
2026-02-17,16:57:47,2026-02-17T16:57:47.000Z,Rollbit,0xcbd6832ebc203e49e2b771897067fce3c58575ac,0.001663,ETH,4.66
2026-02-17,16:57:59,2026-02-17T16:57:59.000Z,Stake 11,0x787b8840100d9baadd7463f4a73b5ba73b00c6ca,0.027941,ETH,78.24
2026-02-17,16:57:59,2026-02-17T16:57:59.000Z,Stake 11,0x787b8840100d9baadd7463f4a73b5ba73b00c6ca,0.201310,ETH,563.67
2026-02-17,16:57:59,2026-02-17T16:57:59.000Z,Stake 11,0x787b8840100d9baadd7463f4a73b5ba73b00c6ca,0.000062,ETH,0.17
2026-02-17,16:58:59,2026-02-17T16:58:59.000Z,Stake 11,0x787b8840100d9baadd7463f4a73b5ba73b00c6ca,0.047253,ETH,132.31
2026-02-17,16:58:59,2026-02-17T16:58:59.000Z,Stake 11,0x787b8840100d9baadd7463f4a73b5ba73b00c6ca,0.005064,ETH,14.18
2026-02-17,16:58:59,2026-02-17T16:58:59.000Z,Stake 11,0x787b8840100d9baadd7463f4a73b5ba73b00c6ca,0.000058,ETH,0.16
2026-02-17,16:58:59,2026-02-17T16:58:59.000Z,Stake 11,0x787b8840100d9baadd7463f4a73b5ba73b00c6ca,0.002352,ETH,6.58
2026-02-17,16:58:59,2026-02-17T16:58:59.000Z,Stake 11,0x787b8840100d9baadd7463f4a73b5ba73b00c6ca,0.000064,ETH,0.18
2026-02-17,16:58:59,2026-02-17T16:58:59.000Z,Stake 11,0x787b8840100d9baadd7463f4a73b5ba73b00c6ca,0.045165,ETH,126.46
2026-02-17,16:58:59,2026-02-17T16:58:59.000Z,Stake 11,0x787b8840100d9baadd7463f4a73b5ba73b00c6ca,0.093889,ETH,262.89
2026-02-17,16:58:59,2026-02-17T16:58:59.000Z,Stake 11,0x787b8840100d9baadd7463f4a73b5ba73b00c6ca,0.000063,ETH,0.18
2026-02-17,16:58:59,2026-02-17T16:58:59.000Z,Stake 11,0x787b8840100d9baadd7463f4a73b5ba73b00c6ca,0.007165,ETH,20.06
2026-02-17,16:58:59,2026-02-17T16:58:59.000Z,Stake 11,0x787b8840100d9baadd7463f4a73b5ba73b00c6ca,0.032505,ETH,91.01
2026-02-17,16:58:59,2026-02-17T16:58:59.000Z,Stake 11,0x787b8840100d9baadd7463f4a73b5ba73b00c6ca,0.000063,ETH,0.18
2026-02-17,16:58:59,2026-02-17T16:58:59.000Z,Stake 11,0x787b8840100d9baadd7463f4a73b5ba73b00c6ca,0.000063,ETH,0.18
2026-02-17,16:58:59,2026-02-17T16:58:59.000Z,Stake 11,0x787b8840100d9baadd7463f4a73b5ba73b00c6ca,0.007577,ETH,21.22
2026-02-17,16:58:59,2026-02-17T16:58:59.000Z,Stake 11,0x787b8840100d9baadd7463f4a73b5ba73b00c6ca,0.000061,ETH,0.17
2026-02-17,16:58:59,2026-02-17T16:58:59.000Z,Stake 11,0x787b8840100d9baadd7463f4a73b5ba73b00c6ca,0.005210,ETH,14.59
2026-02-17,16:58:59,2026-02-17T16:58:59.000Z,Stake 11,0x787b8840100d9baadd7463f4a73b5ba73b00c6ca,0.072281,ETH,202.39
2026-02-17,16:58:59,2026-02-17T16:58:59.000Z,Bitcasino,0x5bcbdfb6cc624b959c39a2d16110d1f2d9204f72,0.116156,ETH,325.24
2026-02-17,17:00:11,2026-02-17T17:00:11.000Z,Roobet,0xc94ebb328ac25b95db0e0aa968371885fa516215,22.672183,ETH,63482.11
2026-02-17,17:01:35,2026-02-17T17:01:35.000Z,Stake 11,0x787b8840100d9baadd7463f4a73b5ba73b00c6ca,0.045536,ETH,127.50
2026-02-17,17:01:47,2026-02-17T17:01:47.000Z,Stake 11,0x787b8840100d9baadd7463f4a73b5ba73b00c6ca,0.249849,ETH,699.58
2026-02-17,17:01:47,2026-02-17T17:01:47.000Z,Stake 11,0x787b8840100d9baadd7463f4a73b5ba73b00c6ca,0.020339,ETH,56.95
2026-02-17,17:01:47,2026-02-17T17:01:47.000Z,Stake 11,0x787b8840100d9baadd7463f4a73b5ba73b00c6ca,0.012332,ETH,34.53
2026-02-17,17:02:59,2026-02-17T17:02:59.000Z,Stake 11,0x787b8840100d9baadd7463f4a73b5ba73b00c6ca,0.005198,ETH,14.55
2026-02-17,17:02:59,2026-02-17T17:02:59.000Z,Stake 11,0x787b8840100d9baadd7463f4a73b5ba73b00c6ca,0.023517,ETH,65.85
2026-02-17,17:02:59,2026-02-17T17:02:59.000Z,Stake 11,0x787b8840100d9baadd7463f4a73b5ba73b00c6ca,0.113624,ETH,318.15
2026-02-17,17:02:59,2026-02-17T17:02:59.000Z,Stake 11,0x787b8840100d9baadd7463f4a73b5ba73b00c6ca,0.099488,ETH,278.57
2026-02-17,17:02:59,2026-02-17T17:02:59.000Z,Stake 11,0x787b8840100d9baadd7463f4a73b5ba73b00c6ca,0.021465,ETH,60.10
2026-02-17,17:02:59,2026-02-17T17:02:59.000Z,Stake 11,0x787b8840100d9baadd7463f4a73b5ba73b00c6ca,0.013965,ETH,39.10
2026-02-17,17:02:59,2026-02-17T17:02:59.000Z,Stake 11,0x787b8840100d9baadd7463f4a73b5ba73b00c6ca,0.003512,ETH,9.83
2026-02-17,17:02:59,2026-02-17T17:02:59.000Z,Stake 11,0x787b8840100d9baadd7463f4a73b5ba73b00c6ca,0.005851,ETH,16.38
2026-02-17,17:03:11,2026-02-17T17:03:11.000Z,Stake 11,0x787b8840100d9baadd7463f4a73b5ba73b00c6ca,0.006311,ETH,17.67
2026-02-17,17:03:59,2026-02-17T17:03:59.000Z,Stake 11,0x787b8840100d9baadd7463f4a73b5ba73b00c6ca,0.044785,ETH,125.40
2026-02-17,17:04:11,2026-02-17T17:04:11.000Z,Stake 11,0x787b8840100d9baadd7463f4a73b5ba73b00c6ca,0.000911,ETH,2.55
2026-02-17,17:04:11,2026-02-17T17:04:11.000Z,Stake 11,0x787b8840100d9baadd7463f4a73b5ba73b00c6ca,0.099844,ETH,279.56
2026-02-17,17:04:23,2026-02-17T17:04:23.000Z,Rollbit,0xcbd6832ebc203e49e2b771897067fce3c58575ac,0.306507,ETH,858.22
2026-02-17,17:06:23,2026-02-17T17:06:23.000Z,Rollbit,0xcbd6832ebc203e49e2b771897067fce3c58575ac,0.088388,ETH,247.49
2026-02-17,17:06:47,2026-02-17T17:06:47.000Z,Stake 11,0x787b8840100d9baadd7463f4a73b5ba73b00c6ca,0.186151,ETH,521.22
2026-02-17,17:06:47,2026-02-17T17:06:47.000Z,Stake 11,0x787b8840100d9baadd7463f4a73b5ba73b00c6ca,0.005378,ETH,15.06
2026-02-17,17:06:59,2026-02-17T17:06:59.000Z,Rollbit,0xcbd6832ebc203e49e2b771897067fce3c58575ac,0.001558,ETH,4.36
2026-02-17,17:06:59,2026-02-17T17:06:59.000Z,Rollbit,0xcbd6832ebc203e49e2b771897067fce3c58575ac,0.019208,ETH,53.78
2026-02-17,17:07:47,2026-02-17T17:07:47.000Z,Rollbit,0xcbd6832ebc203e49e2b771897067fce3c58575ac,0.012170,ETH,34.08
2026-02-17,17:07:47,2026-02-17T17:07:47.000Z,Rollbit,0xcbd6832ebc203e49e2b771897067fce3c58575ac,0.054619,ETH,152.93
2026-02-17,17:08:11,2026-02-17T17:08:11.000Z,Rollbit,0xcbd6832ebc203e49e2b771897067fce3c58575ac,0.007168,ETH,20.07
2026-02-17,17:08:11,2026-02-17T17:08:11.000Z,Rollbit,0xcbd6832ebc203e49e2b771897067fce3c58575ac,0.021688,ETH,60.73
2026-02-17,17:08:23,2026-02-17T17:08:23.000Z,Rollbit,0xcbd6832ebc203e49e2b771897067fce3c58575ac,0.060037,ETH,168.10
2026-02-17,17:08:35,2026-02-17T17:08:35.000Z,Stake 11,0x787b8840100d9baadd7463f4a73b5ba73b00c6ca,0.096619,ETH,270.53
2026-02-17,17:08:59,2026-02-17T17:08:59.000Z,Rollbit,0xcbd6832ebc203e49e2b771897067fce3c58575ac,0.004988,ETH,13.97
2026-02-17,17:08:59,2026-02-17T17:08:59.000Z,Rollbit,0xcbd6832ebc203e49e2b771897067fce3c58575ac,0.059290,ETH,166.01
2026-02-17,17:09:23,2026-02-17T17:09:23.000Z,Rollbit,0xcbd6832ebc203e49e2b771897067fce3c58575ac,0.050139,ETH,140.39
2026-02-17,17:09:23,2026-02-17T17:09:23.000Z,Rollbit,0xcbd6832ebc203e49e2b771897067fce3c58575ac,0.027422,ETH,76.78
2026-02-17,17:10:35,2026-02-17T17:10:35.000Z,Rollbit,0xcbd6832ebc203e49e2b771897067fce3c58575ac,0.063394,ETH,177.50
2026-02-17,17:11:59,2026-02-17T17:11:59.000Z,Rollbit,0xcbd6832ebc203e49e2b771897067fce3c58575ac,0.053710,ETH,150.39
2026-02-17,17:11:59,2026-02-17T17:11:59.000Z,Rollbit,0xcbd6832ebc203e49e2b771897067fce3c58575ac,0.002068,ETH,5.79
2026-02-17,17:12:23,2026-02-17T17:12:23.000Z,Stake 11,0x787b8840100d9baadd7463f4a73b5ba73b00c6ca,0.097978,ETH,274.34
2026-02-17,17:12:23,2026-02-17T17:12:23.000Z,Stake 11,0x787b8840100d9baadd7463f4a73b5ba73b00c6ca,0.013983,ETH,39.15
2026-02-17,17:12:23,2026-02-17T17:12:23.000Z,Stake 11,0x787b8840100d9baadd7463f4a73b5ba73b00c6ca,0.003987,ETH,11.16
2026-02-17,17:13:11,2026-02-17T17:13:11.000Z,Rollbit,0xcbd6832ebc203e49e2b771897067fce3c58575ac,0.031716,ETH,88.81
2026-02-17,17:13:23,2026-02-17T17:13:23.000Z,Stake 11,0x787b8840100d9baadd7463f4a73b5ba73b00c6ca,0.095676,ETH,267.89
2026-02-17,17:13:59,2026-02-17T17:13:59.000Z,Rollbit,0xcbd6832ebc203e49e2b771897067fce3c58575ac,0.001789,ETH,5.01
2026-02-17,17:14:35,2026-02-17T17:14:35.000Z,Rollbit,0xcbd6832ebc203e49e2b771897067fce3c58575ac,0.254725,ETH,713.23
2026-02-17,17:15:23,2026-02-17T17:15:23.000Z,Stake 11,0x787b8840100d9baadd7463f4a73b5ba73b00c6ca,0.499865,ETH,1399.62
2026-02-17,17:15:23,2026-02-17T17:15:23.000Z,Stake 11,0x787b8840100d9baadd7463f4a73b5ba73b00c6ca,0.066669,ETH,186.67
2026-02-17,17:15:23,2026-02-17T17:15:23.000Z,Stake 11,0x787b8840100d9baadd7463f4a73b5ba73b00c6ca,0.008268,ETH,23.15
2026-02-17,17:15:23,2026-02-17T17:15:23.000Z,Stake 11,0x787b8840100d9baadd7463f4a73b5ba73b00c6ca,0.007483,ETH,20.95
2026-02-17,17:15:23,2026-02-17T17:15:23.000Z,Stake 11,0x787b8840100d9baadd7463f4a73b5ba73b00c6ca,0.002815,ETH,7.88
2026-02-17,17:15:47,2026-02-17T17:15:47.000Z,Rollbit,0xcbd6832ebc203e49e2b771897067fce3c58575ac,0.025776,ETH,72.17
2026-02-17,17:17:47,2026-02-17T17:17:47.000Z,Rollbit,0xcbd6832ebc203e49e2b771897067fce3c58575ac,0.036763,ETH,102.94
2026-02-17,17:20:23,2026-02-17T17:20:23.000Z,Rollbit,0xcbd6832ebc203e49e2b771897067fce3c58575ac,0.001717,ETH,4.81
2026-02-17,17:20:23,2026-02-17T17:20:23.000Z,Rollbit,0xcbd6832ebc203e49e2b771897067fce3c58575ac,0.085847,ETH,240.37
2026-02-17,17:20:35,2026-02-17T17:20:35.000Z,Rollbit,0xcbd6832ebc203e49e2b771897067fce3c58575ac,0.031158,ETH,87.24
2026-02-17,17:21:11,2026-02-17T17:21:11.000Z,Rollbit,0xcbd6832ebc203e49e2b771897067fce3c58575ac,0.010408,ETH,29.14
2026-02-17,17:22:59,2026-02-17T17:22:59.000Z,Rollbit,0xcbd6832ebc203e49e2b771897067fce3c58575ac,0.001747,ETH,4.89
2026-02-17,17:23:11,2026-02-17T17:23:11.000Z,Rollbit,0xcbd6832ebc203e49e2b771897067fce3c58575ac,0.026356,ETH,73.80
2026-02-17,17:23:35,2026-02-17T17:23:35.000Z,Rollbit,0xcbd6832ebc203e49e2b771897067fce3c58575ac,0.012574,ETH,35.21
2026-02-17,17:24:35,2026-02-17T17:24:35.000Z,Rollbit,0xcbd6832ebc203e49e2b771897067fce3c58575ac,0.001755,ETH,4.91
2026-02-17,17:24:59,2026-02-17T17:24:59.000Z,Stake 11,0x787b8840100d9baadd7463f4a73b5ba73b00c6ca,0.000061,ETH,0.17
2026-02-17,17:24:59,2026-02-17T17:24:59.000Z,Stake 11,0x787b8840100d9baadd7463f4a73b5ba73b00c6ca,0.000065,ETH,0.18
2026-02-17,17:24:59,2026-02-17T17:24:59.000Z,Stake 11,0x787b8840100d9baadd7463f4a73b5ba73b00c6ca,0.000064,ETH,0.18
2026-02-17,17:24:59,2026-02-17T17:24:59.000Z,Stake 11,0x787b8840100d9baadd7463f4a73b5ba73b00c6ca,0.000062,ETH,0.17
2026-02-17,17:24:59,2026-02-17T17:24:59.000Z,Stake 11,0x787b8840100d9baadd7463f4a73b5ba73b00c6ca,0.012406,ETH,34.74
2026-02-17,17:24:59,2026-02-17T17:24:59.000Z,Stake 11,0x787b8840100d9baadd7463f4a73b5ba73b00c6ca,0.010412,ETH,29.15
2026-02-17,17:24:59,2026-02-17T17:24:59.000Z,Stake 11,0x787b8840100d9baadd7463f4a73b5ba73b00c6ca,0.849673,ETH,2379.08
2026-02-17,17:24:59,2026-02-17T17:24:59.000Z,Rollbit,0xcbd6832ebc203e49e2b771897067fce3c58575ac,0.019723,ETH,55.22
2026-02-17,17:25:23,2026-02-17T17:25:23.000Z,Rollbit,0xcbd6832ebc203e49e2b771897067fce3c58575ac,0.701185,ETH,1963.32
2026-02-17,17:25:23,2026-02-17T17:25:23.000Z,Rollbit,0xcbd6832ebc203e49e2b771897067fce3c58575ac,0.024039,ETH,67.31
2026-02-17,17:26:11,2026-02-17T17:26:11.000Z,Rollbit,0xcbd6832ebc203e49e2b771897067fce3c58575ac,0.001741,ETH,4.88
2026-02-17,17:29:35,2026-02-17T17:29:35.000Z,Rollbit,0xcbd6832ebc203e49e2b771897067fce3c58575ac,0.014756,ETH,41.32
2026-02-17,17:29:59,2026-02-17T17:29:59.000Z,Bitcasino,0x5bcbdfb6cc624b959c39a2d16110d1f2d9204f72,0.099996,ETH,279.99
2026-02-17,17:30:23,2026-02-17T17:30:23.000Z,Roobet,0xc94ebb328ac25b95db0e0aa968371885fa516215,21.660634,ETH,60649.78
2026-02-17,17:30:23,2026-02-17T17:30:23.000Z,Bitcasino,0x5bcbdfb6cc624b959c39a2d16110d1f2d9204f72,0.504835,ETH,1413.54
2026-02-17,17:31:23,2026-02-17T17:31:23.000Z,Bitcasino,0x5bcbdfb6cc624b959c39a2d16110d1f2d9204f72,0.034119,ETH,95.53
2026-02-17,17:31:35,2026-02-17T17:31:35.000Z,Rollbit,0xcbd6832ebc203e49e2b771897067fce3c58575ac,0.015558,ETH,43.56
2026-02-17,17:31:59,2026-02-17T17:31:59.000Z,Stake 11,0x787b8840100d9baadd7463f4a73b5ba73b00c6ca,0.000062,ETH,0.17
2026-02-17,17:31:59,2026-02-17T17:31:59.000Z,Stake 11,0x787b8840100d9baadd7463f4a73b5ba73b00c6ca,0.000062,ETH,0.17
2026-02-17,17:31:59,2026-02-17T17:31:59.000Z,Stake 11,0x787b8840100d9baadd7463f4a73b5ba73b00c6ca,0.299977,ETH,839.94
2026-02-17,17:31:59,2026-02-17T17:31:59.000Z,Stake 11,0x787b8840100d9baadd7463f4a73b5ba73b00c6ca,0.024972,ETH,69.92
2026-02-17,17:33:11,2026-02-17T17:33:11.000Z,Rollbit,0xcbd6832ebc203e49e2b771897067fce3c58575ac,0.533402,ETH,1493.53
2026-02-17,17:34:11,2026-02-17T17:34:11.000Z,Stake 11,0x787b8840100d9baadd7463f4a73b5ba73b00c6ca,0.000064,ETH,0.18
2026-02-17,17:34:11,2026-02-17T17:34:11.000Z,Stake 11,0x787b8840100d9baadd7463f4a73b5ba73b00c6ca,0.023336,ETH,65.34
2026-02-17,17:34:11,2026-02-17T17:34:11.000Z,Stake 11,0x787b8840100d9baadd7463f4a73b5ba73b00c6ca,0.134031,ETH,375.29
2026-02-17,17:34:11,2026-02-17T17:34:11.000Z,Stake 11,0x787b8840100d9baadd7463f4a73b5ba73b00c6ca,0.020878,ETH,58.46
2026-02-17,17:34:11,2026-02-17T17:34:11.000Z,Stake 11,0x787b8840100d9baadd7463f4a73b5ba73b00c6ca,0.029120,ETH,81.54
2026-02-17,17:34:11,2026-02-17T17:34:11.000Z,Stake 11,0x787b8840100d9baadd7463f4a73b5ba73b00c6ca,0.000064,ETH,0.18
2026-02-17,17:34:11,2026-02-17T17:34:11.000Z,Stake 11,0x787b8840100d9baadd7463f4a73b5ba73b00c6ca,0.000064,ETH,0.18
2026-02-17,17:34:11,2026-02-17T17:34:11.000Z,Rollbit,0xcbd6832ebc203e49e2b771897067fce3c58575ac,0.763575,ETH,2138.01
2026-02-17,17:35:35,2026-02-17T17:35:35.000Z,Stake 11,0x787b8840100d9baadd7463f4a73b5ba73b00c6ca,0.000066,ETH,0.18
2026-02-17,17:35:35,2026-02-17T17:35:35.000Z,Stake 11,0x787b8840100d9baadd7463f4a73b5ba73b00c6ca,0.012485,ETH,34.96
2026-02-17,17:35:35,2026-02-17T17:35:35.000Z,Stake 11,0x787b8840100d9baadd7463f4a73b5ba73b00c6ca,0.000066,ETH,0.18
2026-02-17,17:35:35,2026-02-17T17:35:35.000Z,Stake 11,0x787b8840100d9baadd7463f4a73b5ba73b00c6ca,0.029610,ETH,82.91
2026-02-17,17:35:35,2026-02-17T17:35:35.000Z,Stake 11,0x787b8840100d9baadd7463f4a73b5ba73b00c6ca,0.000066,ETH,0.18
2026-02-17,17:35:35,2026-02-17T17:35:35.000Z,Stake 11,0x787b8840100d9baadd7463f4a73b5ba73b00c6ca,0.000066,ETH,0.18
2026-02-17,17:35:35,2026-02-17T17:35:35.000Z,Stake 11,0x787b8840100d9baadd7463f4a73b5ba73b00c6ca,0.000066,ETH,0.18
2026-02-17,17:35:35,2026-02-17T17:35:35.000Z,Stake 11,0x787b8840100d9baadd7463f4a73b5ba73b00c6ca,0.000066,ETH,0.18
2026-02-17,17:35:35,2026-02-17T17:35:35.000Z,Stake 11,0x787b8840100d9baadd7463f4a73b5ba73b00c6ca,0.000066,ETH,0.18
2026-02-17,17:35:47,2026-02-17T17:35:47.000Z,Stake 11,0x787b8840100d9baadd7463f4a73b5ba73b00c6ca,0.000066,ETH,0.18
2026-02-17,17:35:47,2026-02-17T17:35:47.000Z,Stake 11,0x787b8840100d9baadd7463f4a73b5ba73b00c6ca,0.000066,ETH,0.19
2026-02-17,17:35:47,2026-02-17T17:35:47.000Z,Stake 11,0x787b8840100d9baadd7463f4a73b5ba73b00c6ca,0.150503,ETH,421.41
2026-02-17,17:35:47,2026-02-17T17:35:47.000Z,Stake 11,0x787b8840100d9baadd7463f4a73b5ba73b00c6ca,0.000066,ETH,0.19
2026-02-17,17:35:47,2026-02-17T17:35:47.000Z,Stake 11,0x787b8840100d9baadd7463f4a73b5ba73b00c6ca,0.000066,ETH,0.18
2026-02-17,17:35:47,2026-02-17T17:35:47.000Z,Stake 11,0x787b8840100d9baadd7463f4a73b5ba73b00c6ca,0.000066,ETH,0.18
2026-02-17,17:35:47,2026-02-17T17:35:47.000Z,Stake 11,0x787b8840100d9baadd7463f4a73b5ba73b00c6ca,0.000066,ETH,0.19
2026-02-17,17:35:47,2026-02-17T17:35:47.000Z,Stake 11,0x787b8840100d9baadd7463f4a73b5ba73b00c6ca,0.000066,ETH,0.19
2026-02-17,17:35:47,2026-02-17T17:35:47.000Z,Stake 11,0x787b8840100d9baadd7463f4a73b5ba73b00c6ca,0.000066,ETH,0.18
2026-02-17,17:35:47,2026-02-17T17:35:47.000Z,Stake 11,0x787b8840100d9baadd7463f4a73b5ba73b00c6ca,0.000066,ETH,0.18
2026-02-17,17:35:47,2026-02-17T17:35:47.000Z,Stake 11,0x787b8840100d9baadd7463f4a73b5ba73b00c6ca,0.000066,ETH,0.19
2026-02-17,17:35:47,2026-02-17T17:35:47.000Z,Stake 11,0x787b8840100d9baadd7463f4a73b5ba73b00c6ca,0.000066,ETH,0.19
2026-02-17,17:35:47,2026-02-17T17:35:47.000Z,Stake 11,0x787b8840100d9baadd7463f4a73b5ba73b00c6ca,0.000066,ETH,0.18
2026-02-17,17:35:47,2026-02-17T17:35:47.000Z,Stake 11,0x787b8840100d9baadd7463f4a73b5ba73b00c6ca,0.000066,ETH,0.18
2026-02-17,17:35:47,2026-02-17T17:35:47.000Z,Stake 11,0x787b8840100d9baadd7463f4a73b5ba73b00c6ca,0.000219,ETH,0.61
2026-02-17,17:35:47,2026-02-17T17:35:47.000Z,Stake 11,0x787b8840100d9baadd7463f4a73b5ba73b00c6ca,0.000066,ETH,0.18
2026-02-17,17:35:47,2026-02-17T17:35:47.000Z,Stake 11,0x787b8840100d9baadd7463f4a73b5ba73b00c6ca,0.000066,ETH,0.18
2026-02-17,17:35:59,2026-02-17T17:35:59.000Z,Rollbit,0xcbd6832ebc203e49e2b771897067fce3c58575ac,0.124944,ETH,349.84
2026-02-17,17:36:23,2026-02-17T17:36:23.000Z,Rollbit,0xcbd6832ebc203e49e2b771897067fce3c58575ac,0.058045,ETH,162.53
2026-02-17,17:36:23,2026-02-17T17:36:23.000Z,Rollbit,0xcbd6832ebc203e49e2b771897067fce3c58575ac,0.020992,ETH,58.78
2026-02-17,17:36:35,2026-02-17T17:36:35.000Z,Rollbit,0xcbd6832ebc203e49e2b771897067fce3c58575ac,0.025399,ETH,71.12
2026-02-17,17:37:35,2026-02-17T17:37:35.000Z,Stake 11,0x787b8840100d9baadd7463f4a73b5ba73b00c6ca,0.024771,ETH,69.36
2026-02-17,17:37:47,2026-02-17T17:37:47.000Z,Rollbit,0xcbd6832ebc203e49e2b771897067fce3c58575ac,0.024780,ETH,69.38
2026-02-17,17:38:35,2026-02-17T17:38:35.000Z,Stake 11,0x787b8840100d9baadd7463f4a73b5ba73b00c6ca,0.141366,ETH,395.82
2026-02-17,17:38:47,2026-02-17T17:38:47.000Z,Rollbit,0xcbd6832ebc203e49e2b771897067fce3c58575ac,0.042069,ETH,117.79
2026-02-17,17:38:47,2026-02-17T17:38:47.000Z,Rollbit,0xcbd6832ebc203e49e2b771897067fce3c58575ac,0.008118,ETH,22.73
2026-02-17,17:38:59,2026-02-17T17:38:59.000Z,Rollbit,0xcbd6832ebc203e49e2b771897067fce3c58575ac,0.921121,ETH,2579.14
2026-02-17,17:39:23,2026-02-17T17:39:23.000Z,Rollbit,0xcbd6832ebc203e49e2b771897067fce3c58575ac,0.002189,ETH,6.13
2026-02-17,17:39:47,2026-02-17T17:39:47.000Z,Rollbit,0xcbd6832ebc203e49e2b771897067fce3c58575ac,0.027347,ETH,76.57
2026-02-17,17:40:23,2026-02-17T17:40:23.000Z,Rollbit,0xcbd6832ebc203e49e2b771897067fce3c58575ac,0.033009,ETH,92.43
2026-02-17,17:41:47,2026-02-17T17:41:47.000Z,Rollbit,0xcbd6832ebc203e49e2b771897067fce3c58575ac,0.387011,ETH,1083.63
2026-02-17,17:42:35,2026-02-17T17:42:35.000Z,Stake 11,0x787b8840100d9baadd7463f4a73b5ba73b00c6ca,0.499272,ETH,1397.96
2026-02-17,17:42:35,2026-02-17T17:42:35.000Z,Rollbit,0xcbd6832ebc203e49e2b771897067fce3c58575ac,0.031753,ETH,88.91
2026-02-17,17:43:23,2026-02-17T17:43:23.000Z,Rollbit,0xcbd6832ebc203e49e2b771897067fce3c58575ac,0.081423,ETH,227.98
2026-02-17,17:43:35,2026-02-17T17:43:35.000Z,Rollbit,0xcbd6832ebc203e49e2b771897067fce3c58575ac,0.104315,ETH,292.08
2026-02-17,17:43:59,2026-02-17T17:43:59.000Z,Rollbit,0xcbd6832ebc203e49e2b771897067fce3c58575ac,0.002178,ETH,6.10
2026-02-17,17:46:35,2026-02-17T17:46:35.000Z,Rollbit,0xcbd6832ebc203e49e2b771897067fce3c58575ac,0.001648,ETH,4.61
2026-02-17,17:47:11,2026-02-17T17:47:11.000Z,Rollbit,0xcbd6832ebc203e49e2b771897067fce3c58575ac,0.001829,ETH,5.12
2026-02-17,17:47:47,2026-02-17T17:47:47.000Z,Rollbit,0xcbd6832ebc203e49e2b771897067fce3c58575ac,0.025469,ETH,71.31
2026-02-17,17:48:35,2026-02-17T17:48:35.000Z,Rollbit,0xcbd6832ebc203e49e2b771897067fce3c58575ac,0.001823,ETH,5.10
2026-02-17,17:49:11,2026-02-17T17:49:11.000Z,Rollbit,0xcbd6832ebc203e49e2b771897067fce3c58575ac,0.001820,ETH,5.10
2026-02-17,17:49:35,2026-02-17T17:49:35.000Z,Stake 11,0x787b8840100d9baadd7463f4a73b5ba73b00c6ca,0.021646,ETH,60.61
2026-02-17,17:49:35,2026-02-17T17:49:35.000Z,Stake 11,0x787b8840100d9baadd7463f4a73b5ba73b00c6ca,0.008673,ETH,24.28
2026-02-17,17:49:35,2026-02-17T17:49:35.000Z,Stake 11,0x787b8840100d9baadd7463f4a73b5ba73b00c6ca,0.012981,ETH,36.35
2026-02-17,17:49:35,2026-02-17T17:49:35.000Z,Stake 11,0x787b8840100d9baadd7463f4a73b5ba73b00c6ca,0.495001,ETH,1386.00
2026-02-17,17:50:11,2026-02-17T17:50:11.000Z,Rollbit,0xcbd6832ebc203e49e2b771897067fce3c58575ac,0.036887,ETH,103.28
2026-02-17,17:50:11,2026-02-17T17:50:11.000Z,Rollbit,0xcbd6832ebc203e49e2b771897067fce3c58575ac,0.036887,ETH,103.28
2026-02-17,17:50:23,2026-02-17T17:50:23.000Z,Rollbit,0xcbd6832ebc203e49e2b771897067fce3c58575ac,0.000649,ETH,1.82
2026-02-17,17:50:35,2026-02-17T17:50:35.000Z,Roobet,0xc94ebb328ac25b95db0e0aa968371885fa516215,20.092624,ETH,56259.35
2026-02-17,17:50:47,2026-02-17T17:50:47.000Z,Rollbit,0xcbd6832ebc203e49e2b771897067fce3c58575ac,0.000662,ETH,1.85
2026-02-17,17:51:11,2026-02-17T17:51:11.000Z,Rollbit,0xcbd6832ebc203e49e2b771897067fce3c58575ac,0.003993,ETH,11.18
2026-02-17,17:51:47,2026-02-17T17:51:47.000Z,Rollbit,0xcbd6832ebc203e49e2b771897067fce3c58575ac,0.008858,ETH,24.80
2026-02-17,17:53:47,2026-02-17T17:53:47.000Z,Rollbit,0xcbd6832ebc203e49e2b771897067fce3c58575ac,0.043664,ETH,122.26
2026-02-17,17:56:11,2026-02-17T17:56:11.000Z,Stake 11,0x787b8840100d9baadd7463f4a73b5ba73b00c6ca,2.301668,ETH,6444.67
2026-02-17,17:58:47,2026-02-17T17:58:47.000Z,Rollbit,0xcbd6832ebc203e49e2b771897067fce3c58575ac,0.161898,ETH,453.31
2026-02-17,17:58:47,2026-02-17T17:58:47.000Z,Rollbit,0xcbd6832ebc203e49e2b771897067fce3c58575ac,0.001713,ETH,4.80
2026-02-17,18:01:47,2026-02-17T18:01:47.000Z,Bitcasino,0x5bcbdfb6cc624b959c39a2d16110d1f2d9204f72,0.024729,ETH,69.24
2026-02-17,18:01:59,2026-02-17T18:01:59.000Z,Rollbit,0xcbd6832ebc203e49e2b771897067fce3c58575ac,0.001635,ETH,4.58
2026-02-17,18:02:23,2026-02-17T18:02:23.000Z,Rollbit,0xcbd6832ebc203e49e2b771897067fce3c58575ac,0.183651,ETH,514.22
2026-02-17,18:02:59,2026-02-17T18:02:59.000Z,Bitcasino,0x5bcbdfb6cc624b959c39a2d16110d1f2d9204f72,0.087285,ETH,244.40
2026-02-17,18:03:23,2026-02-17T18:03:23.000Z,Rollbit,0xcbd6832ebc203e49e2b771897067fce3c58575ac,0.055101,ETH,154.28
2026-02-17,18:03:35,2026-02-17T18:03:35.000Z,Bitcasino,0x5bcbdfb6cc624b959c39a2d16110d1f2d9204f72,0.027910,ETH,78.15
2026-02-17,18:03:47,2026-02-17T18:03:47.000Z,Rollbit,0xcbd6832ebc203e49e2b771897067fce3c58575ac,0.021996,ETH,61.59
2026-02-17,18:04:23,2026-02-17T18:04:23.000Z,Bitcasino,0x5bcbdfb6cc624b959c39a2d16110d1f2d9204f72,0.037360,ETH,104.61
2026-02-17,18:05:35,2026-02-17T18:05:35.000Z,Rollbit,0xcbd6832ebc203e49e2b771897067fce3c58575ac,0.750996,ETH,2102.79
2026-02-17,18:05:47,2026-02-17T18:05:47.000Z,Rollbit,0xcbd6832ebc203e49e2b771897067fce3c58575ac,0.036763,ETH,102.94
2026-02-17,18:06:23,2026-02-17T18:06:23.000Z,Rollbit,0xcbd6832ebc203e49e2b771897067fce3c58575ac,0.001532,ETH,4.29
2026-02-17,18:06:23,2026-02-17T18:06:23.000Z,Rollbit,0xcbd6832ebc203e49e2b771897067fce3c58575ac,0.001532,ETH,4.29
2026-02-17,18:06:35,2026-02-17T18:06:35.000Z,Rollbit,0xcbd6832ebc203e49e2b771897067fce3c58575ac,0.001529,ETH,4.28
2026-02-17,18:08:11,2026-02-17T18:08:11.000Z,Rollbit,0xcbd6832ebc203e49e2b771897067fce3c58575ac,0.001504,ETH,4.21
2026-02-17,18:08:35,2026-02-17T18:08:35.000Z,Stake 11,0x787b8840100d9baadd7463f4a73b5ba73b00c6ca,0.059194,ETH,165.74
2026-02-17,18:08:35,2026-02-17T18:08:35.000Z,Stake 11,0x787b8840100d9baadd7463f4a73b5ba73b00c6ca,0.222170,ETH,622.08
2026-02-17,18:09:11,2026-02-17T18:09:11.000Z,Rollbit,0xcbd6832ebc203e49e2b771897067fce3c58575ac,0.012071,ETH,33.80
2026-02-17,18:10:11,2026-02-17T18:10:11.000Z,Rollbit,0xcbd6832ebc203e49e2b771897067fce3c58575ac,0.000358,ETH,1.00
2026-02-17,18:10:35,2026-02-17T18:10:35.000Z,Rollbit,0xcbd6832ebc203e49e2b771897067fce3c58575ac,0.012422,ETH,34.78
2026-02-17,18:10:47,2026-02-17T18:10:47.000Z,Rollbit,0xcbd6832ebc203e49e2b771897067fce3c58575ac,0.549949,ETH,1539.86
2026-02-17,18:11:35,2026-02-17T18:11:35.000Z,Rollbit,0xcbd6832ebc203e49e2b771897067fce3c58575ac,0.001455,ETH,4.07
2026-02-17,18:11:35,2026-02-17T18:11:35.000Z,Rollbit,0xcbd6832ebc203e49e2b771897067fce3c58575ac,0.011538,ETH,32.31
2026-02-17,18:12:47,2026-02-17T18:12:47.000Z,Rollbit,0xcbd6832ebc203e49e2b771897067fce3c58575ac,0.008165,ETH,22.86
2026-02-17,18:13:11,2026-02-17T18:13:11.000Z,Rollbit,0xcbd6832ebc203e49e2b771897067fce3c58575ac,0.001432,ETH,4.01
2026-02-17,18:13:47,2026-02-17T18:13:47.000Z,Rollbit,0xcbd6832ebc203e49e2b771897067fce3c58575ac,0.100813,ETH,282.28
2026-02-17,18:14:23,2026-02-17T18:14:23.000Z,Stake 11,0x787b8840100d9baadd7463f4a73b5ba73b00c6ca,0.356751,ETH,998.90
2026-02-17,18:14:23,2026-02-17T18:14:23.000Z,Stake 11,0x787b8840100d9baadd7463f4a73b5ba73b00c6ca,0.004711,ETH,13.19
2026-02-17,18:14:47,2026-02-17T18:14:47.000Z,Rollbit,0xcbd6832ebc203e49e2b771897067fce3c58575ac,0.020197,ETH,56.55
2026-02-17,18:17:11,2026-02-17T18:17:11.000Z,Rollbit,0xcbd6832ebc203e49e2b771897067fce3c58575ac,0.001385,ETH,3.88
2026-02-17,18:18:11,2026-02-17T18:18:11.000Z,Rollbit,0xcbd6832ebc203e49e2b771897067fce3c58575ac,0.004873,ETH,13.64
2026-02-17,18:19:47,2026-02-17T18:19:47.000Z,Rollbit,0xcbd6832ebc203e49e2b771897067fce3c58575ac,0.054207,ETH,151.78
2026-02-17,18:21:11,2026-02-17T18:21:11.000Z,Rollbit,0xcbd6832ebc203e49e2b771897067fce3c58575ac,0.170579,ETH,477.62
2026-02-17,18:21:11,2026-02-17T18:21:11.000Z,Roobet,0xc94ebb328ac25b95db0e0aa968371885fa516215,26.713196,ETH,74796.95
2026-02-17,18:21:59,2026-02-17T18:21:59.000Z,Rollbit,0xcbd6832ebc203e49e2b771897067fce3c58575ac,0.049881,ETH,139.67
2026-02-17,18:23:23,2026-02-17T18:23:23.000Z,Rollbit,0xcbd6832ebc203e49e2b771897067fce3c58575ac,0.001321,ETH,3.70
2026-02-17,18:24:23,2026-02-17T18:24:23.000Z,Stake 11,0x787b8840100d9baadd7463f4a73b5ba73b00c6ca,0.109285,ETH,306.00
2026-02-17,18:24:35,2026-02-17T18:24:35.000Z,Rollbit,0xcbd6832ebc203e49e2b771897067fce3c58575ac,0.007212,ETH,20.19
2026-02-17,18:25:23,2026-02-17T18:25:23.000Z,Stake 11,0x787b8840100d9baadd7463f4a73b5ba73b00c6ca,0.072694,ETH,203.54
2026-02-17,18:25:23,2026-02-17T18:25:23.000Z,Stake 11,0x787b8840100d9baadd7463f4a73b5ba73b00c6ca,0.216898,ETH,607.31
2026-02-17,18:25:23,2026-02-17T18:25:23.000Z,Stake 11,0x787b8840100d9baadd7463f4a73b5ba73b00c6ca,0.009983,ETH,27.95
2026-02-17,18:25:23,2026-02-17T18:25:23.000Z,Stake 11,0x787b8840100d9baadd7463f4a73b5ba73b00c6ca,0.050759,ETH,142.13
2026-02-17,18:25:59,2026-02-17T18:25:59.000Z,Stake 11,0x787b8840100d9baadd7463f4a73b5ba73b00c6ca,0.000063,ETH,0.18
2026-02-17,18:25:59,2026-02-17T18:25:59.000Z,Stake 11,0x787b8840100d9baadd7463f4a73b5ba73b00c6ca,0.000063,ETH,0.18
2026-02-17,18:25:59,2026-02-17T18:25:59.000Z,Stake 11,0x787b8840100d9baadd7463f4a73b5ba73b00c6ca,0.000063,ETH,0.18
2026-02-17,18:25:59,2026-02-17T18:25:59.000Z,Stake 11,0x787b8840100d9baadd7463f4a73b5ba73b00c6ca,0.231205,ETH,647.37
2026-02-17,18:25:59,2026-02-17T18:25:59.000Z,Stake 11,0x787b8840100d9baadd7463f4a73b5ba73b00c6ca,0.246854,ETH,691.19
2026-02-17,18:26:23,2026-02-17T18:26:23.000Z,Rollbit,0xcbd6832ebc203e49e2b771897067fce3c58575ac,0.032488,ETH,90.97
2026-02-17,18:26:23,2026-02-17T18:26:23.000Z,Rollbit,0xcbd6832ebc203e49e2b771897067fce3c58575ac,0.001121,ETH,3.14
2026-02-17,18:26:47,2026-02-17T18:26:47.000Z,Rollbit,0xcbd6832ebc203e49e2b771897067fce3c58575ac,0.043099,ETH,120.68
2026-02-17,18:26:59,2026-02-17T18:26:59.000Z,Stake 11,0x787b8840100d9baadd7463f4a73b5ba73b00c6ca,0.138225,ETH,387.03
2026-02-17,18:26:59,2026-02-17T18:26:59.000Z,Rollbit,0xcbd6832ebc203e49e2b771897067fce3c58575ac,0.127718,ETH,357.61
2026-02-17,18:27:11,2026-02-17T18:27:11.000Z,Rollbit,0xcbd6832ebc203e49e2b771897067fce3c58575ac,0.001072,ETH,3.00
2026-02-17,18:28:11,2026-02-17T18:28:11.000Z,Stake 11,0x787b8840100d9baadd7463f4a73b5ba73b00c6ca,0.016634,ETH,46.58
2026-02-17,18:28:11,2026-02-17T18:28:11.000Z,Stake 11,0x787b8840100d9baadd7463f4a73b5ba73b00c6ca,0.050198,ETH,140.56
2026-02-17,18:28:11,2026-02-17T18:28:11.000Z,Stake 11,0x787b8840100d9baadd7463f4a73b5ba73b00c6ca,0.014643,ETH,41.00
2026-02-17,18:28:11,2026-02-17T18:28:11.000Z,Stake 11,0x787b8840100d9baadd7463f4a73b5ba73b00c6ca,0.043168,ETH,120.87
2026-02-17,18:28:11,2026-02-17T18:28:11.000Z,Stake 11,0x787b8840100d9baadd7463f4a73b5ba73b00c6ca,0.054123,ETH,151.54
2026-02-17,18:28:11,2026-02-17T18:28:11.000Z,Rollbit,0xcbd6832ebc203e49e2b771897067fce3c58575ac,0.009977,ETH,27.94
2026-02-17,18:28:23,2026-02-17T18:28:23.000Z,Roobet,0xc94ebb328ac25b95db0e0aa968371885fa516215,0.000000,ETH,0.00
2026-02-17,18:28:59,2026-02-17T18:28:59.000Z,Stake 11,0x787b8840100d9baadd7463f4a73b5ba73b00c6ca,0.006880,ETH,19.27
2026-02-17,18:28:59,2026-02-17T18:28:59.000Z,Stake 11,0x787b8840100d9baadd7463f4a73b5ba73b00c6ca,0.013287,ETH,37.20
2026-02-17,18:28:59,2026-02-17T18:28:59.000Z,Stake 11,0x787b8840100d9baadd7463f4a73b5ba73b00c6ca,0.497488,ETH,1392.97
2026-02-17,18:30:59,2026-02-17T18:30:59.000Z,Rollbit,0xcbd6832ebc203e49e2b771897067fce3c58575ac,0.027080,ETH,75.82
2026-02-17,18:31:11,2026-02-17T18:31:11.000Z,Rollbit,0xcbd6832ebc203e49e2b771897067fce3c58575ac,0.027488,ETH,76.97
2026-02-17,18:31:47,2026-02-17T18:31:47.000Z,Stake 11,0x787b8840100d9baadd7463f4a73b5ba73b00c6ca,0.000064,ETH,0.18
2026-02-17,18:31:47,2026-02-17T18:31:47.000Z,Stake 11,0x787b8840100d9baadd7463f4a73b5ba73b00c6ca,0.000064,ETH,0.18
2026-02-17,18:31:47,2026-02-17T18:31:47.000Z,Stake 11,0x787b8840100d9baadd7463f4a73b5ba73b00c6ca,0.071400,ETH,199.92
2026-02-17,18:33:11,2026-02-17T18:33:11.000Z,Rollbit,0xcbd6832ebc203e49e2b771897067fce3c58575ac,0.001607,ETH,4.50
2026-02-17,18:33:59,2026-02-17T18:33:59.000Z,Rollbit,0xcbd6832ebc203e49e2b771897067fce3c58575ac,0.025947,ETH,72.65
2026-02-17,18:34:11,2026-02-17T18:34:11.000Z,Stake 11,0x787b8840100d9baadd7463f4a73b5ba73b00c6ca,0.499795,ETH,1399.43
2026-02-17,18:35:23,2026-02-17T18:35:23.000Z,Rollbit,0xcbd6832ebc203e49e2b771897067fce3c58575ac,0.803826,ETH,2250.71
2026-02-17,18:35:47,2026-02-17T18:35:47.000Z,Rollbit,0xcbd6832ebc203e49e2b771897067fce3c58575ac,0.000808,ETH,2.26
2026-02-17,18:35:59,2026-02-17T18:35:59.000Z,Bitcasino,0x5bcbdfb6cc624b959c39a2d16110d1f2d9204f72,0.038237,ETH,107.06
2026-02-17,18:37:47,2026-02-17T18:37:47.000Z,Rollbit,0xcbd6832ebc203e49e2b771897067fce3c58575ac,0.015965,ETH,44.70
2026-02-17,18:37:47,2026-02-17T18:37:47.000Z,Rollbit,0xcbd6832ebc203e49e2b771897067fce3c58575ac,0.000754,ETH,2.11
2026-02-17,18:37:47,2026-02-17T18:37:47.000Z,Bitcasino,0x5bcbdfb6cc624b959c39a2d16110d1f2d9204f72,0.508004,ETH,1422.41
2026-02-17,18:38:11,2026-02-17T18:38:11.000Z,Roobet,0xc94ebb328ac25b95db0e0aa968371885fa516215,0.000001,ETH,0.00
2026-02-17,18:38:35,2026-02-17T18:38:35.000Z,Rollbit,0xcbd6832ebc203e49e2b771897067fce3c58575ac,0.000741,ETH,2.08
2026-02-17,18:38:35,2026-02-17T18:38:35.000Z,Bitcasino,0x5bcbdfb6cc624b959c39a2d16110d1f2d9204f72,0.027787,ETH,77.80
2026-02-17,18:38:47,2026-02-17T18:38:47.000Z,Rollbit,0xcbd6832ebc203e49e2b771897067fce3c58575ac,0.000738,ETH,2.07
2026-02-17,18:39:11,2026-02-17T18:39:11.000Z,Bitcasino,0x5bcbdfb6cc624b959c39a2d16110d1f2d9204f72,0.312124,ETH,873.95
2026-02-17,18:39:35,2026-02-17T18:39:35.000Z,Bitcasino,0x5bcbdfb6cc624b959c39a2d16110d1f2d9204f72,0.035688,ETH,99.93
2026-02-17,18:42:23,2026-02-17T18:42:23.000Z,Stake 11,0x787b8840100d9baadd7463f4a73b5ba73b00c6ca,0.405692,ETH,1135.94
2026-02-17,18:43:11,2026-02-17T18:43:11.000Z,Rollbit,0xcbd6832ebc203e49e2b771897067fce3c58575ac,0.164626,ETH,460.95
2026-02-17,18:43:23,2026-02-17T18:43:23.000Z,Rollbit,0xcbd6832ebc203e49e2b771897067fce3c58575ac,0.019997,ETH,55.99
2026-02-17,18:44:11,2026-02-17T18:44:11.000Z,Rollbit,0xcbd6832ebc203e49e2b771897067fce3c58575ac,0.025127,ETH,70.36
2026-02-17,18:46:23,2026-02-17T18:46:23.000Z,Stake 11,0x787b8840100d9baadd7463f4a73b5ba73b00c6ca,0.100417,ETH,281.17
2026-02-17,18:46:23,2026-02-17T18:46:23.000Z,Rollbit,0xcbd6832ebc203e49e2b771897067fce3c58575ac,0.010367,ETH,29.03
2026-02-17,18:46:23,2026-02-17T18:46:23.000Z,Rollbit,0xcbd6832ebc203e49e2b771897067fce3c58575ac,0.145417,ETH,407.17
2026-02-17,18:47:59,2026-02-17T18:47:59.000Z,Stake 11,0x787b8840100d9baadd7463f4a73b5ba73b00c6ca,0.050505,ETH,141.41
2026-02-17,18:47:59,2026-02-17T18:47:59.000Z,Stake 11,0x787b8840100d9baadd7463f4a73b5ba73b00c6ca,0.000059,ETH,0.17
2026-02-17,18:47:59,2026-02-17T18:47:59.000Z,Stake 11,0x787b8840100d9baadd7463f4a73b5ba73b00c6ca,0.013047,ETH,36.53
2026-02-17,18:47:59,2026-02-17T18:47:59.000Z,Stake 11,0x787b8840100d9baadd7463f4a73b5ba73b00c6ca,0.000059,ETH,0.17
2026-02-17,18:47:59,2026-02-17T18:47:59.000Z,Stake 11,0x787b8840100d9baadd7463f4a73b5ba73b00c6ca,0.000059,ETH,0.17
2026-02-17,18:47:59,2026-02-17T18:47:59.000Z,Stake 11,0x787b8840100d9baadd7463f4a73b5ba73b00c6ca,0.010537,ETH,29.50
2026-02-17,18:47:59,2026-02-17T18:47:59.000Z,Stake 11,0x787b8840100d9baadd7463f4a73b5ba73b00c6ca,0.011885,ETH,33.28
2026-02-17,18:47:59,2026-02-17T18:47:59.000Z,Stake 11,0x787b8840100d9baadd7463f4a73b5ba73b00c6ca,0.019022,ETH,53.26
2026-02-17,18:47:59,2026-02-17T18:47:59.000Z,Stake 11,0x787b8840100d9baadd7463f4a73b5ba73b00c6ca,0.017827,ETH,49.92
2026-02-17,18:47:59,2026-02-17T18:47:59.000Z,Stake 11,0x787b8840100d9baadd7463f4a73b5ba73b00c6ca,0.024834,ETH,69.54
2026-02-17,18:47:59,2026-02-17T18:47:59.000Z,Stake 11,0x787b8840100d9baadd7463f4a73b5ba73b00c6ca,0.083367,ETH,233.43
2026-02-17,18:47:59,2026-02-17T18:47:59.000Z,Rollbit,0xcbd6832ebc203e49e2b771897067fce3c58575ac,0.030806,ETH,86.26
2026-02-17,18:49:11,2026-02-17T18:49:11.000Z,Rollbit,0xcbd6832ebc203e49e2b771897067fce3c58575ac,0.046147,ETH,129.21
2026-02-17,18:49:47,2026-02-17T18:49:47.000Z,Stake 11,0x787b8840100d9baadd7463f4a73b5ba73b00c6ca,0.000378,ETH,1.06
2026-02-17,18:49:47,2026-02-17T18:49:47.000Z,Stake 11,0x787b8840100d9baadd7463f4a73b5ba73b00c6ca,0.000060,ETH,0.17
2026-02-17,18:49:47,2026-02-17T18:49:47.000Z,Stake 11,0x787b8840100d9baadd7463f4a73b5ba73b00c6ca,0.000060,ETH,0.17
2026-02-17,18:49:47,2026-02-17T18:49:47.000Z,Stake 11,0x787b8840100d9baadd7463f4a73b5ba73b00c6ca,0.000060,ETH,0.17
2026-02-17,18:49:47,2026-02-17T18:49:47.000Z,Stake 11,0x787b8840100d9baadd7463f4a73b5ba73b00c6ca,0.003399,ETH,9.52
2026-02-17,18:49:47,2026-02-17T18:49:47.000Z,Stake 11,0x787b8840100d9baadd7463f4a73b5ba73b00c6ca,0.004825,ETH,13.51
2026-02-17,18:49:47,2026-02-17T18:49:47.000Z,Stake 11,0x787b8840100d9baadd7463f4a73b5ba73b00c6ca,0.045101,ETH,126.28
2026-02-17,18:49:47,2026-02-17T18:49:47.000Z,Rollbit,0xcbd6832ebc203e49e2b771897067fce3c58575ac,0.008558,ETH,23.96
2026-02-17,18:50:23,2026-02-17T18:50:23.000Z,Rollbit,0xcbd6832ebc203e49e2b771897067fce3c58575ac,0.021786,ETH,61.00
2026-02-17,18:50:59,2026-02-17T18:50:59.000Z,Stake 11,0x787b8840100d9baadd7463f4a73b5ba73b00c6ca,0.135258,ETH,378.72
2026-02-17,18:51:23,2026-02-17T18:51:23.000Z,Rollbit,0xcbd6832ebc203e49e2b771897067fce3c58575ac,2.420703,ETH,6777.97
2026-02-17,18:51:47,2026-02-17T18:51:47.000Z,Rollbit,0xcbd6832ebc203e49e2b771897067fce3c58575ac,0.000602,ETH,1.69
2026-02-17,18:53:59,2026-02-17T18:53:59.000Z,Stake 11,0x787b8840100d9baadd7463f4a73b5ba73b00c6ca,0.071535,ETH,200.30
2026-02-17,18:53:59,2026-02-17T18:53:59.000Z,Stake 11,0x787b8840100d9baadd7463f4a73b5ba73b00c6ca,0.115638,ETH,323.79
2026-02-17,18:54:59,2026-02-17T18:54:59.000Z,Rollbit,0xcbd6832ebc203e49e2b771897067fce3c58575ac,0.039811,ETH,111.47
2026-02-17,18:55:35,2026-02-17T18:55:35.000Z,Rollbit,0xcbd6832ebc203e49e2b771897067fce3c58575ac,0.049013,ETH,137.24
2026-02-17,18:56:23,2026-02-17T18:56:23.000Z,Stake 11,0x787b8840100d9baadd7463f4a73b5ba73b00c6ca,0.006829,ETH,19.12
2026-02-17,18:56:23,2026-02-17T18:56:23.000Z,Stake 11,0x787b8840100d9baadd7463f4a73b5ba73b00c6ca,0.017547,ETH,49.13
2026-02-17,18:56:23,2026-02-17T18:56:23.000Z,Stake 11,0x787b8840100d9baadd7463f4a73b5ba73b00c6ca,0.352703,ETH,987.57
2026-02-17,18:56:23,2026-02-17T18:56:23.000Z,Stake 11,0x787b8840100d9baadd7463f4a73b5ba73b00c6ca,0.050276,ETH,140.77
2026-02-17,18:56:23,2026-02-17T18:56:23.000Z,Stake 11,0x787b8840100d9baadd7463f4a73b5ba73b00c6ca,0.000545,ETH,1.53
2026-02-17,18:56:23,2026-02-17T18:56:23.000Z,Rollbit,0xcbd6832ebc203e49e2b771897067fce3c58575ac,0.012889,ETH,36.09
2026-02-17,18:57:35,2026-02-17T18:57:35.000Z,Stake 11,0x787b8840100d9baadd7463f4a73b5ba73b00c6ca,0.000059,ETH,0.16
2026-02-17,18:57:35,2026-02-17T18:57:35.000Z,Stake 11,0x787b8840100d9baadd7463f4a73b5ba73b00c6ca,0.000059,ETH,0.16
2026-02-17,18:57:35,2026-02-17T18:57:35.000Z,Stake 11,0x787b8840100d9baadd7463f4a73b5ba73b00c6ca,0.000059,ETH,0.16
2026-02-17,18:57:35,2026-02-17T18:57:35.000Z,Stake 11,0x787b8840100d9baadd7463f4a73b5ba73b00c6ca,0.000059,ETH,0.16
2026-02-17,18:57:35,2026-02-17T18:57:35.000Z,Stake 11,0x787b8840100d9baadd7463f4a73b5ba73b00c6ca,0.002553,ETH,7.15
2026-02-17,18:57:35,2026-02-17T18:57:35.000Z,Stake 11,0x787b8840100d9baadd7463f4a73b5ba73b00c6ca,0.000064,ETH,0.18
2026-02-17,18:57:35,2026-02-17T18:57:35.000Z,Stake 11,0x787b8840100d9baadd7463f4a73b5ba73b00c6ca,0.032672,ETH,91.48
2026-02-17,18:57:35,2026-02-17T18:57:35.000Z,Stake 11,0x787b8840100d9baadd7463f4a73b5ba73b00c6ca,0.460661,ETH,1289.85
2026-02-17,18:57:35,2026-02-17T18:57:35.000Z,Stake 11,0x787b8840100d9baadd7463f4a73b5ba73b00c6ca,0.000067,ETH,0.19
2026-02-17,18:57:35,2026-02-17T18:57:35.000Z,Stake 11,0x787b8840100d9baadd7463f4a73b5ba73b00c6ca,0.002528,ETH,7.08
2026-02-17,18:57:35,2026-02-17T18:57:35.000Z,Stake 11,0x787b8840100d9baadd7463f4a73b5ba73b00c6ca,0.000060,ETH,0.17
2026-02-17,18:57:35,2026-02-17T18:57:35.000Z,Stake 11,0x787b8840100d9baadd7463f4a73b5ba73b00c6ca,0.000057,ETH,0.16
2026-02-17,18:57:35,2026-02-17T18:57:35.000Z,Stake 11,0x787b8840100d9baadd7463f4a73b5ba73b00c6ca,0.000060,ETH,0.17
2026-02-17,18:57:35,2026-02-17T18:57:35.000Z,Stake 11,0x787b8840100d9baadd7463f4a73b5ba73b00c6ca,7.469517,ETH,20914.65
2026-02-17,18:57:35,2026-02-17T18:57:35.000Z,Stake 11,0x787b8840100d9baadd7463f4a73b5ba73b00c6ca,0.238448,ETH,667.66
2026-02-17,18:57:35,2026-02-17T18:57:35.000Z,Stake 11,0x787b8840100d9baadd7463f4a73b5ba73b00c6ca,0.000062,ETH,0.17
2026-02-17,18:57:35,2026-02-17T18:57:35.000Z,Stake 11,0x787b8840100d9baadd7463f4a73b5ba73b00c6ca,0.000062,ETH,0.17
2026-02-17,18:57:35,2026-02-17T18:57:35.000Z,Stake 11,0x787b8840100d9baadd7463f4a73b5ba73b00c6ca,0.000060,ETH,0.17
2026-02-17,18:57:35,2026-02-17T18:57:35.000Z,Stake 11,0x787b8840100d9baadd7463f4a73b5ba73b00c6ca,0.000060,ETH,0.17
2026-02-17,18:57:35,2026-02-17T18:57:35.000Z,Stake 11,0x787b8840100d9baadd7463f4a73b5ba73b00c6ca,0.000060,ETH,0.17
2026-02-17,18:57:35,2026-02-17T18:57:35.000Z,Stake 11,0x787b8840100d9baadd7463f4a73b5ba73b00c6ca,0.000057,ETH,0.16
2026-02-17,18:57:35,2026-02-17T18:57:35.000Z,Stake 11,0x787b8840100d9baadd7463f4a73b5ba73b00c6ca,0.098362,ETH,275.41
2026-02-17,18:57:35,2026-02-17T18:57:35.000Z,Stake 11,0x787b8840100d9baadd7463f4a73b5ba73b00c6ca,0.000057,ETH,0.16
2026-02-17,18:57:35,2026-02-17T18:57:35.000Z,Stake 11,0x787b8840100d9baadd7463f4a73b5ba73b00c6ca,0.009409,ETH,26.35
2026-02-17,18:57:35,2026-02-17T18:57:35.000Z,Stake 11,0x787b8840100d9baadd7463f4a73b5ba73b00c6ca,0.024852,ETH,69.58
2026-02-17,18:57:35,2026-02-17T18:57:35.000Z,Stake 11,0x787b8840100d9baadd7463f4a73b5ba73b00c6ca,0.000060,ETH,0.17
2026-02-17,18:57:35,2026-02-17T18:57:35.000Z,Stake 11,0x787b8840100d9baadd7463f4a73b5ba73b00c6ca,0.011904,ETH,33.33
2026-02-17,18:57:35,2026-02-17T18:57:35.000Z,Rollbit,0xcbd6832ebc203e49e2b771897067fce3c58575ac,0.061802,ETH,173.05
2026-02-17,18:57:35,2026-02-17T18:57:35.000Z,Rollbit,0xcbd6832ebc203e49e2b771897067fce3c58575ac,0.049997,ETH,139.99
2026-02-17,18:57:59,2026-02-17T18:57:59.000Z,Rollbit,0xcbd6832ebc203e49e2b771897067fce3c58575ac,0.020832,ETH,58.33
2026-02-17,18:57:59,2026-02-17T18:57:59.000Z,Rollbit,0xcbd6832ebc203e49e2b771897067fce3c58575ac,0.137215,ETH,384.20
2026-02-17,18:59:23,2026-02-17T18:59:23.000Z,Rollbit,0xcbd6832ebc203e49e2b771897067fce3c58575ac,0.020625,ETH,57.75
2026-02-17,19:00:11,2026-02-17T19:00:11.000Z,Rollbit,0xcbd6832ebc203e49e2b771897067fce3c58575ac,0.000588,ETH,1.65
2026-02-17,19:00:59,2026-02-17T19:00:59.000Z,Rollbit,0xcbd6832ebc203e49e2b771897067fce3c58575ac,0.000599,ETH,1.68
2026-02-17,19:01:23,2026-02-17T19:01:23.000Z,Rollbit,0xcbd6832ebc203e49e2b771897067fce3c58575ac,0.999157,ETH,2797.64
2026-02-17,19:01:23,2026-02-17T19:01:23.000Z,Roobet,0xc94ebb328ac25b95db0e0aa968371885fa516215,21.677347,ETH,60696.57
2026-02-17,19:02:23,2026-02-17T19:02:23.000Z,Rollbit,0xcbd6832ebc203e49e2b771897067fce3c58575ac,0.074504,ETH,208.61
2026-02-17,19:03:23,2026-02-17T19:03:23.000Z,Rollbit,0xcbd6832ebc203e49e2b771897067fce3c58575ac,0.249976,ETH,699.93
2026-02-17,19:03:47,2026-02-17T19:03:47.000Z,Rollbit,0xcbd6832ebc203e49e2b771897067fce3c58575ac,0.000588,ETH,1.65
2026-02-17,19:04:47,2026-02-17T19:04:47.000Z,Rollbit,0xcbd6832ebc203e49e2b771897067fce3c58575ac,0.000610,ETH,1.71
2026-02-17,19:05:35,2026-02-17T19:05:35.000Z,Rollbit,0xcbd6832ebc203e49e2b771897067fce3c58575ac,0.021697,ETH,60.75
2026-02-17,19:08:59,2026-02-17T19:08:59.000Z,Rollbit,0xcbd6832ebc203e49e2b771897067fce3c58575ac,0.117860,ETH,330.01
2026-02-17,19:11:11,2026-02-17T19:11:11.000Z,Rollbit,0xcbd6832ebc203e49e2b771897067fce3c58575ac,0.049498,ETH,138.59
2026-02-17,19:12:23,2026-02-17T19:12:23.000Z,Rollbit,0xcbd6832ebc203e49e2b771897067fce3c58575ac,0.021727,ETH,60.83
2026-02-17,19:12:23,2026-02-17T19:12:23.000Z,Rollbit,0xcbd6832ebc203e49e2b771897067fce3c58575ac,0.028617,ETH,80.13
2026-02-17,19:13:23,2026-02-17T19:13:23.000Z,Rollbit,0xcbd6832ebc203e49e2b771897067fce3c58575ac,0.038509,ETH,107.83
2026-02-17,19:14:35,2026-02-17T19:14:35.000Z,Rollbit,0xcbd6832ebc203e49e2b771897067fce3c58575ac,0.023683,ETH,66.31
2026-02-17,19:14:35,2026-02-17T19:14:35.000Z,Rollbit,0xcbd6832ebc203e49e2b771897067fce3c58575ac,0.019997,ETH,55.99
2026-02-17,19:15:23,2026-02-17T19:15:23.000Z,Rollbit,0xcbd6832ebc203e49e2b771897067fce3c58575ac,0.113145,ETH,316.81
2026-02-17,19:15:47,2026-02-17T19:15:47.000Z,Rollbit,0xcbd6832ebc203e49e2b771897067fce3c58575ac,0.071922,ETH,201.38
2026-02-17,19:16:35,2026-02-17T19:16:35.000Z,Rollbit,0xcbd6832ebc203e49e2b771897067fce3c58575ac,0.096606,ETH,270.50
2026-02-17,19:16:59,2026-02-17T19:16:59.000Z,Rollbit,0xcbd6832ebc203e49e2b771897067fce3c58575ac,0.113176,ETH,316.89
2026-02-17,19:16:59,2026-02-17T19:16:59.000Z,Rollbit,0xcbd6832ebc203e49e2b771897067fce3c58575ac,0.048503,ETH,135.81
2026-02-17,19:17:47,2026-02-17T19:17:47.000Z,Rollbit,0xcbd6832ebc203e49e2b771897067fce3c58575ac,0.002488,ETH,6.97
2026-02-17,19:18:23,2026-02-17T19:18:23.000Z,Rollbit,0xcbd6832ebc203e49e2b771897067fce3c58575ac,0.000666,ETH,1.86
2026-02-17,19:18:47,2026-02-17T19:18:47.000Z,Rollbit,0xcbd6832ebc203e49e2b771897067fce3c58575ac,0.000664,ETH,1.86
2026-02-17,19:19:23,2026-02-17T19:19:23.000Z,Rollbit,0xcbd6832ebc203e49e2b771897067fce3c58575ac,0.235417,ETH,659.17
2026-02-17,19:19:59,2026-02-17T19:19:59.000Z,Rollbit,0xcbd6832ebc203e49e2b771897067fce3c58575ac,0.009836,ETH,27.54
2026-02-17,19:21:11,2026-02-17T19:21:11.000Z,Rollbit,0xcbd6832ebc203e49e2b771897067fce3c58575ac,0.098283,ETH,275.19
2026-02-17,19:21:11,2026-02-17T19:21:11.000Z,Rollbit,0xcbd6832ebc203e49e2b771897067fce3c58575ac,0.058164,ETH,162.86
2026-02-17,19:21:35,2026-02-17T19:21:35.000Z,Rollbit,0xcbd6832ebc203e49e2b771897067fce3c58575ac,0.155756,ETH,436.12
2026-02-17,19:22:35,2026-02-17T19:22:35.000Z,Rollbit,0xcbd6832ebc203e49e2b771897067fce3c58575ac,0.019996,ETH,55.99
2026-02-17,19:22:35,2026-02-17T19:22:35.000Z,Rollbit,0xcbd6832ebc203e49e2b771897067fce3c58575ac,0.179996,ETH,503.99
2026-02-17,19:26:11,2026-02-17T19:26:11.000Z,Rollbit,0xcbd6832ebc203e49e2b771897067fce3c58575ac,0.000641,ETH,1.80
2026-02-17,19:26:35,2026-02-17T19:26:35.000Z,Rollbit,0xcbd6832ebc203e49e2b771897067fce3c58575ac,0.022960,ETH,64.29
2026-02-17,19:27:47,2026-02-17T19:27:47.000Z,Rollbit,0xcbd6832ebc203e49e2b771897067fce3c58575ac,0.000666,ETH,1.87
2026-02-17,19:27:59,2026-02-17T19:27:59.000Z,Rollbit,0xcbd6832ebc203e49e2b771897067fce3c58575ac,0.000671,ETH,1.88
2026-02-17,19:30:23,2026-02-17T19:30:23.000Z,Rollbit,0xcbd6832ebc203e49e2b771897067fce3c58575ac,0.021737,ETH,60.86
2026-02-17,19:31:23,2026-02-17T19:31:23.000Z,Rollbit,0xcbd6832ebc203e49e2b771897067fce3c58575ac,0.048986,ETH,137.16
2026-02-17,19:31:47,2026-02-17T19:31:47.000Z,Rollbit,0xcbd6832ebc203e49e2b771897067fce3c58575ac,0.034299,ETH,96.04
2026-02-17,19:32:11,2026-02-17T19:32:11.000Z,Rollbit,0xcbd6832ebc203e49e2b771897067fce3c58575ac,0.006694,ETH,18.74
2026-02-17,19:34:11,2026-02-17T19:34:11.000Z,Roobet,0xc94ebb328ac25b95db0e0aa968371885fa516215,20.484576,ETH,57356.81
2026-02-17,19:35:11,2026-02-17T19:35:11.000Z,Rollbit,0xcbd6832ebc203e49e2b771897067fce3c58575ac,0.117883,ETH,330.07
2026-02-17,19:35:35,2026-02-17T19:35:35.000Z,Rollbit,0xcbd6832ebc203e49e2b771897067fce3c58575ac,0.089704,ETH,251.17
2026-02-17,19:35:35,2026-02-17T19:35:35.000Z,Rollbit,0xcbd6832ebc203e49e2b771897067fce3c58575ac,0.075762,ETH,212.13
2026-02-17,19:36:23,2026-02-17T19:36:23.000Z,Rollbit,0xcbd6832ebc203e49e2b771897067fce3c58575ac,0.054903,ETH,153.73
2026-02-17,19:36:47,2026-02-17T19:36:47.000Z,Rollbit,0xcbd6832ebc203e49e2b771897067fce3c58575ac,0.000646,ETH,1.81
2026-02-17,19:38:11,2026-02-17T19:38:11.000Z,Rollbit,0xcbd6832ebc203e49e2b771897067fce3c58575ac,0.276632,ETH,774.57
2026-02-17,19:38:35,2026-02-17T19:38:35.000Z,Rollbit,0xcbd6832ebc203e49e2b771897067fce3c58575ac,0.027517,ETH,77.05
2026-02-17,19:40:35,2026-02-17T19:40:35.000Z,Rollbit,0xcbd6832ebc203e49e2b771897067fce3c58575ac,0.000650,ETH,1.82
2026-02-17,19:40:35,2026-02-17T19:40:35.000Z,Rollbit,0xcbd6832ebc203e49e2b771897067fce3c58575ac,0.000649,ETH,1.82
2026-02-17,19:41:23,2026-02-17T19:41:23.000Z,Rollbit,0xcbd6832ebc203e49e2b771897067fce3c58575ac,0.122647,ETH,343.41
2026-02-17,19:41:59,2026-02-17T19:41:59.000Z,Rollbit,0xcbd6832ebc203e49e2b771897067fce3c58575ac,0.050029,ETH,140.08
2026-02-17,19:42:35,2026-02-17T19:42:35.000Z,Rollbit,0xcbd6832ebc203e49e2b771897067fce3c58575ac,0.025617,ETH,71.73
2026-02-17,19:43:47,2026-02-17T19:43:47.000Z,Rollbit,0xcbd6832ebc203e49e2b771897067fce3c58575ac,0.049375,ETH,138.25
2026-02-17,19:43:59,2026-02-17T19:43:59.000Z,Rollbit,0xcbd6832ebc203e49e2b771897067fce3c58575ac,0.186380,ETH,521.86
2026-02-17,19:44:11,2026-02-17T19:44:11.000Z,Rollbit,0xcbd6832ebc203e49e2b771897067fce3c58575ac,0.421997,ETH,1181.59
2026-02-17,19:44:11,2026-02-17T19:44:11.000Z,Rollbit,0xcbd6832ebc203e49e2b771897067fce3c58575ac,0.000672,ETH,1.88
2026-02-17,19:45:23,2026-02-17T19:45:23.000Z,Rollbit,0xcbd6832ebc203e49e2b771897067fce3c58575ac,0.236660,ETH,662.65
2026-02-17,19:45:23,2026-02-17T19:45:23.000Z,Rollbit,0xcbd6832ebc203e49e2b771897067fce3c58575ac,0.018479,ETH,51.74
2026-02-17,19:45:35,2026-02-17T19:45:35.000Z,Rollbit,0xcbd6832ebc203e49e2b771897067fce3c58575ac,0.412179,ETH,1154.10
2026-02-17,19:46:47,2026-02-17T19:46:47.000Z,Rollbit,0xcbd6832ebc203e49e2b771897067fce3c58575ac,0.049801,ETH,139.44
2026-02-17,19:46:47,2026-02-17T19:46:47.000Z,Rollbit,0xcbd6832ebc203e49e2b771897067fce3c58575ac,0.049507,ETH,138.62
2026-02-17,19:47:23,2026-02-17T19:47:23.000Z,Bitcasino,0x5bcbdfb6cc624b959c39a2d16110d1f2d9204f72,0.033184,ETH,92.91
2026-02-17,19:47:59,2026-02-17T19:47:59.000Z,Bitcasino,0x5bcbdfb6cc624b959c39a2d16110d1f2d9204f72,0.130465,ETH,365.30
2026-02-17,19:48:23,2026-02-17T19:48:23.000Z,Rollbit,0xcbd6832ebc203e49e2b771897067fce3c58575ac,0.026824,ETH,75.11
2026-02-17,19:48:23,2026-02-17T19:48:23.000Z,Rollbit,0xcbd6832ebc203e49e2b771897067fce3c58575ac,0.016382,ETH,45.87
2026-02-17,19:48:35,2026-02-17T19:48:35.000Z,Rollbit,0xcbd6832ebc203e49e2b771897067fce3c58575ac,0.173271,ETH,485.16
2026-02-17,19:48:47,2026-02-17T19:48:47.000Z,Bitcasino,0x5bcbdfb6cc624b959c39a2d16110d1f2d9204f72,0.099460,ETH,278.49
2026-02-17,19:48:59,2026-02-17T19:48:59.000Z,Rollbit,0xcbd6832ebc203e49e2b771897067fce3c58575ac,0.069997,ETH,195.99
2026-02-17,19:49:11,2026-02-17T19:49:11.000Z,Bitcasino,0x5bcbdfb6cc624b959c39a2d16110d1f2d9204f72,0.048554,ETH,135.95
2026-02-17,19:49:23,2026-02-17T19:49:23.000Z,Rollbit,0xcbd6832ebc203e49e2b771897067fce3c58575ac,0.106460,ETH,298.09
2026-02-17,19:50:59,2026-02-17T19:50:59.000Z,Rollbit,0xcbd6832ebc203e49e2b771897067fce3c58575ac,3.899997,ETH,10919.99
2026-02-17,19:51:35,2026-02-17T19:51:35.000Z,Stake 11,0x787b8840100d9baadd7463f4a73b5ba73b00c6ca,0.000061,ETH,0.17
2026-02-17,19:51:35,2026-02-17T19:51:35.000Z,Stake 11,0x787b8840100d9baadd7463f4a73b5ba73b00c6ca,0.020357,ETH,57.00
2026-02-17,19:51:35,2026-02-17T19:51:35.000Z,Rollbit,0xcbd6832ebc203e49e2b771897067fce3c58575ac,0.076131,ETH,213.17
2026-02-17,19:51:35,2026-02-17T19:51:35.000Z,Rollbit,0xcbd6832ebc203e49e2b771897067fce3c58575ac,0.054126,ETH,151.55
2026-02-17,19:51:59,2026-02-17T19:51:59.000Z,Stake 11,0x787b8840100d9baadd7463f4a73b5ba73b00c6ca,0.000060,ETH,0.17
2026-02-17,19:51:59,2026-02-17T19:51:59.000Z,Stake 11,0x787b8840100d9baadd7463f4a73b5ba73b00c6ca,0.014285,ETH,40.00
2026-02-17,19:51:59,2026-02-17T19:51:59.000Z,Stake 11,0x787b8840100d9baadd7463f4a73b5ba73b00c6ca,0.057228,ETH,160.24
2026-02-17,19:52:47,2026-02-17T19:52:47.000Z,Stake 11,0x787b8840100d9baadd7463f4a73b5ba73b00c6ca,0.023660,ETH,66.25
2026-02-17,19:52:47,2026-02-17T19:52:47.000Z,Stake 11,0x787b8840100d9baadd7463f4a73b5ba73b00c6ca,0.178331,ETH,499.33
2026-02-17,19:52:47,2026-02-17T19:52:47.000Z,Stake 11,0x787b8840100d9baadd7463f4a73b5ba73b00c6ca,0.009455,ETH,26.47
2026-02-17,19:52:47,2026-02-17T19:52:47.000Z,Stake 11,0x787b8840100d9baadd7463f4a73b5ba73b00c6ca,0.376308,ETH,1053.66
2026-02-17,19:52:47,2026-02-17T19:52:47.000Z,Stake 11,0x787b8840100d9baadd7463f4a73b5ba73b00c6ca,0.050358,ETH,141.00
2026-02-17,19:52:47,2026-02-17T19:52:47.000Z,Stake 11,0x787b8840100d9baadd7463f4a73b5ba73b00c6ca,0.000878,ETH,2.46
2026-02-17,19:52:47,2026-02-17T19:52:47.000Z,Stake 11,0x787b8840100d9baadd7463f4a73b5ba73b00c6ca,0.063258,ETH,177.12
2026-02-17,19:52:47,2026-02-17T19:52:47.000Z,Stake 11,0x787b8840100d9baadd7463f4a73b5ba73b00c6ca,0.014291,ETH,40.02
2026-02-17,19:52:47,2026-02-17T19:52:47.000Z,Stake 11,0x787b8840100d9baadd7463f4a73b5ba73b00c6ca,0.058074,ETH,162.61
2026-02-17,19:52:47,2026-02-17T19:52:47.000Z,Rollbit,0xcbd6832ebc203e49e2b771897067fce3c58575ac,0.000706,ETH,1.98
2026-02-17,19:52:47,2026-02-17T19:52:47.000Z,Rollbit,0xcbd6832ebc203e49e2b771897067fce3c58575ac,0.000708,ETH,1.98
2026-02-17,19:52:47,2026-02-17T19:52:47.000Z,Rollbit,0xcbd6832ebc203e49e2b771897067fce3c58575ac,0.016553,ETH,46.35
2026-02-17,19:53:47,2026-02-17T19:53:47.000Z,Rollbit,0xcbd6832ebc203e49e2b771897067fce3c58575ac,0.010385,ETH,29.08
2026-02-17,19:54:11,2026-02-17T19:54:11.000Z,Stake 11,0x787b8840100d9baadd7463f4a73b5ba73b00c6ca,0.085971,ETH,240.72
2026-02-17,19:54:11,2026-02-17T19:54:11.000Z,Stake 11,0x787b8840100d9baadd7463f4a73b5ba73b00c6ca,0.015618,ETH,43.73
2026-02-17,19:54:11,2026-02-17T19:54:11.000Z,Stake 11,0x787b8840100d9baadd7463f4a73b5ba73b00c6ca,0.000065,ETH,0.18
2026-02-17,19:54:11,2026-02-17T19:54:11.000Z,Stake 11,0x787b8840100d9baadd7463f4a73b5ba73b00c6ca,0.000065,ETH,0.18
2026-02-17,19:54:11,2026-02-17T19:54:11.000Z,Stake 11,0x787b8840100d9baadd7463f4a73b5ba73b00c6ca,0.000065,ETH,0.18
2026-02-17,19:54:11,2026-02-17T19:54:11.000Z,Stake 11,0x787b8840100d9baadd7463f4a73b5ba73b00c6ca,0.012515,ETH,35.04
2026-02-17,19:55:11,2026-02-17T19:55:11.000Z,Stake 11,0x787b8840100d9baadd7463f4a73b5ba73b00c6ca,0.047732,ETH,133.65
2026-02-17,19:55:11,2026-02-17T19:55:11.000Z,Rollbit,0xcbd6832ebc203e49e2b771897067fce3c58575ac,0.299997,ETH,839.99
2026-02-17,19:56:47,2026-02-17T19:56:47.000Z,Stake 11,0x787b8840100d9baadd7463f4a73b5ba73b00c6ca,0.013137,ETH,36.78
2026-02-17,19:56:47,2026-02-17T19:56:47.000Z,Stake 11,0x787b8840100d9baadd7463f4a73b5ba73b00c6ca,0.047136,ETH,131.98
2026-02-17,19:56:47,2026-02-17T19:56:47.000Z,Stake 11,0x787b8840100d9baadd7463f4a73b5ba73b00c6ca,0.029224,ETH,81.83
2026-02-17,19:57:35,2026-02-17T19:57:35.000Z,Stake 11,0x787b8840100d9baadd7463f4a73b5ba73b00c6ca,0.027710,ETH,77.59
2026-02-17,19:57:35,2026-02-17T19:57:35.000Z,Stake 11,0x787b8840100d9baadd7463f4a73b5ba73b00c6ca,0.025133,ETH,70.37
2026-02-17,19:57:47,2026-02-17T19:57:47.000Z,Stake 11,0x787b8840100d9baadd7463f4a73b5ba73b00c6ca,0.428056,ETH,1198.56
2026-02-17,19:58:35,2026-02-17T19:58:35.000Z,Rollbit,0xcbd6832ebc203e49e2b771897067fce3c58575ac,0.032545,ETH,91.13
2026-02-17,19:59:47,2026-02-17T19:59:47.000Z,Rollbit,0xcbd6832ebc203e49e2b771897067fce3c58575ac,0.234563,ETH,656.78
2026-02-17,19:59:47,2026-02-17T19:59:47.000Z,Rollbit,0xcbd6832ebc203e49e2b771897067fce3c58575ac,0.000674,ETH,1.89
2026-02-17,19:59:59,2026-02-17T19:59:59.000Z,Rollbit,0xcbd6832ebc203e49e2b771897067fce3c58575ac,0.007997,ETH,22.39
2026-02-17,20:01:23,2026-02-17T20:01:23.000Z,Rollbit,0xcbd6832ebc203e49e2b771897067fce3c58575ac,0.079423,ETH,222.38
2026-02-17,20:01:59,2026-02-17T20:01:59.000Z,Rollbit,0xcbd6832ebc203e49e2b771897067fce3c58575ac,0.009120,ETH,25.54
2026-02-17,20:02:23,2026-02-17T20:02:23.000Z,Rollbit,0xcbd6832ebc203e49e2b771897067fce3c58575ac,0.049529,ETH,138.68
2026-02-17,20:03:47,2026-02-17T20:03:47.000Z,Rollbit,0xcbd6832ebc203e49e2b771897067fce3c58575ac,0.108345,ETH,303.37
2026-02-17,20:04:11,2026-02-17T20:04:11.000Z,Rollbit,0xcbd6832ebc203e49e2b771897067fce3c58575ac,0.325287,ETH,910.80
2026-02-17,20:04:35,2026-02-17T20:04:35.000Z,Roobet,0xc94ebb328ac25b95db0e0aa968371885fa516215,34.420824,ETH,96378.31
2026-02-17,20:04:47,2026-02-17T20:04:47.000Z,Stake 11,0x787b8840100d9baadd7463f4a73b5ba73b00c6ca,0.026188,ETH,73.33
2026-02-17,20:04:47,2026-02-17T20:04:47.000Z,Stake 11,0x787b8840100d9baadd7463f4a73b5ba73b00c6ca,0.005052,ETH,14.15
2026-02-17,20:04:47,2026-02-17T20:04:47.000Z,Rollbit,0xcbd6832ebc203e49e2b771897067fce3c58575ac,0.000676,ETH,1.89
2026-02-17,20:05:47,2026-02-17T20:05:47.000Z,Rollbit,0xcbd6832ebc203e49e2b771897067fce3c58575ac,0.000674,ETH,1.89
2026-02-17,20:06:11,2026-02-17T20:06:11.000Z,Stake 11,0x787b8840100d9baadd7463f4a73b5ba73b00c6ca,0.154605,ETH,432.89
2026-02-17,20:06:23,2026-02-17T20:06:23.000Z,Roobet,0xc94ebb328ac25b95db0e0aa968371885fa516215,0.016651,ETH,46.62
2026-02-17,20:06:35,2026-02-17T20:06:35.000Z,Rollbit,0xcbd6832ebc203e49e2b771897067fce3c58575ac,0.054187,ETH,151.72
2026-02-17,20:08:23,2026-02-17T20:08:23.000Z,Rollbit,0xcbd6832ebc203e49e2b771897067fce3c58575ac,0.059499,ETH,166.60
2026-02-17,20:08:47,2026-02-17T20:08:47.000Z,Stake 11,0x787b8840100d9baadd7463f4a73b5ba73b00c6ca,0.048573,ETH,136.00
2026-02-17,20:08:47,2026-02-17T20:08:47.000Z,Stake 11,0x787b8840100d9baadd7463f4a73b5ba73b00c6ca,0.005031,ETH,14.09
2026-02-17,20:08:47,2026-02-17T20:08:47.000Z,Stake 11,0x787b8840100d9baadd7463f4a73b5ba73b00c6ca,0.018570,ETH,52.00
2026-02-17,20:08:47,2026-02-17T20:08:47.000Z,Stake 11,0x787b8840100d9baadd7463f4a73b5ba73b00c6ca,0.013056,ETH,36.56
2026-02-17,20:08:47,2026-02-17T20:08:47.000Z,Stake 11,0x787b8840100d9baadd7463f4a73b5ba73b00c6ca,0.002766,ETH,7.74
2026-02-17,20:08:47,2026-02-17T20:08:47.000Z,Stake 11,0x787b8840100d9baadd7463f4a73b5ba73b00c6ca,0.003801,ETH,10.64
2026-02-17,20:08:47,2026-02-17T20:08:47.000Z,Stake 11,0x787b8840100d9baadd7463f4a73b5ba73b00c6ca,0.000062,ETH,0.17
2026-02-17,20:08:47,2026-02-17T20:08:47.000Z,Stake 11,0x787b8840100d9baadd7463f4a73b5ba73b00c6ca,0.000062,ETH,0.17
2026-02-17,20:08:47,2026-02-17T20:08:47.000Z,Stake 11,0x787b8840100d9baadd7463f4a73b5ba73b00c6ca,0.115724,ETH,324.03
2026-02-17,20:08:47,2026-02-17T20:08:47.000Z,Stake 11,0x787b8840100d9baadd7463f4a73b5ba73b00c6ca,0.063357,ETH,177.40
2026-02-17,20:08:47,2026-02-17T20:08:47.000Z,Stake 11,0x787b8840100d9baadd7463f4a73b5ba73b00c6ca,0.000062,ETH,0.17
2026-02-17,20:08:47,2026-02-17T20:08:47.000Z,Stake 11,0x787b8840100d9baadd7463f4a73b5ba73b00c6ca,0.000475,ETH,1.33
2026-02-17,20:08:47,2026-02-17T20:08:47.000Z,Stake 11,0x787b8840100d9baadd7463f4a73b5ba73b00c6ca,0.000062,ETH,0.17
2026-02-17,20:08:47,2026-02-17T20:08:47.000Z,Stake 11,0x787b8840100d9baadd7463f4a73b5ba73b00c6ca,0.000062,ETH,0.17
2026-02-17,20:08:47,2026-02-17T20:08:47.000Z,Stake 11,0x787b8840100d9baadd7463f4a73b5ba73b00c6ca,0.118209,ETH,330.98
2026-02-17,20:08:47,2026-02-17T20:08:47.000Z,Stake 11,0x787b8840100d9baadd7463f4a73b5ba73b00c6ca,0.000062,ETH,0.17
2026-02-17,20:09:11,2026-02-17T20:09:11.000Z,Stake 11,0x787b8840100d9baadd7463f4a73b5ba73b00c6ca,0.059159,ETH,165.65
2026-02-17,20:09:47,2026-02-17T20:09:47.000Z,Rollbit,0xcbd6832ebc203e49e2b771897067fce3c58575ac,0.000662,ETH,1.85
2026-02-17,20:10:23,2026-02-17T20:10:23.000Z,Stake 11,0x787b8840100d9baadd7463f4a73b5ba73b00c6ca,0.000066,ETH,0.18
2026-02-17,20:10:23,2026-02-17T20:10:23.000Z,Stake 11,0x787b8840100d9baadd7463f4a73b5ba73b00c6ca,0.000066,ETH,0.18
2026-02-17,20:10:23,2026-02-17T20:10:23.000Z,Stake 11,0x787b8840100d9baadd7463f4a73b5ba73b00c6ca,0.011396,ETH,31.91
2026-02-17,20:10:23,2026-02-17T20:10:23.000Z,Stake 11,0x787b8840100d9baadd7463f4a73b5ba73b00c6ca,0.327542,ETH,917.12
2026-02-17,20:10:35,2026-02-17T20:10:35.000Z,Stake 11,0x787b8840100d9baadd7463f4a73b5ba73b00c6ca,0.047571,ETH,133.20
2026-02-17,20:10:35,2026-02-17T20:10:35.000Z,Stake 11,0x787b8840100d9baadd7463f4a73b5ba73b00c6ca,0.061819,ETH,173.09
2026-02-17,20:10:59,2026-02-17T20:10:59.000Z,Rollbit,0xcbd6832ebc203e49e2b771897067fce3c58575ac,0.029314,ETH,82.08
2026-02-17,20:11:59,2026-02-17T20:11:59.000Z,Rollbit,0xcbd6832ebc203e49e2b771897067fce3c58575ac,0.000654,ETH,1.83
2026-02-17,20:12:11,2026-02-17T20:12:11.000Z,Stake 11,0x787b8840100d9baadd7463f4a73b5ba73b00c6ca,0.158668,ETH,444.27
2026-02-17,20:13:47,2026-02-17T20:13:47.000Z,Rollbit,0xcbd6832ebc203e49e2b771897067fce3c58575ac,0.004796,ETH,13.43
2026-02-17,20:14:11,2026-02-17T20:14:11.000Z,Rollbit,0xcbd6832ebc203e49e2b771897067fce3c58575ac,0.020861,ETH,58.41
2026-02-17,20:14:35,2026-02-17T20:14:35.000Z,Stake 11,0x787b8840100d9baadd7463f4a73b5ba73b00c6ca,0.125549,ETH,351.54
2026-02-17,20:14:47,2026-02-17T20:14:47.000Z,Stake 11,0x787b8840100d9baadd7463f4a73b5ba73b00c6ca,0.000060,ETH,0.17
2026-02-17,20:14:47,2026-02-17T20:14:47.000Z,Stake 11,0x787b8840100d9baadd7463f4a73b5ba73b00c6ca,0.000060,ETH,0.17
2026-02-17,20:14:47,2026-02-17T20:14:47.000Z,Stake 11,0x787b8840100d9baadd7463f4a73b5ba73b00c6ca,0.000060,ETH,0.17
2026-02-17,20:14:47,2026-02-17T20:14:47.000Z,Stake 11,0x787b8840100d9baadd7463f4a73b5ba73b00c6ca,0.021921,ETH,61.38
2026-02-17,20:14:47,2026-02-17T20:14:47.000Z,Stake 11,0x787b8840100d9baadd7463f4a73b5ba73b00c6ca,0.030999,ETH,86.80
2026-02-17,20:14:47,2026-02-17T20:14:47.000Z,Stake 11,0x787b8840100d9baadd7463f4a73b5ba73b00c6ca,0.023838,ETH,66.75
2026-02-17,20:14:47,2026-02-17T20:14:47.000Z,Stake 11,0x787b8840100d9baadd7463f4a73b5ba73b00c6ca,0.011128,ETH,31.16
2026-02-17,20:14:47,2026-02-17T20:14:47.000Z,Stake 11,0x787b8840100d9baadd7463f4a73b5ba73b00c6ca,0.000060,ETH,0.17
2026-02-17,20:14:47,2026-02-17T20:14:47.000Z,Stake 11,0x787b8840100d9baadd7463f4a73b5ba73b00c6ca,0.000060,ETH,0.17
2026-02-17,20:14:47,2026-02-17T20:14:47.000Z,Stake 11,0x787b8840100d9baadd7463f4a73b5ba73b00c6ca,0.004749,ETH,13.30
2026-02-17,20:14:47,2026-02-17T20:14:47.000Z,Stake 11,0x787b8840100d9baadd7463f4a73b5ba73b00c6ca,0.000060,ETH,0.17
2026-02-17,20:14:47,2026-02-17T20:14:47.000Z,Stake 11,0x787b8840100d9baadd7463f4a73b5ba73b00c6ca,0.000060,ETH,0.17
2026-02-17,20:14:47,2026-02-17T20:14:47.000Z,Stake 11,0x787b8840100d9baadd7463f4a73b5ba73b00c6ca,0.000060,ETH,0.17
2026-02-17,20:14:47,2026-02-17T20:14:47.000Z,Stake 11,0x787b8840100d9baadd7463f4a73b5ba73b00c6ca,0.117865,ETH,330.02
2026-02-17,20:14:47,2026-02-17T20:14:47.000Z,Stake 11,0x787b8840100d9baadd7463f4a73b5ba73b00c6ca,0.000063,ETH,0.18
2026-02-17,20:14:47,2026-02-17T20:14:47.000Z,Stake 11,0x787b8840100d9baadd7463f4a73b5ba73b00c6ca,0.022642,ETH,63.40
2026-02-17,20:14:47,2026-02-17T20:14:47.000Z,Stake 11,0x787b8840100d9baadd7463f4a73b5ba73b00c6ca,0.028618,ETH,80.13
2026-02-17,20:14:47,2026-02-17T20:14:47.000Z,Stake 11,0x787b8840100d9baadd7463f4a73b5ba73b00c6ca,0.000063,ETH,0.18
2026-02-17,20:14:47,2026-02-17T20:14:47.000Z,Stake 11,0x787b8840100d9baadd7463f4a73b5ba73b00c6ca,0.000063,ETH,0.18
2026-02-17,20:14:47,2026-02-17T20:14:47.000Z,Stake 11,0x787b8840100d9baadd7463f4a73b5ba73b00c6ca,0.000065,ETH,0.18
2026-02-17,20:14:47,2026-02-17T20:14:47.000Z,Stake 11,0x787b8840100d9baadd7463f4a73b5ba73b00c6ca,0.025673,ETH,71.88
2026-02-17,20:14:47,2026-02-17T20:14:47.000Z,Stake 11,0x787b8840100d9baadd7463f4a73b5ba73b00c6ca,0.035777,ETH,100.17
2026-02-17,20:14:47,2026-02-17T20:14:47.000Z,Stake 11,0x787b8840100d9baadd7463f4a73b5ba73b00c6ca,0.000063,ETH,0.18
2026-02-17,20:14:47,2026-02-17T20:14:47.000Z,Stake 11,0x787b8840100d9baadd7463f4a73b5ba73b00c6ca,0.000063,ETH,0.18
2026-02-17,20:14:47,2026-02-17T20:14:47.000Z,Rollbit,0xcbd6832ebc203e49e2b771897067fce3c58575ac,0.250041,ETH,700.12
2026-02-17,20:15:35,2026-02-17T20:15:35.000Z,Rollbit,0xcbd6832ebc203e49e2b771897067fce3c58575ac,0.036205,ETH,101.38
2026-02-17,20:15:35,2026-02-17T20:15:35.000Z,Rollbit,0xcbd6832ebc203e49e2b771897067fce3c58575ac,0.021818,ETH,61.09
2026-02-17,20:16:59,2026-02-17T20:16:59.000Z,Stake 11,0x787b8840100d9baadd7463f4a73b5ba73b00c6ca,0.000294,ETH,0.82
2026-02-17,20:16:59,2026-02-17T20:16:59.000Z,Stake 11,0x787b8840100d9baadd7463f4a73b5ba73b00c6ca,0.042661,ETH,119.45
2026-02-17,20:16:59,2026-02-17T20:16:59.000Z,Rollbit,0xcbd6832ebc203e49e2b771897067fce3c58575ac,0.011506,ETH,32.22
2026-02-17,20:17:23,2026-02-17T20:17:23.000Z,Stake 11,0x787b8840100d9baadd7463f4a73b5ba73b00c6ca,0.142280,ETH,398.38
2026-02-17,20:17:23,2026-02-17T20:17:23.000Z,Stake 11,0x787b8840100d9baadd7463f4a73b5ba73b00c6ca,0.015192,ETH,42.54
2026-02-17,20:17:23,2026-02-17T20:17:23.000Z,Stake 11,0x787b8840100d9baadd7463f4a73b5ba73b00c6ca,0.023836,ETH,66.74
2026-02-17,20:17:23,2026-02-17T20:17:23.000Z,Stake 11,0x787b8840100d9baadd7463f4a73b5ba73b00c6ca,0.142880,ETH,400.06
2026-02-17,20:17:23,2026-02-17T20:17:23.000Z,Stake 11,0x787b8840100d9baadd7463f4a73b5ba73b00c6ca,0.009728,ETH,27.24
2026-02-17,20:17:35,2026-02-17T20:17:35.000Z,Rollbit,0xcbd6832ebc203e49e2b771897067fce3c58575ac,0.049572,ETH,138.80
2026-02-17,20:18:23,2026-02-17T20:18:23.000Z,Stake 11,0x787b8840100d9baadd7463f4a73b5ba73b00c6ca,0.002461,ETH,6.89
2026-02-17,20:18:23,2026-02-17T20:18:23.000Z,Stake 11,0x787b8840100d9baadd7463f4a73b5ba73b00c6ca,0.009050,ETH,25.34
2026-02-17,20:18:23,2026-02-17T20:18:23.000Z,Stake 11,0x787b8840100d9baadd7463f4a73b5ba73b00c6ca,0.614738,ETH,1721.27
2026-02-17,20:18:47,2026-02-17T20:18:47.000Z,Rollbit,0xcbd6832ebc203e49e2b771897067fce3c58575ac,0.180997,ETH,506.79
2026-02-17,20:19:23,2026-02-17T20:19:23.000Z,Rollbit,0xcbd6832ebc203e49e2b771897067fce3c58575ac,0.008688,ETH,24.33
2026-02-17,20:20:35,2026-02-17T20:20:35.000Z,Rollbit,0xcbd6832ebc203e49e2b771897067fce3c58575ac,1.185244,ETH,3318.68
2026-02-17,20:21:23,2026-02-17T20:21:23.000Z,Rollbit,0xcbd6832ebc203e49e2b771897067fce3c58575ac,0.000671,ETH,1.88
2026-02-17,20:22:59,2026-02-17T20:22:59.000Z,Bitcasino,0x5bcbdfb6cc624b959c39a2d16110d1f2d9204f72,0.056259,ETH,157.52
2026-02-17,20:23:47,2026-02-17T20:23:47.000Z,Bitcasino,0x5bcbdfb6cc624b959c39a2d16110d1f2d9204f72,0.080273,ETH,224.76
2026-02-17,20:24:35,2026-02-17T20:24:35.000Z,Bitcasino,0x5bcbdfb6cc624b959c39a2d16110d1f2d9204f72,0.041533,ETH,116.29
2026-02-17,20:24:59,2026-02-17T20:24:59.000Z,Rollbit,0xcbd6832ebc203e49e2b771897067fce3c58575ac,0.006050,ETH,16.94
2026-02-17,20:25:23,2026-02-17T20:25:23.000Z,Stake 11,0x787b8840100d9baadd7463f4a73b5ba73b00c6ca,0.000061,ETH,0.17
2026-02-17,20:25:23,2026-02-17T20:25:23.000Z,Stake 11,0x787b8840100d9baadd7463f4a73b5ba73b00c6ca,0.000061,ETH,0.17
2026-02-17,20:25:23,2026-02-17T20:25:23.000Z,Stake 11,0x787b8840100d9baadd7463f4a73b5ba73b00c6ca,0.000061,ETH,0.17
2026-02-17,20:25:23,2026-02-17T20:25:23.000Z,Stake 11,0x787b8840100d9baadd7463f4a73b5ba73b00c6ca,0.000061,ETH,0.17
2026-02-17,20:25:23,2026-02-17T20:25:23.000Z,Stake 11,0x787b8840100d9baadd7463f4a73b5ba73b00c6ca,0.000061,ETH,0.17
2026-02-17,20:25:23,2026-02-17T20:25:23.000Z,Stake 11,0x787b8840100d9baadd7463f4a73b5ba73b00c6ca,0.000061,ETH,0.17
2026-02-17,20:25:23,2026-02-17T20:25:23.000Z,Stake 11,0x787b8840100d9baadd7463f4a73b5ba73b00c6ca,0.000061,ETH,0.17
2026-02-17,20:25:23,2026-02-17T20:25:23.000Z,Stake 11,0x787b8840100d9baadd7463f4a73b5ba73b00c6ca,0.000061,ETH,0.17
2026-02-17,20:25:23,2026-02-17T20:25:23.000Z,Stake 11,0x787b8840100d9baadd7463f4a73b5ba73b00c6ca,0.000061,ETH,0.17
2026-02-17,20:25:23,2026-02-17T20:25:23.000Z,Stake 11,0x787b8840100d9baadd7463f4a73b5ba73b00c6ca,0.000061,ETH,0.17
2026-02-17,20:25:23,2026-02-17T20:25:23.000Z,Stake 11,0x787b8840100d9baadd7463f4a73b5ba73b00c6ca,0.000067,ETH,0.19
2026-02-17,20:25:23,2026-02-17T20:25:23.000Z,Stake 11,0x787b8840100d9baadd7463f4a73b5ba73b00c6ca,0.010930,ETH,30.60
2026-02-17,20:25:23,2026-02-17T20:25:23.000Z,Stake 11,0x787b8840100d9baadd7463f4a73b5ba73b00c6ca,0.000061,ETH,0.17
2026-02-17,20:25:23,2026-02-17T20:25:23.000Z,Stake 11,0x787b8840100d9baadd7463f4a73b5ba73b00c6ca,0.073275,ETH,205.17
2026-02-17,20:25:23,2026-02-17T20:25:23.000Z,Stake 11,0x787b8840100d9baadd7463f4a73b5ba73b00c6ca,0.000061,ETH,0.17
2026-02-17,20:25:23,2026-02-17T20:25:23.000Z,Stake 11,0x787b8840100d9baadd7463f4a73b5ba73b00c6ca,0.000061,ETH,0.17
2026-02-17,20:25:23,2026-02-17T20:25:23.000Z,Stake 11,0x787b8840100d9baadd7463f4a73b5ba73b00c6ca,0.000061,ETH,0.17
2026-02-17,20:25:23,2026-02-17T20:25:23.000Z,Stake 11,0x787b8840100d9baadd7463f4a73b5ba73b00c6ca,0.000065,ETH,0.18
2026-02-17,20:25:23,2026-02-17T20:25:23.000Z,Stake 11,0x787b8840100d9baadd7463f4a73b5ba73b00c6ca,0.000061,ETH,0.17
2026-02-17,20:25:23,2026-02-17T20:25:23.000Z,Stake 11,0x787b8840100d9baadd7463f4a73b5ba73b00c6ca,0.000061,ETH,0.17
2026-02-17,20:25:23,2026-02-17T20:25:23.000Z,Stake 11,0x787b8840100d9baadd7463f4a73b5ba73b00c6ca,0.000061,ETH,0.17
2026-02-17,20:25:23,2026-02-17T20:25:23.000Z,Stake 11,0x787b8840100d9baadd7463f4a73b5ba73b00c6ca,0.000061,ETH,0.17
2026-02-17,20:25:23,2026-02-17T20:25:23.000Z,Stake 11,0x787b8840100d9baadd7463f4a73b5ba73b00c6ca,0.000061,ETH,0.17
2026-02-17,20:25:23,2026-02-17T20:25:23.000Z,Stake 11,0x787b8840100d9baadd7463f4a73b5ba73b00c6ca,0.000061,ETH,0.17
2026-02-17,20:25:23,2026-02-17T20:25:23.000Z,Stake 11,0x787b8840100d9baadd7463f4a73b5ba73b00c6ca,0.000068,ETH,0.19
2026-02-17,20:25:23,2026-02-17T20:25:23.000Z,Stake 11,0x787b8840100d9baadd7463f4a73b5ba73b00c6ca,0.000068,ETH,0.19
2026-02-17,20:25:23,2026-02-17T20:25:23.000Z,Stake 11,0x787b8840100d9baadd7463f4a73b5ba73b00c6ca,0.018972,ETH,53.12
2026-02-17,20:25:23,2026-02-17T20:25:23.000Z,Stake 11,0x787b8840100d9baadd7463f4a73b5ba73b00c6ca,0.000061,ETH,0.17
2026-02-17,20:25:23,2026-02-17T20:25:23.000Z,Stake 11,0x787b8840100d9baadd7463f4a73b5ba73b00c6ca,0.000061,ETH,0.17
2026-02-17,20:25:23,2026-02-17T20:25:23.000Z,Stake 11,0x787b8840100d9baadd7463f4a73b5ba73b00c6ca,0.000061,ETH,0.17
2026-02-17,20:25:23,2026-02-17T20:25:23.000Z,Stake 11,0x787b8840100d9baadd7463f4a73b5ba73b00c6ca,0.000061,ETH,0.17
2026-02-17,20:25:23,2026-02-17T20:25:23.000Z,Stake 11,0x787b8840100d9baadd7463f4a73b5ba73b00c6ca,0.000068,ETH,0.19
2026-02-17,20:25:23,2026-02-17T20:25:23.000Z,Stake 11,0x787b8840100d9baadd7463f4a73b5ba73b00c6ca,0.000061,ETH,0.17
2026-02-17,20:25:23,2026-02-17T20:25:23.000Z,Stake 11,0x787b8840100d9baadd7463f4a73b5ba73b00c6ca,0.000061,ETH,0.17
2026-02-17,20:25:23,2026-02-17T20:25:23.000Z,Stake 11,0x787b8840100d9baadd7463f4a73b5ba73b00c6ca,0.000061,ETH,0.17
2026-02-17,20:25:23,2026-02-17T20:25:23.000Z,Stake 11,0x787b8840100d9baadd7463f4a73b5ba73b00c6ca,0.000065,ETH,0.18
2026-02-17,20:25:23,2026-02-17T20:25:23.000Z,Stake 11,0x787b8840100d9baadd7463f4a73b5ba73b00c6ca,0.000061,ETH,0.17
2026-02-17,20:25:23,2026-02-17T20:25:23.000Z,Stake 11,0x787b8840100d9baadd7463f4a73b5ba73b00c6ca,0.019519,ETH,54.65
2026-02-17,20:25:23,2026-02-17T20:25:23.000Z,Stake 11,0x787b8840100d9baadd7463f4a73b5ba73b00c6ca,0.000061,ETH,0.17
2026-02-17,20:25:23,2026-02-17T20:25:23.000Z,Stake 11,0x787b8840100d9baadd7463f4a73b5ba73b00c6ca,0.000066,ETH,0.18
2026-02-17,20:25:23,2026-02-17T20:25:23.000Z,Stake 11,0x787b8840100d9baadd7463f4a73b5ba73b00c6ca,0.145482,ETH,407.35
2026-02-17,20:25:23,2026-02-17T20:25:23.000Z,Stake 11,0x787b8840100d9baadd7463f4a73b5ba73b00c6ca,0.000061,ETH,0.17
2026-02-17,20:25:23,2026-02-17T20:25:23.000Z,Stake 11,0x787b8840100d9baadd7463f4a73b5ba73b00c6ca,0.000061,ETH,0.17
2026-02-17,20:25:23,2026-02-17T20:25:23.000Z,Stake 11,0x787b8840100d9baadd7463f4a73b5ba73b00c6ca,0.000061,ETH,0.17
2026-02-17,20:25:23,2026-02-17T20:25:23.000Z,Stake 11,0x787b8840100d9baadd7463f4a73b5ba73b00c6ca,0.000061,ETH,0.17
2026-02-17,20:25:23,2026-02-17T20:25:23.000Z,Stake 11,0x787b8840100d9baadd7463f4a73b5ba73b00c6ca,0.000061,ETH,0.17
2026-02-17,20:25:23,2026-02-17T20:25:23.000Z,Stake 11,0x787b8840100d9baadd7463f4a73b5ba73b00c6ca,0.000061,ETH,0.17
2026-02-17,20:25:23,2026-02-17T20:25:23.000Z,Stake 11,0x787b8840100d9baadd7463f4a73b5ba73b00c6ca,0.000061,ETH,0.17
2026-02-17,20:25:23,2026-02-17T20:25:23.000Z,Stake 11,0x787b8840100d9baadd7463f4a73b5ba73b00c6ca,0.000061,ETH,0.17
2026-02-17,20:25:23,2026-02-17T20:25:23.000Z,Stake 11,0x787b8840100d9baadd7463f4a73b5ba73b00c6ca,0.000061,ETH,0.17
2026-02-17,20:25:23,2026-02-17T20:25:23.000Z,Stake 11,0x787b8840100d9baadd7463f4a73b5ba73b00c6ca,0.000061,ETH,0.17
2026-02-17,20:25:23,2026-02-17T20:25:23.000Z,Stake 11,0x787b8840100d9baadd7463f4a73b5ba73b00c6ca,0.000061,ETH,0.17
2026-02-17,20:25:23,2026-02-17T20:25:23.000Z,Stake 11,0x787b8840100d9baadd7463f4a73b5ba73b00c6ca,0.000061,ETH,0.17
2026-02-17,20:25:23,2026-02-17T20:25:23.000Z,Stake 11,0x787b8840100d9baadd7463f4a73b5ba73b00c6ca,0.019051,ETH,53.34
2026-02-17,20:25:23,2026-02-17T20:25:23.000Z,Stake 11,0x787b8840100d9baadd7463f4a73b5ba73b00c6ca,0.000061,ETH,0.17
2026-02-17,20:25:23,2026-02-17T20:25:23.000Z,Stake 11,0x787b8840100d9baadd7463f4a73b5ba73b00c6ca,0.000061,ETH,0.17
2026-02-17,20:25:23,2026-02-17T20:25:23.000Z,Stake 11,0x787b8840100d9baadd7463f4a73b5ba73b00c6ca,0.000061,ETH,0.17
2026-02-17,20:25:23,2026-02-17T20:25:23.000Z,Stake 11,0x787b8840100d9baadd7463f4a73b5ba73b00c6ca,0.000061,ETH,0.17
2026-02-17,20:25:23,2026-02-17T20:25:23.000Z,Stake 11,0x787b8840100d9baadd7463f4a73b5ba73b00c6ca,0.000061,ETH,0.17
2026-02-17,20:25:23,2026-02-17T20:25:23.000Z,Stake 11,0x787b8840100d9baadd7463f4a73b5ba73b00c6ca,0.000062,ETH,0.17
2026-02-17,20:25:23,2026-02-17T20:25:23.000Z,Stake 11,0x787b8840100d9baadd7463f4a73b5ba73b00c6ca,0.000061,ETH,0.17
2026-02-17,20:25:23,2026-02-17T20:25:23.000Z,Stake 11,0x787b8840100d9baadd7463f4a73b5ba73b00c6ca,0.251607,ETH,704.50
2026-02-17,20:25:47,2026-02-17T20:25:47.000Z,Stake 11,0x787b8840100d9baadd7463f4a73b5ba73b00c6ca,0.015596,ETH,43.67
2026-02-17,20:25:47,2026-02-17T20:25:47.000Z,Stake 11,0x787b8840100d9baadd7463f4a73b5ba73b00c6ca,0.020114,ETH,56.32
2026-02-17,20:25:59,2026-02-17T20:25:59.000Z,Rollbit,0xcbd6832ebc203e49e2b771897067fce3c58575ac,0.031418,ETH,87.97
2026-02-17,20:26:59,2026-02-17T20:26:59.000Z,Rollbit,0xcbd6832ebc203e49e2b771897067fce3c58575ac,0.000587,ETH,1.64
2026-02-17,20:27:11,2026-02-17T20:27:11.000Z,Rollbit,0xcbd6832ebc203e49e2b771897067fce3c58575ac,0.151577,ETH,424.42
2026-02-17,20:27:35,2026-02-17T20:27:35.000Z,Stake 11,0x787b8840100d9baadd7463f4a73b5ba73b00c6ca,0.004526,ETH,12.67
2026-02-17,20:27:35,2026-02-17T20:27:35.000Z,Stake 11,0x787b8840100d9baadd7463f4a73b5ba73b00c6ca,4.782193,ETH,13390.14
2026-02-17,20:28:11,2026-02-17T20:28:11.000Z,Duelbits,0x014435b1e39945cf4f5f0c3cbb5833195a95cc9b,0.000000,ETH,0.00
2026-02-17,20:28:35,2026-02-17T20:28:35.000Z,Rollbit,0xcbd6832ebc203e49e2b771897067fce3c58575ac,0.009689,ETH,27.13
2026-02-17,20:28:47,2026-02-17T20:28:47.000Z,Rollbit,0xcbd6832ebc203e49e2b771897067fce3c58575ac,0.021998,ETH,61.59
2026-02-17,20:29:35,2026-02-17T20:29:35.000Z,Rollbit,0xcbd6832ebc203e49e2b771897067fce3c58575ac,0.029740,ETH,83.27
2026-02-17,20:30:11,2026-02-17T20:30:11.000Z,Rollbit,0xcbd6832ebc203e49e2b771897067fce3c58575ac,0.275036,ETH,770.10
2026-02-17,20:30:11,2026-02-17T20:30:11.000Z,Rollbit,0xcbd6832ebc203e49e2b771897067fce3c58575ac,0.119679,ETH,335.10
2026-02-17,20:30:35,2026-02-17T20:30:35.000Z,Rollbit,0xcbd6832ebc203e49e2b771897067fce3c58575ac,0.000567,ETH,1.59
2026-02-17,20:30:59,2026-02-17T20:30:59.000Z,Rollbit,0xcbd6832ebc203e49e2b771897067fce3c58575ac,0.073069,ETH,204.59
2026-02-17,20:32:47,2026-02-17T20:32:47.000Z,Rollbit,0xcbd6832ebc203e49e2b771897067fce3c58575ac,0.001253,ETH,3.51
2026-02-17,20:33:11,2026-02-17T20:33:11.000Z,Rollbit,0xcbd6832ebc203e49e2b771897067fce3c58575ac,0.004998,ETH,13.99
2026-02-17,20:33:47,2026-02-17T20:33:47.000Z,Rollbit,0xcbd6832ebc203e49e2b771897067fce3c58575ac,0.000550,ETH,1.54
2026-02-17,20:34:23,2026-02-17T20:34:23.000Z,Rollbit,0xcbd6832ebc203e49e2b771897067fce3c58575ac,0.064238,ETH,179.87
2026-02-17,20:35:23,2026-02-17T20:35:23.000Z,Rollbit,0xcbd6832ebc203e49e2b771897067fce3c58575ac,0.000746,ETH,2.09
2026-02-17,20:36:23,2026-02-17T20:36:23.000Z,Roobet,0xc94ebb328ac25b95db0e0aa968371885fa516215,21.098297,ETH,59075.23
2026-02-17,20:37:23,2026-02-17T20:37:23.000Z,Rollbit,0xcbd6832ebc203e49e2b771897067fce3c58575ac,0.000530,ETH,1.48
2026-02-17,20:37:35,2026-02-17T20:37:35.000Z,Rollbit,0xcbd6832ebc203e49e2b771897067fce3c58575ac,0.009079,ETH,25.42
2026-02-17,20:39:47,2026-02-17T20:39:47.000Z,Rollbit,0xcbd6832ebc203e49e2b771897067fce3c58575ac,0.000514,ETH,1.44
2026-02-17,20:39:47,2026-02-17T20:39:47.000Z,Rollbit,0xcbd6832ebc203e49e2b771897067fce3c58575ac,0.012931,ETH,36.21
2026-02-17,20:41:11,2026-02-17T20:41:11.000Z,Rollbit,0xcbd6832ebc203e49e2b771897067fce3c58575ac,0.056009,ETH,156.82
2026-02-17,20:41:11,2026-02-17T20:41:11.000Z,Rollbit,0xcbd6832ebc203e49e2b771897067fce3c58575ac,0.386207,ETH,1081.38
2026-02-17,20:41:11,2026-02-17T20:41:11.000Z,Rollbit,0xcbd6832ebc203e49e2b771897067fce3c58575ac,0.112586,ETH,315.24
2026-02-17,20:42:35,2026-02-17T20:42:35.000Z,Roobet,0xc94ebb328ac25b95db0e0aa968371885fa516215,0.000001,ETH,0.00
2026-02-17,20:43:11,2026-02-17T20:43:11.000Z,Stake 11,0x787b8840100d9baadd7463f4a73b5ba73b00c6ca,0.049592,ETH,138.86
2026-02-17,20:43:11,2026-02-17T20:43:11.000Z,Stake 11,0x787b8840100d9baadd7463f4a73b5ba73b00c6ca,0.007609,ETH,21.30
2026-02-17,20:43:11,2026-02-17T20:43:11.000Z,Stake 11,0x787b8840100d9baadd7463f4a73b5ba73b00c6ca,0.024413,ETH,68.36
2026-02-17,20:43:11,2026-02-17T20:43:11.000Z,Stake 11,0x787b8840100d9baadd7463f4a73b5ba73b00c6ca,0.000070,ETH,0.20
2026-02-17,20:43:11,2026-02-17T20:43:11.000Z,Stake 11,0x787b8840100d9baadd7463f4a73b5ba73b00c6ca,0.050323,ETH,140.91
2026-02-17,20:43:11,2026-02-17T20:43:11.000Z,Stake 11,0x787b8840100d9baadd7463f4a73b5ba73b00c6ca,0.537758,ETH,1505.72
2026-02-17,20:43:11,2026-02-17T20:43:11.000Z,Stake 11,0x787b8840100d9baadd7463f4a73b5ba73b00c6ca,0.096089,ETH,269.05
2026-02-17,20:43:11,2026-02-17T20:43:11.000Z,Stake 11,0x787b8840100d9baadd7463f4a73b5ba73b00c6ca,0.000070,ETH,0.20
2026-02-17,20:43:11,2026-02-17T20:43:11.000Z,Roobet,0xc94ebb328ac25b95db0e0aa968371885fa516215,0.000001,ETH,0.00
2026-02-17,20:43:47,2026-02-17T20:43:47.000Z,Stake 11,0x787b8840100d9baadd7463f4a73b5ba73b00c6ca,0.004746,ETH,13.29
2026-02-17,20:43:47,2026-02-17T20:43:47.000Z,Stake 11,0x787b8840100d9baadd7463f4a73b5ba73b00c6ca,0.175079,ETH,490.22
2026-02-17,20:43:47,2026-02-17T20:43:47.000Z,Stake 11,0x787b8840100d9baadd7463f4a73b5ba73b00c6ca,0.000075,ETH,0.21
2026-02-17,20:43:47,2026-02-17T20:43:47.000Z,Stake 11,0x787b8840100d9baadd7463f4a73b5ba73b00c6ca,0.010064,ETH,28.18
2026-02-17,20:43:47,2026-02-17T20:43:47.000Z,Stake 11,0x787b8840100d9baadd7463f4a73b5ba73b00c6ca,0.308616,ETH,864.13
2026-02-17,20:43:47,2026-02-17T20:43:47.000Z,Stake 11,0x787b8840100d9baadd7463f4a73b5ba73b00c6ca,0.070623,ETH,197.75
2026-02-17,20:43:47,2026-02-17T20:43:47.000Z,Stake 11,0x787b8840100d9baadd7463f4a73b5ba73b00c6ca,0.000075,ETH,0.21
2026-02-17,20:44:35,2026-02-17T20:44:35.000Z,Stake 11,0x787b8840100d9baadd7463f4a73b5ba73b00c6ca,0.058613,ETH,164.12
2026-02-17,20:44:35,2026-02-17T20:44:35.000Z,Stake 11,0x787b8840100d9baadd7463f4a73b5ba73b00c6ca,0.000064,ETH,0.18
2026-02-17,20:44:35,2026-02-17T20:44:35.000Z,Stake 11,0x787b8840100d9baadd7463f4a73b5ba73b00c6ca,0.000064,ETH,0.18
2026-02-17,20:44:35,2026-02-17T20:44:35.000Z,Stake 11,0x787b8840100d9baadd7463f4a73b5ba73b00c6ca,0.022711,ETH,63.59
2026-02-17,20:44:35,2026-02-17T20:44:35.000Z,Stake 11,0x787b8840100d9baadd7463f4a73b5ba73b00c6ca,0.000064,ETH,0.18
2026-02-17,20:44:35,2026-02-17T20:44:35.000Z,Stake 11,0x787b8840100d9baadd7463f4a73b5ba73b00c6ca,0.192013,ETH,537.64
2026-02-17,20:44:35,2026-02-17T20:44:35.000Z,Stake 11,0x787b8840100d9baadd7463f4a73b5ba73b00c6ca,0.001267,ETH,3.55
2026-02-17,20:44:35,2026-02-17T20:44:35.000Z,Stake 11,0x787b8840100d9baadd7463f4a73b5ba73b00c6ca,0.028810,ETH,80.67
2026-02-17,20:44:35,2026-02-17T20:44:35.000Z,Stake 11,0x787b8840100d9baadd7463f4a73b5ba73b00c6ca,0.101186,ETH,283.32
2026-02-17,20:45:11,2026-02-17T20:45:11.000Z,Rollbit,0xcbd6832ebc203e49e2b771897067fce3c58575ac,0.000489,ETH,1.37
2026-02-17,20:45:47,2026-02-17T20:45:47.000Z,Rollbit,0xcbd6832ebc203e49e2b771897067fce3c58575ac,0.065411,ETH,183.15
2026-02-17,20:46:35,2026-02-17T20:46:35.000Z,Stake 11,0x787b8840100d9baadd7463f4a73b5ba73b00c6ca,0.014177,ETH,39.70
2026-02-17,20:46:35,2026-02-17T20:46:35.000Z,Stake 11,0x787b8840100d9baadd7463f4a73b5ba73b00c6ca,0.000065,ETH,0.18
2026-02-17,20:46:35,2026-02-17T20:46:35.000Z,Stake 11,0x787b8840100d9baadd7463f4a73b5ba73b00c6ca,0.000065,ETH,0.18
2026-02-17,20:46:35,2026-02-17T20:46:35.000Z,Stake 11,0x787b8840100d9baadd7463f4a73b5ba73b00c6ca,0.000065,ETH,0.18
2026-02-17,20:46:35,2026-02-17T20:46:35.000Z,Stake 11,0x787b8840100d9baadd7463f4a73b5ba73b00c6ca,0.030491,ETH,85.38
2026-02-17,20:46:35,2026-02-17T20:46:35.000Z,Stake 11,0x787b8840100d9baadd7463f4a73b5ba73b00c6ca,0.000066,ETH,0.19
2026-02-17,20:46:35,2026-02-17T20:46:35.000Z,Stake 11,0x787b8840100d9baadd7463f4a73b5ba73b00c6ca,0.000065,ETH,0.18
2026-02-17,20:46:35,2026-02-17T20:46:35.000Z,Stake 11,0x787b8840100d9baadd7463f4a73b5ba73b00c6ca,0.013389,ETH,37.49
2026-02-17,20:46:35,2026-02-17T20:46:35.000Z,Stake 11,0x787b8840100d9baadd7463f4a73b5ba73b00c6ca,0.000065,ETH,0.18
2026-02-17,20:46:35,2026-02-17T20:46:35.000Z,Stake 11,0x787b8840100d9baadd7463f4a73b5ba73b00c6ca,0.016789,ETH,47.01
2026-02-17,20:46:35,2026-02-17T20:46:35.000Z,Stake 11,0x787b8840100d9baadd7463f4a73b5ba73b00c6ca,0.151515,ETH,424.24
2026-02-17,20:46:35,2026-02-17T20:46:35.000Z,Stake 11,0x787b8840100d9baadd7463f4a73b5ba73b00c6ca,0.047527,ETH,133.07
2026-02-17,20:46:35,2026-02-17T20:46:35.000Z,Stake 11,0x787b8840100d9baadd7463f4a73b5ba73b00c6ca,0.000065,ETH,0.18
2026-02-17,20:46:35,2026-02-17T20:46:35.000Z,Stake 11,0x787b8840100d9baadd7463f4a73b5ba73b00c6ca,0.000065,ETH,0.18
2026-02-17,20:46:35,2026-02-17T20:46:35.000Z,Stake 11,0x787b8840100d9baadd7463f4a73b5ba73b00c6ca,0.000065,ETH,0.18
2026-02-17,20:46:35,2026-02-17T20:46:35.000Z,Stake 11,0x787b8840100d9baadd7463f4a73b5ba73b00c6ca,0.506695,ETH,1418.74
2026-02-17,20:46:35,2026-02-17T20:46:35.000Z,Stake 11,0x787b8840100d9baadd7463f4a73b5ba73b00c6ca,0.000065,ETH,0.18
2026-02-17,20:46:35,2026-02-17T20:46:35.000Z,Stake 11,0x787b8840100d9baadd7463f4a73b5ba73b00c6ca,0.017265,ETH,48.34
2026-02-17,20:46:35,2026-02-17T20:46:35.000Z,Stake 11,0x787b8840100d9baadd7463f4a73b5ba73b00c6ca,0.506914,ETH,1419.36
2026-02-17,20:46:35,2026-02-17T20:46:35.000Z,Stake 11,0x787b8840100d9baadd7463f4a73b5ba73b00c6ca,0.003820,ETH,10.69
2026-02-17,20:46:35,2026-02-17T20:46:35.000Z,Stake 11,0x787b8840100d9baadd7463f4a73b5ba73b00c6ca,0.021972,ETH,61.52
2026-02-17,20:46:35,2026-02-17T20:46:35.000Z,Stake 11,0x787b8840100d9baadd7463f4a73b5ba73b00c6ca,0.000066,ETH,0.19
2026-02-17,20:46:35,2026-02-17T20:46:35.000Z,Stake 11,0x787b8840100d9baadd7463f4a73b5ba73b00c6ca,0.018837,ETH,52.74
2026-02-17,20:46:35,2026-02-17T20:46:35.000Z,Stake 11,0x787b8840100d9baadd7463f4a73b5ba73b00c6ca,0.060304,ETH,168.85
2026-02-17,20:46:35,2026-02-17T20:46:35.000Z,Stake 11,0x787b8840100d9baadd7463f4a73b5ba73b00c6ca,0.000065,ETH,0.18
2026-02-17,20:46:35,2026-02-17T20:46:35.000Z,Stake 11,0x787b8840100d9baadd7463f4a73b5ba73b00c6ca,0.000066,ETH,0.19
2026-02-17,20:46:35,2026-02-17T20:46:35.000Z,Stake 11,0x787b8840100d9baadd7463f4a73b5ba73b00c6ca,0.000065,ETH,0.18
2026-02-17,20:46:35,2026-02-17T20:46:35.000Z,Stake 11,0x787b8840100d9baadd7463f4a73b5ba73b00c6ca,0.000065,ETH,0.18
2026-02-17,20:46:35,2026-02-17T20:46:35.000Z,Stake 11,0x787b8840100d9baadd7463f4a73b5ba73b00c6ca,0.000067,ETH,0.19
2026-02-17,20:46:35,2026-02-17T20:46:35.000Z,Stake 11,0x787b8840100d9baadd7463f4a73b5ba73b00c6ca,0.000065,ETH,0.18
2026-02-17,20:46:35,2026-02-17T20:46:35.000Z,Stake 11,0x787b8840100d9baadd7463f4a73b5ba73b00c6ca,0.000065,ETH,0.18
2026-02-17,20:46:35,2026-02-17T20:46:35.000Z,Stake 11,0x787b8840100d9baadd7463f4a73b5ba73b00c6ca,0.000067,ETH,0.19
2026-02-17,20:46:35,2026-02-17T20:46:35.000Z,Stake 11,0x787b8840100d9baadd7463f4a73b5ba73b00c6ca,0.000065,ETH,0.18
2026-02-17,20:46:35,2026-02-17T20:46:35.000Z,Stake 11,0x787b8840100d9baadd7463f4a73b5ba73b00c6ca,0.067112,ETH,187.91
2026-02-17,20:46:35,2026-02-17T20:46:35.000Z,Stake 11,0x787b8840100d9baadd7463f4a73b5ba73b00c6ca,0.000065,ETH,0.18
2026-02-17,20:46:35,2026-02-17T20:46:35.000Z,Stake 11,0x787b8840100d9baadd7463f4a73b5ba73b00c6ca,0.000065,ETH,0.18
2026-02-17,20:46:35,2026-02-17T20:46:35.000Z,Stake 11,0x787b8840100d9baadd7463f4a73b5ba73b00c6ca,0.000065,ETH,0.18
2026-02-17,20:46:35,2026-02-17T20:46:35.000Z,Stake 11,0x787b8840100d9baadd7463f4a73b5ba73b00c6ca,0.000066,ETH,0.19
2026-02-17,20:46:35,2026-02-17T20:46:35.000Z,Stake 11,0x787b8840100d9baadd7463f4a73b5ba73b00c6ca,0.000065,ETH,0.18
2026-02-17,20:46:35,2026-02-17T20:46:35.000Z,Stake 11,0x787b8840100d9baadd7463f4a73b5ba73b00c6ca,0.014180,ETH,39.70
2026-02-17,20:46:35,2026-02-17T20:46:35.000Z,Stake 11,0x787b8840100d9baadd7463f4a73b5ba73b00c6ca,0.019260,ETH,53.93
2026-02-17,20:46:35,2026-02-17T20:46:35.000Z,Stake 11,0x787b8840100d9baadd7463f4a73b5ba73b00c6ca,0.443309,ETH,1241.27
2026-02-17,20:46:35,2026-02-17T20:46:35.000Z,Stake 11,0x787b8840100d9baadd7463f4a73b5ba73b00c6ca,0.042174,ETH,118.09
2026-02-17,20:46:35,2026-02-17T20:46:35.000Z,Stake 11,0x787b8840100d9baadd7463f4a73b5ba73b00c6ca,0.112902,ETH,316.12
2026-02-17,20:46:35,2026-02-17T20:46:35.000Z,Stake 11,0x787b8840100d9baadd7463f4a73b5ba73b00c6ca,0.000067,ETH,0.19
2026-02-17,20:46:35,2026-02-17T20:46:35.000Z,Stake 11,0x787b8840100d9baadd7463f4a73b5ba73b00c6ca,0.027638,ETH,77.39
2026-02-17,20:46:35,2026-02-17T20:46:35.000Z,Stake 11,0x787b8840100d9baadd7463f4a73b5ba73b00c6ca,0.043667,ETH,122.27
2026-02-17,20:46:35,2026-02-17T20:46:35.000Z,Stake 11,0x787b8840100d9baadd7463f4a73b5ba73b00c6ca,0.000065,ETH,0.18
2026-02-17,20:46:35,2026-02-17T20:46:35.000Z,Stake 11,0x787b8840100d9baadd7463f4a73b5ba73b00c6ca,0.000065,ETH,0.18
2026-02-17,20:46:35,2026-02-17T20:46:35.000Z,Stake 11,0x787b8840100d9baadd7463f4a73b5ba73b00c6ca,0.000065,ETH,0.18
2026-02-17,20:46:35,2026-02-17T20:46:35.000Z,Stake 11,0x787b8840100d9baadd7463f4a73b5ba73b00c6ca,0.050202,ETH,140.57
2026-02-17,20:46:35,2026-02-17T20:46:35.000Z,Stake 11,0x787b8840100d9baadd7463f4a73b5ba73b00c6ca,0.025232,ETH,70.65
2026-02-17,20:47:23,2026-02-17T20:47:23.000Z,Rollbit,0xcbd6832ebc203e49e2b771897067fce3c58575ac,0.399998,ETH,1119.99
2026-02-17,20:48:23,2026-02-17T20:48:23.000Z,Rollbit,0xcbd6832ebc203e49e2b771897067fce3c58575ac,0.068568,ETH,191.99
2026-02-17,20:49:35,2026-02-17T20:49:35.000Z,Rollbit,0xcbd6832ebc203e49e2b771897067fce3c58575ac,0.599998,ETH,1679.99
2026-02-17,20:52:23,2026-02-17T20:52:23.000Z,Rollbit,0xcbd6832ebc203e49e2b771897067fce3c58575ac,0.015008,ETH,42.02
2026-02-17,20:53:11,2026-02-17T20:53:11.000Z,Rollbit,0xcbd6832ebc203e49e2b771897067fce3c58575ac,0.072968,ETH,204.31
2026-02-17,20:54:47,2026-02-17T20:54:47.000Z,Rollbit,0xcbd6832ebc203e49e2b771897067fce3c58575ac,0.000528,ETH,1.48
2026-02-17,20:55:59,2026-02-17T20:55:59.000Z,Bitcasino,0x5bcbdfb6cc624b959c39a2d16110d1f2d9204f72,0.067989,ETH,190.37
2026-02-17,20:56:23,2026-02-17T20:56:23.000Z,Bitcasino,0x5bcbdfb6cc624b959c39a2d16110d1f2d9204f72,0.020312,ETH,56.87
2026-02-17,20:56:35,2026-02-17T20:56:35.000Z,Rollbit,0xcbd6832ebc203e49e2b771897067fce3c58575ac,0.019798,ETH,55.43
2026-02-17,20:57:35,2026-02-17T20:57:35.000Z,Bitcasino,0x5bcbdfb6cc624b959c39a2d16110d1f2d9204f72,0.100355,ETH,281.00
2026-02-17,20:57:59,2026-02-17T20:57:59.000Z,Rollbit,0xcbd6832ebc203e49e2b771897067fce3c58575ac,0.000496,ETH,1.39
2026-02-17,21:00:23,2026-02-17T21:00:23.000Z,Rollbit,0xcbd6832ebc203e49e2b771897067fce3c58575ac,0.366998,ETH,1027.59
2026-02-17,21:00:47,2026-02-17T21:00:47.000Z,Rollbit,0xcbd6832ebc203e49e2b771897067fce3c58575ac,0.000492,ETH,1.38
2026-02-17,21:01:35,2026-02-17T21:01:35.000Z,Rollbit,0xcbd6832ebc203e49e2b771897067fce3c58575ac,0.009918,ETH,27.77
2026-02-17,21:02:11,2026-02-17T21:02:11.000Z,Rollbit,0xcbd6832ebc203e49e2b771897067fce3c58575ac,0.021798,ETH,61.03
2026-02-17,21:02:35,2026-02-17T21:02:35.000Z,Rollbit,0xcbd6832ebc203e49e2b771897067fce3c58575ac,0.050142,ETH,140.40
2026-02-17,21:03:59,2026-02-17T21:03:59.000Z,Rollbit,0xcbd6832ebc203e49e2b771897067fce3c58575ac,0.058565,ETH,163.98
2026-02-17,21:05:47,2026-02-17T21:05:47.000Z,Rollbit,0xcbd6832ebc203e49e2b771897067fce3c58575ac,0.049998,ETH,139.99
2026-02-17,21:06:35,2026-02-17T21:06:35.000Z,Rollbit,0xcbd6832ebc203e49e2b771897067fce3c58575ac,0.097378,ETH,272.66
2026-02-17,21:06:35,2026-02-17T21:06:35.000Z,Rollbit,0xcbd6832ebc203e49e2b771897067fce3c58575ac,0.058691,ETH,164.33
2026-02-17,21:06:47,2026-02-17T21:06:47.000Z,Rollbit,0xcbd6832ebc203e49e2b771897067fce3c58575ac,0.068738,ETH,192.47
2026-02-17,21:07:11,2026-02-17T21:07:11.000Z,Rollbit,0xcbd6832ebc203e49e2b771897067fce3c58575ac,0.487099,ETH,1363.88
2026-02-17,21:07:47,2026-02-17T21:07:47.000Z,Rollbit,0xcbd6832ebc203e49e2b771897067fce3c58575ac,0.236692,ETH,662.74
2026-02-17,21:08:11,2026-02-17T21:08:11.000Z,Rollbit,0xcbd6832ebc203e49e2b771897067fce3c58575ac,0.072988,ETH,204.37
2026-02-17,21:08:47,2026-02-17T21:08:47.000Z,Rollbit,0xcbd6832ebc203e49e2b771897067fce3c58575ac,0.081536,ETH,228.30
2026-02-17,21:09:11,2026-02-17T21:09:11.000Z,Rollbit,0xcbd6832ebc203e49e2b771897067fce3c58575ac,0.022201,ETH,62.16
2026-02-17,21:09:35,2026-02-17T21:09:35.000Z,Rollbit,0xcbd6832ebc203e49e2b771897067fce3c58575ac,0.373988,ETH,1047.17
2026-02-17,21:10:23,2026-02-17T21:10:23.000Z,Rollbit,0xcbd6832ebc203e49e2b771897067fce3c58575ac,0.076192,ETH,213.34
2026-02-17,21:10:59,2026-02-17T21:10:59.000Z,Rollbit,0xcbd6832ebc203e49e2b771897067fce3c58575ac,0.000276,ETH,0.77
2026-02-17,21:11:11,2026-02-17T21:11:11.000Z,Rollbit,0xcbd6832ebc203e49e2b771897067fce3c58575ac,0.170093,ETH,476.26
2026-02-17,21:11:23,2026-02-17T21:11:23.000Z,Rollbit,0xcbd6832ebc203e49e2b771897067fce3c58575ac,0.037245,ETH,104.29
2026-02-17,21:12:35,2026-02-17T21:12:35.000Z,Rollbit,0xcbd6832ebc203e49e2b771897067fce3c58575ac,0.001001,ETH,2.80
2026-02-17,21:13:23,2026-02-17T21:13:23.000Z,Rollbit,0xcbd6832ebc203e49e2b771897067fce3c58575ac,0.000496,ETH,1.39
2026-02-17,21:14:11,2026-02-17T21:14:11.000Z,Rollbit,0xcbd6832ebc203e49e2b771897067fce3c58575ac,0.000441,ETH,1.23
2026-02-17,21:16:23,2026-02-17T21:16:23.000Z,Rollbit,0xcbd6832ebc203e49e2b771897067fce3c58575ac,0.009998,ETH,28.00
2026-02-17,21:16:23,2026-02-17T21:16:23.000Z,Rollbit,0xcbd6832ebc203e49e2b771897067fce3c58575ac,0.008918,ETH,24.97
2026-02-17,21:16:23,2026-02-17T21:16:23.000Z,Duelbits,0x014435b1e39945cf4f5f0c3cbb5833195a95cc9b,0.000000,ETH,0.00
2026-02-17,21:16:35,2026-02-17T21:16:35.000Z,Rollbit,0xcbd6832ebc203e49e2b771897067fce3c58575ac,0.000457,ETH,1.28
2026-02-17,21:17:11,2026-02-17T21:17:11.000Z,Rollbit,0xcbd6832ebc203e49e2b771897067fce3c58575ac,0.012268,ETH,34.35
2026-02-17,21:19:35,2026-02-17T21:19:35.000Z,Rollbit,0xcbd6832ebc203e49e2b771897067fce3c58575ac,0.130677,ETH,365.89
2026-02-17,21:20:11,2026-02-17T21:20:11.000Z,Rollbit,0xcbd6832ebc203e49e2b771897067fce3c58575ac,0.029692,ETH,83.14
2026-02-17,21:20:11,2026-02-17T21:20:11.000Z,Rollbit,0xcbd6832ebc203e49e2b771897067fce3c58575ac,0.049015,ETH,137.24
2026-02-17,21:20:59,2026-02-17T21:20:59.000Z,Rollbit,0xcbd6832ebc203e49e2b771897067fce3c58575ac,0.117950,ETH,330.26
2026-02-17,21:22:59,2026-02-17T21:22:59.000Z,Rollbit,0xcbd6832ebc203e49e2b771897067fce3c58575ac,0.294353,ETH,824.19
2026-02-17,21:24:23,2026-02-17T21:24:23.000Z,Rollbit,0xcbd6832ebc203e49e2b771897067fce3c58575ac,0.032278,ETH,90.38
2026-02-17,21:24:59,2026-02-17T21:24:59.000Z,Rollbit,0xcbd6832ebc203e49e2b771897067fce3c58575ac,0.025245,ETH,70.69
2026-02-17,21:25:59,2026-02-17T21:25:59.000Z,Rollbit,0xcbd6832ebc203e49e2b771897067fce3c58575ac,0.000421,ETH,1.18
2026-02-17,21:26:23,2026-02-17T21:26:23.000Z,Rollbit,0xcbd6832ebc203e49e2b771897067fce3c58575ac,0.090687,ETH,253.92
2026-02-17,21:27:35,2026-02-17T21:27:35.000Z,Rollbit,0xcbd6832ebc203e49e2b771897067fce3c58575ac,0.027575,ETH,77.21
2026-02-17,21:27:59,2026-02-17T21:27:59.000Z,Rollbit,0xcbd6832ebc203e49e2b771897067fce3c58575ac,0.000417,ETH,1.17
2026-02-17,21:27:59,2026-02-17T21:27:59.000Z,Bitcasino,0x5bcbdfb6cc624b959c39a2d16110d1f2d9204f72,0.050115,ETH,140.32
2026-02-17,21:28:47,2026-02-17T21:28:47.000Z,Bitcasino,0x5bcbdfb6cc624b959c39a2d16110d1f2d9204f72,0.023083,ETH,64.63
2026-02-17,21:29:23,2026-02-17T21:29:23.000Z,Bitcasino,0x5bcbdfb6cc624b959c39a2d16110d1f2d9204f72,0.033272,ETH,93.16
2026-02-17,21:31:11,2026-02-17T21:31:11.000Z,Rollbit,0xcbd6832ebc203e49e2b771897067fce3c58575ac,0.049699,ETH,139.16
2026-02-17,21:34:23,2026-02-17T21:34:23.000Z,Rollbit,0xcbd6832ebc203e49e2b771897067fce3c58575ac,0.003008,ETH,8.42
2026-02-17,21:34:59,2026-02-17T21:34:59.000Z,Rollbit,0xcbd6832ebc203e49e2b771897067fce3c58575ac,0.000396,ETH,1.11
2026-02-17,21:34:59,2026-02-17T21:34:59.000Z,Rollbit,0xcbd6832ebc203e49e2b771897067fce3c58575ac,0.010409,ETH,29.14
2026-02-17,21:35:23,2026-02-17T21:35:23.000Z,Rollbit,0xcbd6832ebc203e49e2b771897067fce3c58575ac,0.031301,ETH,87.64
2026-02-17,21:35:23,2026-02-17T21:35:23.000Z,Rollbit,0xcbd6832ebc203e49e2b771897067fce3c58575ac,0.010019,ETH,28.05
2026-02-17,21:35:35,2026-02-17T21:35:35.000Z,Rollbit,0xcbd6832ebc203e49e2b771897067fce3c58575ac,0.009919,ETH,27.77
2026-02-17,21:37:47,2026-02-17T21:37:47.000Z,Rollbit,0xcbd6832ebc203e49e2b771897067fce3c58575ac,0.415045,ETH,1162.12
2026-02-17,21:37:59,2026-02-17T21:37:59.000Z,Rollbit,0xcbd6832ebc203e49e2b771897067fce3c58575ac,0.295212,ETH,826.59
2026-02-17,21:38:35,2026-02-17T21:38:35.000Z,Rollbit,0xcbd6832ebc203e49e2b771897067fce3c58575ac,0.106699,ETH,298.76
2026-02-17,21:38:35,2026-02-17T21:38:35.000Z,Rollbit,0xcbd6832ebc203e49e2b771897067fce3c58575ac,0.050149,ETH,140.42
2026-02-17,21:39:23,2026-02-17T21:39:23.000Z,Rollbit,0xcbd6832ebc203e49e2b771897067fce3c58575ac,0.000380,ETH,1.06
2026-02-17,21:41:47,2026-02-17T21:41:47.000Z,Rollbit,0xcbd6832ebc203e49e2b771897067fce3c58575ac,0.269942,ETH,755.84
2026-02-17,21:42:11,2026-02-17T21:42:11.000Z,Rollbit,0xcbd6832ebc203e49e2b771897067fce3c58575ac,0.103007,ETH,288.42
2026-02-17,21:42:35,2026-02-17T21:42:35.000Z,Rollbit,0xcbd6832ebc203e49e2b771897067fce3c58575ac,0.016822,ETH,47.10
2026-02-17,21:43:59,2026-02-17T21:43:59.000Z,Rollbit,0xcbd6832ebc203e49e2b771897067fce3c58575ac,0.090572,ETH,253.60
2026-02-17,21:44:47,2026-02-17T21:44:47.000Z,Rollbit,0xcbd6832ebc203e49e2b771897067fce3c58575ac,0.000356,ETH,1.00
2026-02-17,21:45:11,2026-02-17T21:45:11.000Z,Rollbit,0xcbd6832ebc203e49e2b771897067fce3c58575ac,0.090313,ETH,252.88
2026-02-17,21:53:35,2026-02-17T21:53:35.000Z,Duelbits,0x014435b1e39945cf4f5f0c3cbb5833195a95cc9b,0.000000,ETH,0.00
2026-02-17,21:54:59,2026-02-17T21:54:59.000Z,Duelbits,0x014435b1e39945cf4f5f0c3cbb5833195a95cc9b,0.000000,ETH,0.00
2026-02-17,21:59:47,2026-02-17T21:59:47.000Z,Bitcasino,0x5bcbdfb6cc624b959c39a2d16110d1f2d9204f72,0.100271,ETH,280.76
2026-02-17,22:00:47,2026-02-17T22:00:47.000Z,Bitcasino,0x5bcbdfb6cc624b959c39a2d16110d1f2d9204f72,0.022589,ETH,63.25
2026-02-17,22:01:23,2026-02-17T22:01:23.000Z,Duelbits,0x014435b1e39945cf4f5f0c3cbb5833195a95cc9b,0.000000,ETH,0.00
2026-02-17,22:12:35,2026-02-17T22:12:35.000Z,Bitcasino,0x5bcbdfb6cc624b959c39a2d16110d1f2d9204f72,0.000000,ETH,0.00
2026-02-17,22:12:47,2026-02-17T22:12:47.000Z,Duelbits,0x014435b1e39945cf4f5f0c3cbb5833195a95cc9b,0.000000,ETH,0.00
2026-02-17,22:17:35,2026-02-17T22:17:35.000Z,Duelbits,0x014435b1e39945cf4f5f0c3cbb5833195a95cc9b,0.000000,ETH,0.00
2026-02-17,22:31:11,2026-02-17T22:31:11.000Z,Bitcasino,0x5bcbdfb6cc624b959c39a2d16110d1f2d9204f72,0.025004,ETH,70.01
2026-02-17,22:35:11,2026-02-17T22:35:11.000Z,Duelbits,0x014435b1e39945cf4f5f0c3cbb5833195a95cc9b,0.000000,ETH,0.00
2026-02-17,22:56:47,2026-02-17T22:56:47.000Z,Duelbits,0x014435b1e39945cf4f5f0c3cbb5833195a95cc9b,0.000000,ETH,0.00
2026-02-17,23:00:59,2026-02-17T23:00:59.000Z,Duelbits,0x014435b1e39945cf4f5f0c3cbb5833195a95cc9b,0.000000,ETH,0.00
2026-02-17,23:14:59,2026-02-17T23:14:59.000Z,Duelbits,0x014435b1e39945cf4f5f0c3cbb5833195a95cc9b,0.000000,ETH,0.00
2026-02-17,23:37:23,2026-02-17T23:37:23.000Z,Bitcasino,0x5bcbdfb6cc624b959c39a2d16110d1f2d9204f72,0.122699,ETH,343.56
2026-02-18,00:08:47,2026-02-18T00:08:47.000Z,Bitcasino,0x5bcbdfb6cc624b959c39a2d16110d1f2d9204f72,0.069473,ETH,194.53
2026-02-18,00:34:23,2026-02-18T00:34:23.000Z,Bitcasino,0x5bcbdfb6cc624b959c39a2d16110d1f2d9204f72,0.278478,ETH,779.74
2026-02-18,00:35:47,2026-02-18T00:35:47.000Z,Bitcasino,0x5bcbdfb6cc624b959c39a2d16110d1f2d9204f72,0.130729,ETH,366.04
2026-02-18,00:43:23,2026-02-18T00:43:23.000Z,Duelbits,0x014435b1e39945cf4f5f0c3cbb5833195a95cc9b,0.000000,ETH,0.00
2026-02-18,00:46:59,2026-02-18T00:46:59.000Z,Bitcasino,0x5bcbdfb6cc624b959c39a2d16110d1f2d9204f72,0.039994,ETH,111.98
2026-02-18,00:48:11,2026-02-18T00:48:11.000Z,Bitcasino,0x5bcbdfb6cc624b959c39a2d16110d1f2d9204f72,0.039997,ETH,111.99
2026-02-18,00:48:35,2026-02-18T00:48:35.000Z,Bitcasino,0x5bcbdfb6cc624b959c39a2d16110d1f2d9204f72,0.039976,ETH,111.93
2026-02-18,00:49:35,2026-02-18T00:49:35.000Z,Bitcasino,0x5bcbdfb6cc624b959c39a2d16110d1f2d9204f72,0.017800,ETH,49.84
2026-02-18,02:06:35,2026-02-18T02:06:35.000Z,Duelbits,0x014435b1e39945cf4f5f0c3cbb5833195a95cc9b,0.000000,ETH,0.00
2026-02-18,02:54:47,2026-02-18T02:54:47.000Z,Duelbits,0x014435b1e39945cf4f5f0c3cbb5833195a95cc9b,0.000000,ETH,0.00
2026-02-18,03:58:47,2026-02-18T03:58:47.000Z,Duelbits,0x014435b1e39945cf4f5f0c3cbb5833195a95cc9b,0.000000,ETH,0.00
2026-02-18,04:19:35,2026-02-18T04:19:35.000Z,Duelbits,0x014435b1e39945cf4f5f0c3cbb5833195a95cc9b,0.000000,ETH,0.00
2026-02-18,04:19:35,2026-02-18T04:19:35.000Z,Duelbits,0x014435b1e39945cf4f5f0c3cbb5833195a95cc9b,0.000000,ETH,0.00
2026-02-18,04:24:47,2026-02-18T04:24:47.000Z,Duelbits,0x014435b1e39945cf4f5f0c3cbb5833195a95cc9b,0.000000,ETH,0.00
2026-02-18,05:09:23,2026-02-18T05:09:23.000Z,Duelbits,0x014435b1e39945cf4f5f0c3cbb5833195a95cc9b,0.000000,ETH,0.00
2026-02-18,05:36:47,2026-02-18T05:36:47.000Z,Duelbits,0x014435b1e39945cf4f5f0c3cbb5833195a95cc9b,0.000000,ETH,0.00
2026-02-18,05:44:59,2026-02-18T05:44:59.000Z,Duelbits,0x014435b1e39945cf4f5f0c3cbb5833195a95cc9b,0.000000,ETH,0.00
2026-02-18,05:46:59,2026-02-18T05:46:59.000Z,Duelbits,0x014435b1e39945cf4f5f0c3cbb5833195a95cc9b,0.000000,ETH,0.00
2026-02-18,05:50:59,2026-02-18T05:50:59.000Z,Duelbits,0x014435b1e39945cf4f5f0c3cbb5833195a95cc9b,0.000000,ETH,0.00